experiment_key,location_index,x,y,actual,predicted,error
2024-07-02_01,0,-19000,-95000,0.5259,0.5078449816536865,-0.01805501834631351
2024-07-02_01,1,0,-95000,0.5408,0.5150547346115113,-0.025745265388488647
2024-07-02_01,2,19000,-95000,0.524,0.49901322525659175,-0.02498677474340827
2024-07-02_01,3,-57000,-76000,0.542,0.5291882722854614,-0.012811727714538645
2024-07-02_01,4,-38000,-76000,0.4795,0.4682246520839233,-0.011275347916076706
2024-07-02_01,5,-19000,-76000,0.4536,0.43472531936468495,-0.018874680635315055
2024-07-02_01,6,0,-76000,0.4458,0.41644135553002926,-0.02935864446997072
2024-07-02_01,7,19000,-76000,0.4553,0.43728450546707154,-0.018015494532928444
2024-07-02_01,8,38000,-76000,0.482,0.4655756628403931,-0.016424337159606894
2024-07-02_01,9,57000,-76000,0.538,0.5134913650512696,-0.024508634948730457
2024-07-02_01,10,-76000,-57000,0.5325,0.5167784660339355,-0.01572153396606446
2024-07-02_01,11,-57000,-57000,0.4568,0.44488295495327757,-0.011917045046722419
2024-07-02_01,12,-38000,-57000,0.4136,0.4276320418154298,0.014032041815429774
2024-07-02_01,13,-19000,-57000,0.3865,0.3894438583219604,0.0029438583219603687
2024-07-02_01,14,0,-57000,0.3786,0.3805121956586608,0.001912195658660798
2024-07-02_01,15,19000,-57000,0.389,0.391597051644043,0.0025970516440430025
2024-07-02_01,16,38000,-57000,0.417,0.39799331233035273,-0.01900668766964725
2024-07-02_01,17,57000,-57000,0.4604,0.45273755127758797,-0.0076624487224120075
2024-07-02_01,18,76000,-57000,0.531,0.5007822838783265,-0.030217716121673566
2024-07-02_01,19,-76000,-38000,0.4665,0.45513886084063726,-0.011361139159362765
2024-07-02_01,20,-57000,-38000,0.4064,0.4053971112506104,-0.0010028887493895855
2024-07-02_01,21,-38000,-38000,0.3627,0.36655305828576656,0.003853058285766542
2024-07-02_01,22,-19000,-38000,0.3353,0.34074150878933707,0.0054415087893370795
2024-07-02_01,23,0,-38000,0.3258,0.32905204247888187,0.003252042478881889
2024-07-02_01,24,19000,-38000,0.3383,0.34166524959051503,0.0033652495905150404
2024-07-02_01,25,38000,-38000,0.3659,0.36972961101531987,0.003829611015319867
2024-07-02_01,26,57000,-38000,0.4105,0.4208197614833984,0.010319761483398415
2024-07-02_01,27,76000,-38000,0.4721,0.4555535450830688,-0.01654645491693124
2024-07-02_01,28,-95000,-19000,0.5015,0.48910459403973394,-0.012395405960266004
2024-07-02_01,29,-76000,-19000,0.4328,0.427258022700592,-0.00554197729940803
2024-07-02_01,30,-57000,-19000,0.3717,0.37558945107632447,0.0038894510763244905
2024-07-02_01,31,-38000,-19000,0.3266,0.33113721558325193,0.00453721558325193
2024-07-02_01,32,-19000,-19000,0.2973,0.3021266376692504,0.0048266376692504
2024-07-02_01,33,0,-19000,0.2863,0.2912931536391907,0.004993153639190728
2024-07-02_01,34,19000,-19000,0.2997,0.30499234530828856,0.0052923453082885374
2024-07-02_01,35,38000,-19000,0.3319,0.3349726346319579,0.003072634631957949
2024-07-02_01,36,57000,-19000,0.378,0.38162789071783454,0.0036278907178345365
2024-07-02_01,37,76000,-19000,0.4402,0.432212689420044,-0.007987310579955997
2024-07-02_01,38,95000,-19000,0.5003,0.4876935489678651,-0.012606451032134869
2024-07-02_01,39,-95000,0,0.5033,0.49205023794174196,-0.011249762058258006
2024-07-02_01,40,-76000,0,0.4147,0.42070118961221314,0.006001189612213131
2024-07-02_01,41,-57000,0,0.3553,0.3601511148146973,0.004851114814697299
2024-07-02_01,42,-38000,0,0.3093,0.31384138550878915,0.004541385508789131
2024-07-02_01,43,-19000,0,0.2778,0.28309387410241693,0.00529387410241694
2024-07-02_01,44,19000,0,0.2811,0.28628198604064936,0.0051819860406493445
2024-07-02_01,45,38000,0,0.3148,0.3193017412059631,0.0045017412059630835
2024-07-02_01,46,57000,0,0.3623,0.36617593678298954,0.003875936782989531
2024-07-02_01,47,76000,0,0.4243,0.40226517435775766,-0.02203482564224235
2024-07-02_01,48,95000,0,0.5044,0.4779649241447448,-0.026435075855255175
2024-07-02_01,49,-95000,19000,0.4836,0.45421538563821406,-0.02938461436178591
2024-07-02_01,50,-76000,19000,0.414,0.41896477079620364,0.004964770796203666
2024-07-02_01,51,-57000,19000,0.3546,0.3598654601719665,0.005265460171966496
2024-07-02_01,52,-38000,19000,0.3096,0.31404626318890383,0.004446263188903843
2024-07-02_01,53,-19000,19000,0.2796,0.2860399448841553,0.00643994488415528
2024-07-02_01,54,0,19000,0.2696,0.2767936785021363,0.007193678502136314
2024-07-02_01,55,19000,19000,0.283,0.28904133922967534,0.006041339229675369
2024-07-02_01,56,38000,19000,0.3145,0.3195518514757385,0.0050518514757385
2024-07-02_01,57,57000,19000,0.3621,0.36673046003765863,0.004630460037658657
2024-07-02_01,58,76000,19000,0.425,0.40105773023672486,-0.023942269763275126
2024-07-02_01,59,95000,19000,0.4866,0.46314419939804075,-0.02345580060195923
2024-07-02_01,60,-76000,38000,0.4336,0.4188106688268127,-0.014789331173187259
2024-07-02_01,61,-57000,38000,0.3703,0.376372643559967,0.006072643559967006
2024-07-02_01,62,-38000,38000,0.328,0.3330101829174805,0.00501018291748051
2024-07-02_01,63,-19000,38000,0.301,0.3079648777303161,0.006964877730316121
2024-07-02_01,64,0,38000,0.2912,0.2973229866656495,0.006122986665649477
2024-07-02_01,65,19000,38000,0.303,0.30967621555944813,0.00667621555944814
2024-07-02_01,66,38000,38000,0.3332,0.3387421007013549,0.005542100701354913
2024-07-02_01,67,57000,38000,0.3775,0.3827263143876647,0.005226314387664688
2024-07-02_01,68,76000,38000,0.4435,0.43312811001617435,-0.010371889983825655
2024-07-02_01,69,-76000,57000,0.4754,0.46691481294631954,-0.008485187053680454
2024-07-02_01,70,-57000,57000,0.4047,0.42220576386758424,0.017505763867584234
2024-07-02_01,71,-38000,57000,0.3606,0.36683658803338626,0.006236588033386281
2024-07-02_01,72,-19000,57000,0.3356,0.34166428672213744,0.006064286722137435
2024-07-02_01,73,0,57000,0.3268,0.33250152393682864,0.005701523936828656
2024-07-02_01,74,19000,57000,0.3378,0.34333556030129997,0.00553556030129998
2024-07-02_01,75,38000,57000,0.3641,0.3709300718954467,0.00683007189544671
2024-07-02_01,76,57000,57000,0.4106,0.42465113642947383,0.01405113642947381
2024-07-02_01,77,76000,57000,0.4771,0.47017744083404533,-0.006922559165954689
2024-07-02_01,78,-57000,76000,0.4607,0.4525229734420776,-0.008177026557922407
2024-07-02_01,79,-38000,76000,0.412,0.4169240280233154,0.00492402802331543
2024-07-02_01,80,-19000,76000,0.3845,0.3910310219848022,0.00653102198480221
2024-07-02_01,81,0,76000,0.3756,0.38118368082046505,0.0055836808204650645
2024-07-02_01,82,19000,76000,0.3856,0.3920642464759827,0.0064642464759827045
2024-07-02_01,83,38000,76000,0.4151,0.40737968051721185,-0.007720319482788174
2024-07-02_01,84,57000,76000,0.4607,0.4400561739921569,-0.02064382600784309
2024-07-02_01,85,-19000,95000,0.4486,0.43653389559320066,-0.012066104406799338
2024-07-02_01,86,0,95000,0.445,0.43257718973159787,-0.01242281026840214
2024-07-02_01,87,19000,95000,0.4465,0.42682764843487553,-0.01967235156512448
2024-07-02_02,0,-19000,-95000,0.522,0.5226309110221863,0.0006309110221862646
2024-07-02_02,1,0,-95000,0.5335,0.5490885529518128,0.015588552951812829
2024-07-02_02,2,19000,-95000,0.5181,0.5363532539578553,0.018253253957855264
2024-07-02_02,3,-57000,-76000,0.5421,0.5396557321548462,-0.0024442678451538358
2024-07-02_02,4,-38000,-76000,0.4787,0.4820096203965759,0.0033096203965758964
2024-07-02_02,5,-19000,-76000,0.4523,0.4688575409318847,0.016557540931884718
2024-07-02_02,6,0,-76000,0.444,0.44952093856863407,0.0055209385686340595
2024-07-02_02,7,19000,-76000,0.4517,0.45439496191516104,0.0026949619151610538
2024-07-02_02,8,38000,-76000,0.4763,0.47404695221765136,-0.0022530477823486383
2024-07-02_02,9,57000,-76000,0.525,0.5482949773788452,0.023294977378845227
2024-07-02_02,10,-76000,-57000,0.5411,0.5373859872817993,-0.00371401271820071
2024-07-02_02,11,-57000,-57000,0.4586,0.45820940905358887,-0.0003905909464111401
2024-07-02_02,12,-38000,-57000,0.4151,0.4184449575207214,0.003344957520721392
2024-07-02_02,13,-19000,-57000,0.3879,0.39088316641043086,0.0029831664104308375
2024-07-02_02,14,0,-57000,0.3792,0.38366666499020385,0.004466664990203872
2024-07-02_02,15,19000,-57000,0.3878,0.39334201062121577,0.005542010621215787
2024-07-02_02,16,38000,-57000,0.4136,0.42138058638806153,0.007780586388061506
2024-07-02_02,17,57000,-57000,0.4537,0.46308500524588014,0.009385005245880151
2024-07-02_02,18,76000,-57000,0.5161,0.5403652350425721,0.024265235042572053
2024-07-02_02,19,-76000,-38000,0.4728,0.4774766224837036,0.004676622483703596
2024-07-02_02,20,-57000,-38000,0.4106,0.41594302974237063,0.005343029742370609
2024-07-02_02,21,-38000,-38000,0.3663,0.36762352338095083,0.0013235233809508196
2024-07-02_02,22,-19000,-38000,0.3392,0.3408026943261109,0.0016026943261108761
2024-07-02_02,23,0,-38000,0.3296,0.3309250751078492,0.001325075107849183
2024-07-02_02,24,19000,-38000,0.3391,0.3427982588896179,0.003698258889617889
2024-07-02_02,25,38000,-38000,0.3643,0.3713442842483521,0.007044284248352073
2024-07-02_02,26,57000,-38000,0.4073,0.41215092097570794,0.00485092097570794
2024-07-02_02,27,76000,-38000,0.4643,0.47386294075289914,0.009562940752899152
2024-07-02_02,28,-95000,-19000,0.506,0.511318256026764,0.005318256026763946
2024-07-02_02,29,-76000,-19000,0.4385,0.4342926927650147,-0.0042073072349853025
2024-07-02_02,30,-57000,-19000,0.3767,0.3773257647653503,0.0006257647653503118
2024-07-02_02,31,-38000,-19000,0.3332,0.3322344545122986,-0.0009655454877013914
2024-07-02_02,32,-19000,-19000,0.3028,0.303924641484558,0.0011246414845579866
2024-07-02_02,33,0,-19000,0.2908,0.2932386670713807,0.0024386670713806846
2024-07-02_02,34,19000,-19000,0.302,0.3066999450510255,0.0046999450510255
2024-07-02_02,35,38000,-19000,0.3328,0.337530698475891,0.004730698475891026
2024-07-02_02,36,57000,-19000,0.3755,0.3823159131783753,0.006815913178375321
2024-07-02_02,37,76000,-19000,0.4343,0.44035398168075557,0.006053981680755549
2024-07-02_02,38,95000,-19000,0.491,0.509794509703247,0.01879450970324703
2024-07-02_02,39,-95000,0,0.5155,0.5165689465522766,0.0010689465522766284
2024-07-02_02,40,-76000,0,0.4226,0.41633057049472044,-0.0062694295052795335
2024-07-02_02,41,-57000,0,0.3617,0.3601352226412964,-0.0015647773587036395
2024-07-02_02,42,-38000,0,0.3156,0.31514190829809574,-0.00045809170190425075
2024-07-02_02,43,-19000,0,0.2834,0.2839171651617127,0.0005171651617127404
2024-07-02_02,44,19000,0,0.2838,0.28764860751223753,0.003848607512237534
2024-07-02_02,45,38000,0,0.3156,0.3219328386850586,0.006332838685058628
2024-07-02_02,46,57000,0,0.3601,0.3679150474273376,0.00781504742733763
2024-07-02_02,47,76000,0,0.4185,0.4170048862767639,-0.0014951137232360745
2024-07-02_02,48,95000,0,0.4904,0.5115952092170715,0.021195209217071465
2024-07-02_02,49,-95000,19000,0.4916,0.49096063201873774,-0.0006393679812622399
2024-07-02_02,50,-76000,19000,0.4225,0.4191301785917664,-0.0033698214082336087
2024-07-02_02,51,-57000,19000,0.3612,0.36029269643710327,-0.0009073035628967552
2024-07-02_02,52,-38000,19000,0.3163,0.3154078020841675,-0.0008921979158325044
2024-07-02_02,53,-19000,19000,0.2853,0.2873254540057373,0.0020254540057372816
2024-07-02_02,54,0,19000,0.2744,0.27781387147143555,0.00341387147143557
2024-07-02_02,55,19000,19000,0.2862,0.2905059408044739,0.0043059408044738845
2024-07-02_02,56,38000,19000,0.3152,0.3213562675058288,0.006156267505828816
2024-07-02_02,57,57000,19000,0.3596,0.3685293621868897,0.008929362186889722
2024-07-02_02,58,76000,19000,0.4178,0.4063272575468444,-0.011472742453155604
2024-07-02_02,59,95000,19000,0.4776,0.49016536369815067,0.012565363698150644
2024-07-02_02,60,-76000,38000,0.4425,0.43612132464474485,-0.006378675355255159
2024-07-02_02,61,-57000,38000,0.3768,0.3777560215551453,0.0009560215551452922
2024-07-02_02,62,-38000,38000,0.335,0.3340642506309204,-0.0009357493690796415
2024-07-02_02,63,-19000,38000,0.3074,0.30707359614843743,-0.00032640385156257334
2024-07-02_02,64,0,38000,0.2964,0.29785233091360475,0.001452330913604749
2024-07-02_02,65,19000,38000,0.3055,0.31035017007620236,0.004850170076202365
2024-07-02_02,66,38000,38000,0.3333,0.3405530887543946,0.007253088754394621
2024-07-02_02,67,57000,38000,0.3736,0.38442102259954836,0.010821022599548369
2024-07-02_02,68,76000,38000,0.4349,0.4450768463887329,0.010176846388732896
2024-07-02_02,69,-76000,57000,0.4903,0.48384142293930055,-0.006458577060699466
2024-07-02_02,70,-57000,57000,0.4131,0.4200981158127747,0.006998115812774652
2024-07-02_02,71,-38000,57000,0.367,0.36734357807907103,0.00034357807907103854
2024-07-02_02,72,-19000,57000,0.341,0.3433407297210388,0.00234072972103877
2024-07-02_02,73,0,57000,0.3311,0.3345057624156189,0.003405762415618907
2024-07-02_02,74,19000,57000,0.3389,0.3453972032232666,0.006497203223266634
2024-07-02_02,75,38000,57000,0.3628,0.37149904659564204,0.008699046595642024
2024-07-02_02,76,57000,57000,0.4048,0.40596509506399525,0.0011650950639952584
2024-07-02_02,77,76000,57000,0.4674,0.4830198410034179,0.0156198410034179
2024-07-02_02,78,-57000,76000,0.4763,0.47657817974090577,0.0002781797409057707
2024-07-02_02,79,-38000,76000,0.419,0.4162112432893371,-0.0027887567106628652
2024-07-02_02,80,-19000,76000,0.3886,0.391151961428009,0.0025519614280090086
2024-07-02_02,81,0,76000,0.378,0.38186519050598144,0.0038651905059814418
2024-07-02_02,82,19000,76000,0.3846,0.39598812854278564,0.011388128542785647
2024-07-02_02,83,38000,76000,0.4115,0.4223594454894104,0.010859445489410424
2024-07-02_02,84,57000,76000,0.4541,0.47035367517471305,0.016253675174713045
2024-07-02_02,85,-19000,95000,0.4516,0.4516262241299438,2.622412994379708e-05
2024-07-02_02,86,0,95000,0.4493,0.44421403312683105,-0.005085966873168923
2024-07-02_02,87,19000,95000,0.4461,0.4435057394822388,-0.002594260517761182
2024-07-02_03,0,-19000,-95000,0.5227,0.5022053039263152,-0.020494696073684815
2024-07-02_03,1,0,-95000,0.5375,0.5275633491039275,-0.00993665089607243
2024-07-02_03,2,19000,-95000,0.5245,0.5052100887506714,-0.01928991124932855
2024-07-02_03,3,-57000,-76000,0.5513,0.5278678573608399,-0.02343214263916016
2024-07-02_03,4,-38000,-76000,0.4824,0.46826420554623416,-0.014135794453765838
2024-07-02_03,5,-19000,-76000,0.4549,0.4441300710728149,-0.010769928927185146
2024-07-02_03,6,0,-76000,0.4463,0.4334429878617554,-0.012857012138244583
2024-07-02_03,7,19000,-76000,0.454,0.4594354126020812,0.005435412602081191
2024-07-02_03,8,38000,-76000,0.4787,0.46649905931591795,-0.012200940684082062
2024-07-02_03,9,57000,-76000,0.5284,0.525755818605423,-0.0026441813945770054
2024-07-02_03,10,-76000,-57000,0.5495,0.5290031172275543,-0.020496882772445657
2024-07-02_03,11,-57000,-57000,0.4622,0.4466978117837219,-0.015502188216278079
2024-07-02_03,12,-38000,-57000,0.4179,0.3925796706905518,-0.02532032930944822
2024-07-02_03,13,-19000,-57000,0.3902,0.3914707240654296,0.001270724065429607
2024-07-02_03,14,0,-57000,0.3812,0.3827494909498901,0.0015494909498900977
2024-07-02_03,15,19000,-57000,0.3897,0.3926645950169372,0.002964595016937188
2024-07-02_03,16,38000,-57000,0.4155,0.375138964684784,-0.040361035315215954
2024-07-02_03,17,57000,-57000,0.4555,0.45061725692974863,-0.004882743070251383
2024-07-02_03,18,76000,-57000,0.5193,0.5153239030838013,-0.0039760969161987125
2024-07-02_03,19,-76000,-38000,0.4781,0.45933030426943966,-0.018769695730560365
2024-07-02_03,20,-57000,-38000,0.4142,0.40087124073239133,-0.01332875926760868
2024-07-02_03,21,-38000,-38000,0.3684,0.3669456238970642,-0.001454376102935806
2024-07-02_03,22,-19000,-38000,0.3409,0.34141173884588616,0.0005117388458861782
2024-07-02_03,23,0,-38000,0.3308,0.33111247335522465,0.0003124733552246628
2024-07-02_03,24,19000,-38000,0.3402,0.34369160377960206,0.0034916037796020594
2024-07-02_03,25,38000,-38000,0.3655,0.37174042654037476,0.006240426540374766
2024-07-02_03,26,57000,-38000,0.4091,0.41043224043331916,0.0013322404333191429
2024-07-02_03,27,76000,-38000,0.4666,0.4618488394750062,-0.004751160524993803
2024-07-02_03,28,-95000,-19000,0.5111,0.49979737919555667,-0.01130262080444333
2024-07-02_03,29,-76000,-19000,0.4427,0.4122472258367309,-0.03045277416326908
2024-07-02_03,30,-57000,-19000,0.38,0.3773857834517822,-0.002614216548217807
2024-07-02_03,31,-38000,-19000,0.3353,0.3313751640924377,-0.003924835907562263
2024-07-02_03,32,-19000,-19000,0.3041,0.3035164925803222,-0.0005835074196777756
2024-07-02_03,33,0,-19000,0.2925,0.29216507022082516,-0.0003349297791748196
2024-07-02_03,34,19000,-19000,0.303,0.306036076421875,0.0030360764218750336
2024-07-02_03,35,38000,-19000,0.3334,0.33695323503582775,0.003553235035827773
2024-07-02_03,36,57000,-19000,0.3766,0.383016154921173,0.006416154921173034
2024-07-02_03,37,76000,-19000,0.4361,0.42279013574575797,-0.013309864254242021
2024-07-02_03,38,95000,-19000,0.4936,0.4965675222289123,0.0029675222289123337
2024-07-02_03,39,-95000,0,0.525,0.4992076270103455,-0.025792372989654533
2024-07-02_03,40,-76000,0,0.4273,0.390735652797882,-0.036564347202117986
2024-07-02_03,41,-57000,0,0.3646,0.3595143676972046,-0.0050856323027954065
2024-07-02_03,42,-38000,0,0.3181,0.3145894584007263,-0.00351054159927372
2024-07-02_03,43,-19000,0,0.2857,0.28294578348101806,-0.0027542165189819445
2024-07-02_03,44,19000,0,0.285,0.28769258482006843,0.0026925848200684555
2024-07-02_03,45,38000,0,0.3161,0.3206778278769531,0.0045778278769531
2024-07-02_03,46,57000,0,0.3609,0.36853426850942994,0.007634268509429942
2024-07-02_03,47,76000,0,0.42,0.39966745279458626,-0.02033254720541372
2024-07-02_03,48,95000,0,0.4943,0.4890962009429931,-0.005203799057006908
2024-07-02_03,49,-95000,19000,0.4976,0.46746401960540773,-0.030135980394592254
2024-07-02_03,50,-76000,19000,0.4274,0.3993104209974365,-0.02808957900256348
2024-07-02_03,51,-57000,19000,0.365,0.3608432651308594,-0.004156734869140588
2024-07-02_03,52,-38000,19000,0.3191,0.31538230128839106,-0.00371769871160893
2024-07-02_03,53,-19000,19000,0.287,0.28695756181237786,-4.243818762211804e-05
2024-07-02_03,54,0,19000,0.2768,0.278774801791565,0.0019748017915650062
2024-07-02_03,55,19000,19000,0.2875,0.2918225639667358,0.004322563966735804
2024-07-02_03,56,38000,19000,0.3161,0.32214058441671756,0.006040584416717565
2024-07-02_03,57,57000,19000,0.3603,0.3687740482663575,0.008474048266357503
2024-07-02_03,58,76000,19000,0.4196,0.38028234991043086,-0.03931765008956911
2024-07-02_03,59,95000,19000,0.4795,0.4811369472697449,0.0016369472697448928
2024-07-02_03,60,-76000,38000,0.4485,0.41614888501632685,-0.03235111498367316
2024-07-02_03,61,-57000,38000,0.3811,0.3765813051025696,-0.0045186948974303975
2024-07-02_03,62,-38000,38000,0.3376,0.33380839659835815,-0.003791603401641863
2024-07-02_03,63,-19000,38000,0.3085,0.3064804505068054,-0.0020195494931946056
2024-07-02_03,64,0,38000,0.2981,0.2992509924091187,0.0011509924091187007
2024-07-02_03,65,19000,38000,0.3064,0.30986051511837776,0.0034605151183777494
2024-07-02_03,66,38000,38000,0.3336,0.3398376914373473,0.006237691437347315
2024-07-02_03,67,57000,38000,0.3748,0.38528295940093993,0.010482959400939906
2024-07-02_03,68,76000,38000,0.4371,0.43604583886856085,-0.0010541611314391353
2024-07-02_03,69,-76000,57000,0.5,0.4675613912582397,-0.0324386087417603
2024-07-02_03,70,-57000,57000,0.4182,0.3926828885390625,-0.02551711146093749
2024-07-02_03,71,-38000,57000,0.3704,0.367431613888916,-0.0029683861110840204
2024-07-02_03,72,-19000,57000,0.3433,0.342250586712738,-0.001049413287261991
2024-07-02_03,73,0,57000,0.333,0.3353082913240356,0.002308291324035594
2024-07-02_03,74,19000,57000,0.3401,0.3445034341421509,0.004403434142150886
2024-07-02_03,75,38000,57000,0.3646,0.3714234768699647,0.006823476869964706
2024-07-02_03,76,57000,57000,0.4072,0.3977929674176026,-0.00940703258239739
2024-07-02_03,77,76000,57000,0.4713,0.47228167715072633,0.0009816771507263344
2024-07-02_03,78,-57000,76000,0.4854,0.44865634765624995,-0.036743652343750044
2024-07-02_03,79,-38000,76000,0.4243,0.38762507561138915,-0.03667492438861086
2024-07-02_03,80,-19000,76000,0.3924,0.3887377648201904,-0.0036622351798096253
2024-07-02_03,81,0,76000,0.3808,0.38344570045471194,0.002645700454711908
2024-07-02_03,82,19000,76000,0.3873,0.3935258084240417,0.0062258084240417455
2024-07-02_03,83,38000,76000,0.4144,0.4033052289751282,-0.011094771024871775
2024-07-02_03,84,57000,76000,0.4585,0.4564496702194214,-0.002050329780578619
2024-07-02_03,85,-19000,95000,0.456,0.449469402448761,-0.006530597551239026
2024-07-02_03,86,0,95000,0.4553,0.4453092420578003,-0.009990757942199668
2024-07-02_03,87,19000,95000,0.4498,0.4208297996010437,-0.02897020039895626
2024-07-02_04,0,-19000,-95000,0.5281,0.5481875661888123,0.020087566188812245
2024-07-02_04,1,0,-95000,0.5447,0.5641273151874542,0.01942731518745422
2024-07-02_04,2,19000,-95000,0.5265,0.5510478594936523,0.024547859493652346
2024-07-02_04,3,-57000,-76000,0.5533,0.5761948596954346,0.02289485969543459
2024-07-02_04,4,-38000,-76000,0.487,0.5114109574633331,0.024410957463333105
2024-07-02_04,5,-19000,-76000,0.4595,0.4753006981382446,0.015800698138244584
2024-07-02_04,6,0,-76000,0.4507,0.47280830483761593,0.022108304837615944
2024-07-02_04,7,19000,-76000,0.4587,0.4800064796416321,0.021306479641632126
2024-07-02_04,8,38000,-76000,0.4839,0.5061956420670166,0.02229564206701662
2024-07-02_04,9,57000,-76000,0.5371,0.5690326223373412,0.03193262233734118
2024-07-02_04,10,-76000,-57000,0.554,0.5792789232254029,0.025278923225402816
2024-07-02_04,11,-57000,-57000,0.4663,0.48598336598947145,0.019683365989471457
2024-07-02_04,12,-38000,-57000,0.4226,0.4399944823439026,0.017394482343902617
2024-07-02_04,13,-19000,-57000,0.395,0.4050292807792053,0.010029280779205285
2024-07-02_04,14,0,-57000,0.386,0.3958186230532226,0.009818623053222564
2024-07-02_04,15,19000,-57000,0.395,0.4063354389195557,0.011335438919555685
2024-07-02_04,16,38000,-57000,0.421,0.44016281688125614,0.01916281688125615
2024-07-02_04,17,57000,-57000,0.461,0.47964638397747805,0.01864638397747803
2024-07-02_04,18,76000,-57000,0.5288,0.5633962581157683,0.034596258115768275
2024-07-02_04,19,-76000,-38000,0.4814,0.4981267145249023,0.01672671452490232
2024-07-02_04,20,-57000,-38000,0.4185,0.44373602757189945,0.025236027571899466
2024-07-02_04,21,-38000,-38000,0.3729,0.3808958332710266,0.007995833271026598
2024-07-02_04,22,-19000,-38000,0.3452,0.35418074610653694,0.00898074610653693
2024-07-02_04,23,0,-38000,0.3357,0.34491480379611206,0.009214803796112059
2024-07-02_04,24,19000,-38000,0.3455,0.3548807439873962,0.009380743987396245
2024-07-02_04,25,38000,-38000,0.3711,0.38329763507843007,0.01219763507843008
2024-07-02_04,26,57000,-38000,0.415,0.43292910576779176,0.017929105767791775
2024-07-02_04,27,76000,-38000,0.4727,0.49017535597726436,0.01747535597726435
2024-07-02_04,28,-95000,-19000,0.5158,0.5311411195174255,0.01534111951742545
2024-07-02_04,29,-76000,-19000,0.4464,0.46848902081790156,0.02208902081790154
2024-07-02_04,30,-57000,-19000,0.384,0.3921114676725769,0.008111467672576866
2024-07-02_04,31,-38000,-19000,0.3398,0.3471365177347717,0.00733651773477173
2024-07-02_04,32,-19000,-19000,0.3094,0.31823462803033453,0.008834628030334524
2024-07-02_04,33,0,-19000,0.2978,0.30656229579614247,0.00876229579614246
2024-07-02_04,34,19000,-19000,0.3089,0.3205632233139648,0.011663223313964799
2024-07-02_04,35,38000,-19000,0.3397,0.3509950015190735,0.011295001519073478
2024-07-02_04,36,57000,-19000,0.3828,0.395500677576355,0.012700677576355013
2024-07-02_04,37,76000,-19000,0.4424,0.4626941742618713,0.0202941742618713
2024-07-02_04,38,95000,-19000,0.5025,0.5214372307122193,0.01893723071221931
2024-07-02_04,39,-95000,0,0.5284,0.546926516342163,0.01852651634216307
2024-07-02_04,40,-76000,0,0.4308,0.44073619095574956,0.009936190955749546
2024-07-02_04,41,-57000,0,0.3688,0.3753428982151794,0.0065428982151793935
2024-07-02_04,42,-38000,0,0.323,0.3313677057706299,0.008367705770629896
2024-07-02_04,43,-19000,0,0.2916,0.30128038401263435,0.009680384012634324
2024-07-02_04,44,19000,0,0.2915,0.30352306166070564,0.012023061660705658
2024-07-02_04,45,38000,0,0.3228,0.3364353873875121,0.013635387387512132
2024-07-02_04,46,57000,0,0.3672,0.38044978089563,0.013249780895629948
2024-07-02_04,47,76000,0,0.4271,0.4667160294149779,0.03961602941497794
2024-07-02_04,48,95000,0,0.5035,0.530314564704895,0.026814564704895072
2024-07-02_04,49,-95000,19000,0.4996,0.5224914195951538,0.022891419595153784
2024-07-02_04,50,-76000,19000,0.4313,0.434998664826416,0.0036986648264160094
2024-07-02_04,51,-57000,19000,0.3689,0.37722664535452266,0.008326645354522655
2024-07-02_04,52,-38000,19000,0.3241,0.3319343578677063,0.00783435786770631
2024-07-02_04,53,-19000,19000,0.2933,0.3028365564431763,0.009536556443176303
2024-07-02_04,54,0,19000,0.2832,0.29372660059338385,0.01052660059338384
2024-07-02_04,55,19000,19000,0.2943,0.3047314389147644,0.01043143891476439
2024-07-02_04,56,38000,19000,0.323,0.33650799215982063,0.013507992159820625
2024-07-02_04,57,57000,19000,0.367,0.37992245951837167,0.012922459518371676
2024-07-02_04,58,76000,19000,0.4276,0.4535570687828674,0.02595706878286741
2024-07-02_04,59,95000,19000,0.4885,0.5100055280126343,0.021505528012634334
2024-07-02_04,60,-76000,38000,0.4529,0.47817070678573603,0.025270706785736008
2024-07-02_04,61,-57000,38000,0.3856,0.3933394129339295,0.00773941293392949
2024-07-02_04,62,-38000,38000,0.3426,0.35118869187829593,0.008588691878295918
2024-07-02_04,63,-19000,38000,0.3143,0.3234752559479065,0.009175255947906469
2024-07-02_04,64,0,38000,0.3045,0.314137243450592,0.009637243450592026
2024-07-02_04,65,19000,38000,0.3133,0.32616947824185183,0.012869478241851806
2024-07-02_04,66,38000,38000,0.3411,0.35442544554049693,0.013325445540496916
2024-07-02_04,67,57000,38000,0.382,0.3982937111459961,0.016293711145996093
2024-07-02_04,68,76000,38000,0.445,0.46878602650506584,0.023786026505065838
2024-07-02_04,69,-76000,57000,0.5065,0.5294461754798889,0.022946175479888975
2024-07-02_04,70,-57000,57000,0.4233,0.4345225617724915,0.01122256177249148
2024-07-02_04,71,-38000,57000,0.3752,0.3836873600320435,0.008487360032043534
2024-07-02_04,72,-19000,57000,0.3486,0.358017432729126,0.009417432729125985
2024-07-02_04,73,0,57000,0.3392,0.34824596983355716,0.009045969833557155
2024-07-02_04,74,19000,57000,0.3466,0.36018316689578245,0.013583166895782428
2024-07-02_04,75,38000,57000,0.3712,0.3855028747119751,0.014302874711975111
2024-07-02_04,76,57000,57000,0.415,0.44614160606372066,0.031141606063720684
2024-07-02_04,77,76000,57000,0.4801,0.5070249265670776,0.026924926567077623
2024-07-02_04,78,-57000,76000,0.4908,0.49714594163894654,0.006345941638946528
2024-07-02_04,79,-38000,76000,0.4295,0.4395973858793335,0.01009738587933351
2024-07-02_04,80,-19000,76000,0.3981,0.4097594436943054,0.011659443694305383
2024-07-02_04,81,0,76000,0.387,0.39883566951751714,0.011835669517517133
2024-07-02_04,82,19000,76000,0.3939,0.40813696078155515,0.014236960781555175
2024-07-02_04,83,38000,76000,0.4218,0.4426798248098449,0.020879824809844905
2024-07-02_04,84,57000,76000,0.4665,0.48855934801101686,0.022059348011016833
2024-07-02_04,85,-19000,95000,0.4615,0.4835101844866333,0.022010184486633277
2024-07-02_04,86,0,95000,0.462,0.48567606067657476,0.02367606067657474
2024-07-02_04,87,19000,95000,0.456,0.47924185949688725,0.02324185949688723
2024-07-02_05,0,-19000,-95000,0.5331,0.5570661837748871,0.02396618377488713
2024-07-02_05,1,0,-95000,0.5503,0.5656284744262696,0.015328474426269612
2024-07-02_05,2,19000,-95000,0.5319,0.5508911296513672,0.018991129651367178
2024-07-02_05,3,-57000,-76000,0.5591,0.5696234611511231,0.010523461151123015
2024-07-02_05,4,-38000,-76000,0.4931,0.5032107285798034,0.01011072857980344
2024-07-02_05,5,-19000,-76000,0.4657,0.496225703647339,0.030525703647338975
2024-07-02_05,6,0,-76000,0.4577,0.4704900761738282,0.012790076173828213
2024-07-02_05,7,19000,-76000,0.4658,0.4869615341080933,0.021161534108093294
2024-07-02_05,8,38000,-76000,0.4902,0.5075196877272643,0.017319687727264277
2024-07-02_05,9,57000,-76000,0.5438,0.5624822042942048,0.018682204294204863
2024-07-02_05,10,-76000,-57000,0.5593,0.5750331191062927,0.015733119106292714
2024-07-02_05,11,-57000,-57000,0.4724,0.4904837276218261,0.01808372762182614
2024-07-02_05,12,-38000,-57000,0.4295,0.4308166124190064,0.00131661241900638
2024-07-02_05,13,-19000,-57000,0.4028,0.39973333347061146,-0.0030666665293885287
2024-07-02_05,14,0,-57000,0.396,0.3917660276071473,-0.004233972392852725
2024-07-02_05,15,19000,-57000,0.4048,0.4020907602886352,-0.002709239711364775
2024-07-02_05,16,38000,-57000,0.4287,0.44329631662298574,0.014596316622985717
2024-07-02_05,17,57000,-57000,0.4683,0.4863351287571105,0.018035128757110497
2024-07-02_05,18,76000,-57000,0.5375,0.5604838095664979,0.022983809566497926
2024-07-02_05,19,-76000,-38000,0.4875,0.4990273169429016,0.0115273169429016
2024-07-02_05,20,-57000,-38000,0.4256,0.42802908231454473,0.0024290823145447504
2024-07-02_05,21,-38000,-38000,0.3807,0.3780530737226868,-0.0026469262773131663
2024-07-02_05,22,-19000,-38000,0.3535,0.3509893709153137,-0.0025106290846863
2024-07-02_05,23,0,-38000,0.3447,0.3405238654433289,-0.004176134556671096
2024-07-02_05,24,19000,-38000,0.3544,0.35276856812246704,-0.0016314318775329517
2024-07-02_05,25,38000,-38000,0.3796,0.37929552421569834,-0.0003044757843016499
2024-07-02_05,26,57000,-38000,0.4231,0.42357485507769765,0.0004748550776976779
2024-07-02_05,27,76000,-38000,0.4806,0.4932032193081055,0.012603219308105484
2024-07-02_05,28,-95000,-19000,0.5203,0.5355841567633361,0.015284156763336165
2024-07-02_05,29,-76000,-19000,0.453,0.46455456775073245,0.011554567750732436
2024-07-02_05,30,-57000,-19000,0.3914,0.38777012165319824,-0.0036298783468017848
2024-07-02_05,31,-38000,-19000,0.3483,0.3426876273881836,-0.0056123726118164075
2024-07-02_05,32,-19000,-19000,0.3187,0.31308853604730236,-0.005611463952697626
2024-07-02_05,33,0,-19000,0.3071,0.30268827614712523,-0.004411723852874749
2024-07-02_05,34,19000,-19000,0.3188,0.3155447859825744,-0.0032552140174255673
2024-07-02_05,35,38000,-19000,0.3486,0.34603873614315805,-0.0025612638568419666
2024-07-02_05,36,57000,-19000,0.3915,0.392204848788025,0.0007048487880249588
2024-07-02_05,37,76000,-19000,0.4505,0.4720463301380311,0.02154633013803109
2024-07-02_05,38,95000,-19000,0.5108,0.5279434114487,0.01714341144870002
2024-07-02_05,39,-95000,0,0.5376,0.5401726314067841,0.0025726314067840983
2024-07-02_05,40,-76000,0,0.4372,0.4318996221173096,-0.005300377882690388
2024-07-02_05,41,-57000,0,0.3763,0.3715632861416931,-0.004736713858306929
2024-07-02_05,42,-38000,0,0.3324,0.32581117819653316,-0.0065888218034668156
2024-07-02_05,43,-19000,0,0.301,0.2952765851442871,-0.005723414855712872
2024-07-02_05,44,19000,0,0.3016,0.29887659597796623,-0.0027234040220337485
2024-07-02_05,45,38000,0,0.333,0.33215039488082887,-0.0008496051191711484
2024-07-02_05,46,57000,0,0.3761,0.37681298890225223,0.0007129889022522429
2024-07-02_05,47,76000,0,0.4357,0.4476798312578125,0.011979831257812545
2024-07-02_05,48,95000,0,0.5138,0.5239645408630371,0.010164540863037086
2024-07-02_05,49,-95000,19000,0.5058,0.5024045519287262,-0.0033954480712737878
2024-07-02_05,50,-76000,19000,0.4382,0.4331202352693482,-0.0050797647306518035
2024-07-02_05,51,-57000,19000,0.3764,0.37090084518438726,-0.00549915481561275
2024-07-02_05,52,-38000,19000,0.3335,0.326692893817749,-0.006807106182250999
2024-07-02_05,53,-19000,19000,0.3028,0.29828387416088864,-0.0045161258391113734
2024-07-02_05,54,0,19000,0.2933,0.289791616387268,-0.00350838361273198
2024-07-02_05,55,19000,19000,0.3041,0.3010805626563111,-0.003019437343688869
2024-07-02_05,56,38000,19000,0.3331,0.3320497974316101,-0.0010502025683898908
2024-07-02_05,57,57000,19000,0.376,0.3787670187164611,0.0027670187164611226
2024-07-02_05,58,76000,19000,0.4363,0.4489332011916505,0.012633201191650456
2024-07-02_05,59,95000,19000,0.4975,0.5167392183813324,0.019239218381332412
2024-07-02_05,60,-76000,38000,0.4599,0.47972975502703863,0.019829755027038654
2024-07-02_05,61,-57000,38000,0.3934,0.3882087462183228,-0.00519125378167723
2024-07-02_05,62,-38000,38000,0.3507,0.3463569088294678,-0.004343091170532221
2024-07-02_05,63,-19000,38000,0.324,0.3184712235467224,-0.005528776453277595
2024-07-02_05,64,0,38000,0.3139,0.3105464225038147,-0.0033535774961853115
2024-07-02_05,65,19000,38000,0.3234,0.3213464656613464,-0.0020535343386536287
2024-07-02_05,66,38000,38000,0.3502,0.34877766421264655,-0.001422335787353457
2024-07-02_05,67,57000,38000,0.3911,0.3947502378483887,0.0036502378483886933
2024-07-02_05,68,76000,38000,0.4539,0.4909862271690064,0.03708622716900639
2024-07-02_05,69,-76000,57000,0.5135,0.5119402218818665,-0.0015597781181334591
2024-07-02_05,70,-57000,57000,0.4308,0.4210026426539306,-0.009797357346069402
2024-07-02_05,71,-38000,57000,0.383,0.37856613182681276,-0.00443386817318725
2024-07-02_05,72,-19000,57000,0.3568,0.3534936571555176,-0.0033063428444823906
2024-07-02_05,73,0,57000,0.3479,0.3446954912236023,-0.003204508776397663
2024-07-02_05,74,19000,57000,0.3556,0.35472818437680054,-0.00087181562319949
2024-07-02_05,75,38000,57000,0.38,0.3817072465532836,0.0017072465532835812
2024-07-02_05,76,57000,57000,0.4241,0.42905199307394404,0.004951993073944061
2024-07-02_05,77,76000,57000,0.4903,0.5062166777610779,0.015916677761077913
2024-07-02_05,78,-57000,76000,0.4993,0.5090396214485169,0.009739621448516866
2024-07-02_05,79,-38000,76000,0.4371,0.4329407442798767,-0.004159255720123267
2024-07-02_05,80,-19000,76000,0.4059,0.40321584693847656,-0.00268415306152342
2024-07-02_05,81,0,76000,0.395,0.3943453007698059,-0.0006546992301941224
2024-07-02_05,82,19000,76000,0.4026,0.40398325525854495,0.0013832552585449354
2024-07-02_05,83,38000,76000,0.4303,0.45284755161792,0.022547551617919992
2024-07-02_05,84,57000,76000,0.4746,0.48497280750274663,0.010372807502746606
2024-07-02_05,85,-19000,95000,0.4658,0.48855067772131344,0.02275067772131345
2024-07-02_05,86,0,95000,0.4685,0.4917346411705017,0.02323464117050167
2024-07-02_05,87,19000,95000,0.4636,0.4887406426727905,0.02514064267279048
2024-07-02_06,0,-19000,-95000,0.5328,0.5526166414921265,0.019816641492126474
2024-07-02_06,1,0,-95000,0.5493,0.5480805293560027,-0.0012194706439973002
2024-07-02_06,2,19000,-95000,0.5316,0.5480513295970459,0.016451329597045983
2024-07-02_06,3,-57000,-76000,0.5698,0.5704974606513977,0.0006974606513977522
2024-07-02_06,4,-38000,-76000,0.4929,0.4866885875676574,-0.006211412432342578
2024-07-02_06,5,-19000,-76000,0.4655,0.484877601979248,0.019377601979247983
2024-07-02_06,6,0,-76000,0.4573,0.4785295564221801,0.021229556422180107
2024-07-02_06,7,19000,-76000,0.4652,0.4646330636747742,-0.0005669363252258086
2024-07-02_06,8,38000,-76000,0.4901,0.5180460336775361,0.02794603367753612
2024-07-02_06,9,57000,-76000,0.5428,0.5348892574310302,-0.00791074256896973
2024-07-02_06,10,-76000,-57000,0.5588,0.5757911875724793,0.016991187572479305
2024-07-02_06,11,-57000,-57000,0.4723,0.498749929885437,0.026449929885436985
2024-07-02_06,12,-38000,-57000,0.4295,0.43881661691772456,0.009316616917724563
2024-07-02_06,13,-19000,-57000,0.4027,0.4005743092667542,-0.002125690733245811
2024-07-02_06,14,0,-57000,0.3938,0.3918765274517517,-0.0019234725482482617
2024-07-02_06,15,19000,-57000,0.4029,0.40297605678302006,7.605678302008423e-05
2024-07-02_06,16,38000,-57000,0.4286,0.45310684554510505,0.02450684554510507
2024-07-02_06,17,57000,-57000,0.4683,0.47602492659866336,0.007724926598663362
2024-07-02_06,18,76000,-57000,0.5366,0.5473946695327758,0.010794669532775858
2024-07-02_06,19,-76000,-38000,0.4874,0.5025342634898834,0.015134263489883393
2024-07-02_06,20,-57000,-38000,0.4255,0.42709406758300783,0.001594067583007841
2024-07-02_06,21,-38000,-38000,0.3805,0.37756030571194454,-0.002939694288055461
2024-07-02_06,22,-19000,-38000,0.3534,0.3515666469985046,-0.001833353001495397
2024-07-02_06,23,0,-38000,0.3443,0.3419011544820556,-0.0023988455179443924
2024-07-02_06,24,19000,-38000,0.354,0.35304810402838127,-0.0009518959716187103
2024-07-02_06,25,38000,-38000,0.3796,0.37922171401977534,-0.0003782859802246574
2024-07-02_06,26,57000,-38000,0.4235,0.43027760075457766,0.006777600754577673
2024-07-02_06,27,76000,-38000,0.4805,0.49986877038693245,0.019368770386932466
2024-07-02_06,28,-95000,-19000,0.5189,0.4600332822894593,-0.05886671771054075
2024-07-02_06,29,-76000,-19000,0.4531,0.4494577321412049,-0.003642267858795123
2024-07-02_06,30,-57000,-19000,0.3916,0.3866068161714783,-0.004993183828521708
2024-07-02_06,31,-38000,-19000,0.348,0.340660548611908,-0.007339451388092
2024-07-02_06,32,-19000,-19000,0.318,0.3148458604970703,-0.003154139502929698
2024-07-02_06,33,0,-19000,0.3067,0.3034433300993653,-0.0032566699006346678
2024-07-02_06,34,19000,-19000,0.3186,0.3145094245595399,-0.004090575440460098
2024-07-02_06,35,38000,-19000,0.3487,0.34754408859814445,-0.0011559114018555583
2024-07-02_06,36,57000,-19000,0.3918,0.39447934263525397,0.0026793426352539895
2024-07-02_06,37,76000,-19000,0.4506,0.47811346705010993,0.02751346705010993
2024-07-02_06,38,95000,-19000,0.5099,0.5294037266328888,0.019503726632888796
2024-07-02_06,39,-95000,0,0.5385,0.4750642562866211,-0.0634357437133789
2024-07-02_06,40,-76000,0,0.4378,0.4484335391949158,0.010633539194915775
2024-07-02_06,41,-57000,0,0.3764,0.37173872334991453,-0.004661276650085477
2024-07-02_06,42,-38000,0,0.3321,0.32894138370645143,-0.0031586162935485773
2024-07-02_06,43,-19000,0,0.3003,0.299140585325409,-0.0011594146745910194
2024-07-02_06,44,19000,0,0.3015,0.29736940125064093,-0.00413059874935906
2024-07-02_06,45,38000,0,0.333,0.3341279390204468,0.0011279390204467776
2024-07-02_06,46,57000,0,0.3763,0.3789034288279114,0.0026034288279113693
2024-07-02_06,47,76000,0,0.4359,0.44212799022183225,0.006227990221832236
2024-07-02_06,48,95000,0,0.5134,0.5250294276237488,0.011629427623748856
2024-07-02_06,49,-95000,19000,0.5065,0.5038951315812683,-0.002604868418731643
2024-07-02_06,50,-76000,19000,0.4388,0.430272647600769,-0.008527352399231025
2024-07-02_06,51,-57000,19000,0.3766,0.3730427504642029,-0.0035572495357971134
2024-07-02_06,52,-38000,19000,0.3333,0.3265601136330566,-0.006739886366943393
2024-07-02_06,53,-19000,19000,0.3023,0.2996673630543518,-0.0026326369456481924
2024-07-02_06,54,0,19000,0.2929,0.2879443893055116,-0.00495561069448841
2024-07-02_06,55,19000,19000,0.3041,0.301700188930359,-0.002399811069640989
2024-07-02_06,56,38000,19000,0.3331,0.3344474152867736,0.0013474152867735678
2024-07-02_06,57,57000,19000,0.3761,0.3806349244895324,0.00453492448953241
2024-07-02_06,58,76000,19000,0.4363,0.4573763011355896,0.02107630113558956
2024-07-02_06,59,95000,19000,0.4959,0.4527898191531676,-0.04311018084683238
2024-07-02_06,60,-76000,38000,0.4614,0.4624730198690491,0.0010730198690491188
2024-07-02_06,61,-57000,38000,0.3941,0.3902792336473694,-0.0038207663526306224
2024-07-02_06,62,-38000,38000,0.3511,0.34517768708306884,-0.005922312916931183
2024-07-02_06,63,-19000,38000,0.3238,0.32063700398840334,-0.0031629960115966416
2024-07-02_06,64,0,38000,0.314,0.3121053767218628,-0.0018946232781372196
2024-07-02_06,65,19000,38000,0.3236,0.3262599199902343,0.002659919990234294
2024-07-02_06,66,38000,38000,0.3503,0.350059642145752,-0.0002403578542479745
2024-07-02_06,67,57000,38000,0.3913,0.3950631839482117,0.0037631839482117346
2024-07-02_06,68,76000,38000,0.4538,0.4565999718635865,0.0027999718635864923
2024-07-02_06,69,-76000,57000,0.5158,0.5066232989311218,-0.009176701068878246
2024-07-02_06,70,-57000,57000,0.4317,0.4430234522212524,0.011323452221252417
2024-07-02_06,71,-38000,57000,0.3838,0.38035484282901,-0.0034451571709899764
2024-07-02_06,72,-19000,57000,0.3572,0.35300427906451415,-0.004195720935485869
2024-07-02_06,73,0,57000,0.3483,0.34832438662896725,2.438662896725452e-05
2024-07-02_06,74,19000,57000,0.3558,0.356559354506073,0.0007593545060730067
2024-07-02_06,75,38000,57000,0.3803,0.3842135436157532,0.00391354361575319
2024-07-02_06,76,57000,57000,0.4243,0.45515001199990834,0.030850011999908333
2024-07-02_06,77,76000,57000,0.4904,0.5064517706871032,0.01605177068710323
2024-07-02_06,78,-57000,76000,0.5011,0.5074467072963714,0.006346707296371434
2024-07-02_06,79,-38000,76000,0.4383,0.4546393132845764,0.016339313284576384
2024-07-02_06,80,-19000,76000,0.4066,0.4037133747591858,-0.0028866252408142334
2024-07-02_06,81,0,76000,0.3956,0.3937922624588013,-0.0018077375411987284
2024-07-02_06,82,19000,76000,0.4031,0.4052033804820556,0.0021033804820556057
2024-07-02_06,83,38000,76000,0.4305,0.4312160255320434,0.0007160255320434183
2024-07-02_06,84,57000,76000,0.4753,0.43756650390624996,-0.03773349609375004
2024-07-02_06,85,-19000,95000,0.4676,0.46752441970925906,-7.558029074095085e-05
2024-07-02_06,86,0,95000,0.47,0.48599605836868287,0.015996058368682897
2024-07-02_06,87,19000,95000,0.4641,0.45921058527658076,-0.00488941472341925
2024-07-02_08,0,-19000,-95000,0.5393,0.5522136697726441,0.012913669772644076
2024-07-02_08,1,0,-95000,0.556,0.5635311000823975,0.007531100082397435
2024-07-02_08,2,19000,-95000,0.5388,0.5500787093964843,0.011278709396484343
2024-07-02_08,3,-57000,-76000,0.5656,0.5818242576122284,0.016224257612228454
2024-07-02_08,4,-38000,-76000,0.4997,0.5136554338333436,0.013955433833343578
2024-07-02_08,5,-19000,-76000,0.472,0.47975957316433715,0.007759573164337175
2024-07-02_08,6,0,-76000,0.4638,0.47718191927731324,0.013381919277313248
2024-07-02_08,7,19000,-76000,0.4721,0.48015268099597175,0.008052680995971728
2024-07-02_08,8,38000,-76000,0.4971,0.5080233958195801,0.010923395819580128
2024-07-02_08,9,57000,-76000,0.5502,0.5701575113296509,0.019957511329650846
2024-07-02_08,10,-76000,-57000,0.5623,0.5822497453689576,0.01994974536895755
2024-07-02_08,11,-57000,-57000,0.4785,0.4846686428937378,0.006168642893737808
2024-07-02_08,12,-38000,-57000,0.4359,0.4352367537912598,-0.000663246208740198
2024-07-02_08,13,-19000,-57000,0.41,0.4026947840568542,-0.00730521594314576
2024-07-02_08,14,0,-57000,0.4015,0.3939628404902954,-0.007537159509704627
2024-07-02_08,15,19000,-57000,0.4113,0.4038854164523621,-0.00741458354763791
2024-07-02_08,16,38000,-57000,0.4367,0.43897037970080566,0.0022703797008056803
2024-07-02_08,17,57000,-57000,0.4765,0.4752340404917297,-0.001265959508270298
2024-07-02_08,18,76000,-57000,0.5444,0.5674732161521912,0.023073216152191156
2024-07-02_08,19,-76000,-38000,0.492,0.4983014076358795,0.006301407635879497
2024-07-02_08,20,-57000,-38000,0.431,0.4346387789869385,0.0036387789869384846
2024-07-02_08,21,-38000,-38000,0.3875,0.3784304662860718,-0.009069533713928213
2024-07-02_08,22,-19000,-38000,0.3608,0.3519306350574035,-0.008869364942596492
2024-07-02_08,23,0,-38000,0.3518,0.3427394163606873,-0.009060583639312725
2024-07-02_08,24,19000,-38000,0.3628,0.35299860278546147,-0.009801397214538543
2024-07-02_08,25,38000,-38000,0.3891,0.38131813535690307,-0.007781864643096936
2024-07-02_08,26,57000,-38000,0.4318,0.4360884886324463,0.004288488632446297
2024-07-02_08,27,76000,-38000,0.4891,0.49159605472512813,0.0024960547251281495
2024-07-02_08,28,-95000,-19000,0.5235,0.5312516496441345,0.007751649644134551
2024-07-02_08,29,-76000,-19000,0.4579,0.4686461167045288,0.010746116704528852
2024-07-02_08,30,-57000,-19000,0.3981,0.38947460767813114,-0.008625392321868874
2024-07-02_08,31,-38000,-19000,0.3541,0.34562148025131223,-0.008478519748687796
2024-07-02_08,32,-19000,-19000,0.3254,0.3159612179282837,-0.009438782071716334
2024-07-02_08,33,0,-19000,0.3145,0.3046499707119751,-0.00985002928802492
2024-07-02_08,34,19000,-19000,0.3281,0.3178227735993957,-0.0102772264006043
2024-07-02_08,35,38000,-19000,0.3578,0.34919863247229,-0.008601367527710013
2024-07-02_08,36,57000,-19000,0.402,0.39280374618252567,-0.009196253817474354
2024-07-02_08,37,76000,-19000,0.4597,0.46510030108428957,0.0054003010842895716
2024-07-02_08,38,95000,-19000,0.5195,0.5304900501431885,0.010990050143188546
2024-07-02_08,39,-95000,0,0.5409,0.5380536141395569,-0.002846385860443168
2024-07-02_08,40,-76000,0,0.4418,0.4332557963092041,-0.008544203690795948
2024-07-02_08,41,-57000,0,0.3823,0.37226523966180425,-0.010034760338195725
2024-07-02_08,42,-38000,0,0.3391,0.32924160109225464,-0.00985839890774537
2024-07-02_08,43,-19000,0,0.3078,0.298938931672699,-0.008861068327300992
2024-07-02_08,44,19000,0,0.3111,0.3007713796005249,-0.010328620399475075
2024-07-02_08,45,38000,0,0.3436,0.33419650980572513,-0.009403490194274888
2024-07-02_08,46,57000,0,0.3871,0.37840642063940433,-0.008693579360595671
2024-07-02_08,47,76000,0,0.4457,0.45796559054498287,0.012265590544982885
2024-07-02_08,48,95000,0,0.5207,0.5316594578266144,0.010959457826614338
2024-07-02_08,49,-95000,19000,0.5103,0.518769989443573,0.008469989443573023
2024-07-02_08,50,-76000,19000,0.4428,0.43543057267028806,-0.007369427329711964
2024-07-02_08,51,-57000,19000,0.3825,0.3747636413556519,-0.007736358644348129
2024-07-02_08,52,-38000,19000,0.3401,0.3310079366401367,-0.00909206335986329
2024-07-02_08,53,-19000,19000,0.3106,0.30110029213818357,-0.00949970786181642
2024-07-02_08,54,0,19000,0.3019,0.29205986609381107,-0.00984013390618893
2024-07-02_08,55,19000,19000,0.3138,0.3033250982467346,-0.010474901753265431
2024-07-02_08,56,38000,19000,0.3438,0.3338374932536926,-0.009962506746307387
2024-07-02_08,57,57000,19000,0.3874,0.3787743213772278,-0.008625678622772248
2024-07-02_08,58,76000,19000,0.4467,0.45738101717443846,0.010681017174438479
2024-07-02_08,59,95000,19000,0.5044,0.5116917752564697,0.007291775256469735
2024-07-02_08,60,-76000,38000,0.465,0.47511327168893436,0.010113271688934333
2024-07-02_08,61,-57000,38000,0.4,0.391897746673584,-0.008102253326416009
2024-07-02_08,62,-38000,38000,0.3588,0.34959131484414674,-0.009208685155853269
2024-07-02_08,63,-19000,38000,0.3327,0.32190000598715207,-0.010799994012847924
2024-07-02_08,64,0,38000,0.3231,0.31181049174813846,-0.011289508251861535
2024-07-02_08,65,19000,38000,0.3341,0.3240658488608399,-0.010034151139160119
2024-07-02_08,66,38000,38000,0.361,0.3526100155683288,-0.00838998443167116
2024-07-02_08,67,57000,38000,0.4029,0.3967288548433532,-0.006171145156646796
2024-07-02_08,68,76000,38000,0.4636,0.46993811523614504,0.0063381152361450255
2024-07-02_08,69,-76000,57000,0.5204,0.5265538699150085,0.006153869915008547
2024-07-02_08,70,-57000,57000,0.4364,0.4371328504464417,0.0007328504464416685
2024-07-02_08,71,-38000,57000,0.3902,0.3823783366691894,-0.00782166333081058
2024-07-02_08,72,-19000,57000,0.3649,0.3550811546421203,-0.00981884535787969
2024-07-02_08,73,0,57000,0.3567,0.34607734318484495,-0.010622656815155063
2024-07-02_08,74,19000,57000,0.3659,0.3582642313105774,-0.007635768689422617
2024-07-02_08,75,38000,57000,0.391,0.38325766436874387,-0.0077423356312561475
2024-07-02_08,76,57000,57000,0.4353,0.44041424281341546,0.005114242813415437
2024-07-02_08,77,76000,57000,0.4974,0.5053829977512359,0.007982997751235843
2024-07-02_08,78,-57000,76000,0.4999,0.5054667598724365,0.005566759872436489
2024-07-02_08,79,-38000,76000,0.4421,0.44231656065966796,0.00021656065966796367
2024-07-02_08,80,-19000,76000,0.4138,0.4074507036061096,-0.0063492963938904246
2024-07-02_08,81,0,76000,0.4039,0.3969718028068543,-0.006928197193145691
2024-07-02_08,82,19000,76000,0.4132,0.4064284622896729,-0.006771537710327125
2024-07-02_08,83,38000,76000,0.4401,0.4343531086768494,-0.005746891323150594
2024-07-02_08,84,57000,76000,0.483,0.4906457791328429,0.0076457791328429225
2024-07-02_08,85,-19000,95000,0.4728,0.47565283012994386,0.002852830129943862
2024-07-02_08,86,0,95000,0.4741,0.48162738571166996,0.007527385711669943
2024-07-02_08,87,19000,95000,0.4692,0.4744535688236694,0.005253568823669397
2024-07-02_09,0,-19000,-95000,0.5361,0.536001052454071,-9.894754592898458e-05
2024-07-02_09,1,0,-95000,0.553,0.5525306026458741,-0.0004693973541259888
2024-07-02_09,2,19000,-95000,0.5358,0.5482836132507019,0.012483613250701797
2024-07-02_09,3,-57000,-76000,0.5613,0.5606161335468293,-0.0006838664531707561
2024-07-02_09,4,-38000,-76000,0.4979,0.5068737781193847,0.008973778119384712
2024-07-02_09,5,-19000,-76000,0.4705,0.463692720388855,-0.006807279611144967
2024-07-02_09,6,0,-76000,0.4623,0.4652532041251831,0.0029532041251831287
2024-07-02_09,7,19000,-76000,0.4706,0.4650011989773255,-0.0055988010226745155
2024-07-02_09,8,38000,-76000,0.4957,0.5136579997440643,0.017957999744064368
2024-07-02_09,9,57000,-76000,0.5473,0.5433128642082214,-0.003987135791778562
2024-07-02_09,10,-76000,-57000,0.5615,0.5862369814872742,0.024736981487274212
2024-07-02_09,11,-57000,-57000,0.477,0.49279930565396113,0.01579930565396115
2024-07-02_09,12,-38000,-57000,0.4346,0.42839954068276975,-0.006200459317230234
2024-07-02_09,13,-19000,-57000,0.4082,0.4034207988282471,-0.0047792011717529
2024-07-02_09,14,0,-57000,0.3997,0.39619435695755,-0.0035056430424499907
2024-07-02_09,15,19000,-57000,0.4093,0.4062244755337524,-0.0030755244662475922
2024-07-02_09,16,38000,-57000,0.4346,0.4226964340540772,-0.01190356594592279
2024-07-02_09,17,57000,-57000,0.4743,0.4598590279341126,-0.014440972065887403
2024-07-02_09,18,76000,-57000,0.542,0.5506044196128845,0.008604419612884495
2024-07-02_09,19,-76000,-38000,0.492,0.5097562481599122,0.01775624815991217
2024-07-02_09,20,-57000,-38000,0.4301,0.43239080112695316,0.002290801126953179
2024-07-02_09,21,-38000,-38000,0.3857,0.3833703070922546,-0.002329692907745373
2024-07-02_09,22,-19000,-38000,0.3586,0.3542505223500061,-0.0043494776499938825
2024-07-02_09,23,0,-38000,0.35,0.3459712063915711,-0.004028793608428893
2024-07-02_09,24,19000,-38000,0.3601,0.35656068052462764,-0.003539319475372338
2024-07-02_09,25,38000,-38000,0.3863,0.3832030462265015,-0.003096953773498501
2024-07-02_09,26,57000,-38000,0.4298,0.4058094774411011,-0.02399052255889894
2024-07-02_09,27,76000,-38000,0.4865,0.4794605343113403,-0.007039465688659707
2024-07-02_09,28,-95000,-19000,0.5224,0.4536840359909058,-0.06871596400909419
2024-07-02_09,29,-76000,-19000,0.4573,0.4333102453924561,-0.02398975460754388
2024-07-02_09,30,-57000,-19000,0.3968,0.390845662018219,-0.005954337981780966
2024-07-02_09,31,-38000,-19000,0.3528,0.3453831339043274,-0.007416866095672603
2024-07-02_09,32,-19000,-19000,0.323,0.3201359115963135,-0.0028640884036865155
2024-07-02_09,33,0,-19000,0.3119,0.3094782691233521,-0.0024217308766479317
2024-07-02_09,34,19000,-19000,0.325,0.32235113467599485,-0.0026488653240051563
2024-07-02_09,35,38000,-19000,0.3551,0.35112965297003174,-0.003970347029968291
2024-07-02_09,36,57000,-19000,0.399,0.3963954519717102,-0.0026045480282897993
2024-07-02_09,37,76000,-19000,0.457,0.47710281155484013,0.020102811554840117
2024-07-02_09,38,95000,-19000,0.5179,0.5293863445043945,0.011486344504394452
2024-07-02_09,39,-95000,0,0.5408,0.494188595867157,-0.046611404132842926
2024-07-02_09,40,-76000,0,0.4421,0.4606713548165894,0.01857135481658939
2024-07-02_09,41,-57000,0,0.3817,0.3782858190232544,-0.003414180976745562
2024-07-02_09,42,-38000,0,0.3373,0.3309345742261047,-0.006365425773895261
2024-07-02_09,43,-19000,0,0.3056,0.30170444588192746,-0.0038955541180725195
2024-07-02_09,44,19000,0,0.3076,0.3025318438092651,-0.005068156190734863
2024-07-02_09,45,38000,0,0.3403,0.33760359027044673,-0.002696409729553262
2024-07-02_09,46,57000,0,0.3835,0.3821506323547974,-0.0013493676452026038
2024-07-02_09,47,76000,0,0.4426,0.42995291761090093,-0.012647082389099062
2024-07-02_09,48,95000,0,0.5172,0.5175371539115906,0.00033715391159061525
2024-07-02_09,49,-95000,19000,0.5089,0.48151142798681645,-0.027388572013183565
2024-07-02_09,50,-76000,19000,0.4431,0.41599060680761724,-0.027109393192382758
2024-07-02_09,51,-57000,19000,0.382,0.37644687039428715,-0.005553129605712859
2024-07-02_09,52,-38000,19000,0.3387,0.3303271741085816,-0.008372825891418412
2024-07-02_09,53,-19000,19000,0.3083,0.3047294140884399,-0.00357058591156012
2024-07-02_09,54,0,19000,0.2991,0.29347052977731325,-0.005629470222686728
2024-07-02_09,55,19000,19000,0.3107,0.3061766403240357,-0.004523359675964289
2024-07-02_09,56,38000,19000,0.3404,0.33754868023718265,-0.002851319762817328
2024-07-02_09,57,57000,19000,0.3835,0.38578512307153323,0.002285123071533224
2024-07-02_09,58,76000,19000,0.4427,0.44518478057647703,0.0024847805764770525
2024-07-02_09,59,95000,19000,0.4996,0.4601480724853516,-0.03945192751464838
2024-07-02_09,60,-76000,38000,0.4654,0.48038234250207523,0.014982342502075252
2024-07-02_09,61,-57000,38000,0.3995,0.3931729046759338,-0.006327095324066223
2024-07-02_09,62,-38000,38000,0.3566,0.3508737360365295,-0.005726263963470479
2024-07-02_09,63,-19000,38000,0.3304,0.3235359079567871,-0.0068640920432129215
2024-07-02_09,64,0,38000,0.3206,0.3161060406830445,-0.004493959316955509
2024-07-02_09,65,19000,38000,0.331,0.3307970727201843,-0.00020292727981569003
2024-07-02_09,66,38000,38000,0.3575,0.35665435544931035,-0.0008456445506896393
2024-07-02_09,67,57000,38000,0.3988,0.4002187907778625,0.0014187907778624997
2024-07-02_09,68,76000,38000,0.4598,0.4915905938302918,0.03179059383029181
2024-07-02_09,69,-76000,57000,0.52,0.5337843542575836,0.01378435425758362
2024-07-02_09,70,-57000,57000,0.4366,0.44167625018478396,0.00507625018478397
2024-07-02_09,71,-38000,57000,0.3896,0.38378809068707276,-0.005811909312927244
2024-07-02_09,72,-19000,57000,0.3636,0.3570084684104614,-0.0065915315895385684
2024-07-02_09,73,0,57000,0.355,0.3511834716993103,-0.003816528300689681
2024-07-02_09,74,19000,57000,0.3628,0.3618612485287781,-0.0009387514712219103
2024-07-02_09,75,38000,57000,0.3876,0.3888963567120971,0.001296356712097102
2024-07-02_09,76,57000,57000,0.4312,0.42573251313537597,-0.00546748686462406
2024-07-02_09,77,76000,57000,0.4928,0.49981349945068354,0.007013499450683525
2024-07-02_09,78,-57000,76000,0.5031,0.5093204026699066,0.006220402669906644
2024-07-02_09,79,-38000,76000,0.4431,0.4240592885384826,-0.019040711461517368
2024-07-02_09,80,-19000,76000,0.4133,0.4092784419195862,-0.004021558080413823
2024-07-02_09,81,0,76000,0.4025,0.3985094305992126,-0.003990569400787403
2024-07-02_09,82,19000,76000,0.4106,0.4108370589671936,0.00023705896719355968
2024-07-02_09,83,38000,76000,0.4373,0.4386048766762696,0.0013048766762695507
2024-07-02_09,84,57000,76000,0.4795,0.4360887432098388,-0.04341125679016117
2024-07-02_09,85,-19000,95000,0.4722,0.46960561552215574,-0.0025943844778442693
2024-07-02_09,86,0,95000,0.4735,0.47288041086196897,-0.000619589138031007
2024-07-02_09,87,19000,95000,0.4685,0.4711674534598389,0.0026674534598388755
2024-07-02_10,0,-19000,-95000,0.5361,0.44844085292257696,-0.08765914707742306
2024-07-02_10,1,0,-95000,0.5543,0.48250328445434576,-0.07179671554565425
2024-07-02_10,2,19000,-95000,0.536,0.47787548578802497,-0.058124514211975065
2024-07-02_10,3,-57000,-76000,0.5608,0.466087154006958,-0.09471284599304197
2024-07-02_10,4,-38000,-76000,0.4976,0.4399998965412598,-0.05760010345874017
2024-07-02_10,5,-19000,-76000,0.4703,0.39949898255709837,-0.07080101744290163
2024-07-02_10,6,0,-76000,0.4626,0.3625824365149841,-0.10001756348501589
2024-07-02_10,7,19000,-76000,0.4708,0.4083007581561279,-0.06249924184387212
2024-07-02_10,8,38000,-76000,0.496,0.42389799493682856,-0.07210200506317144
2024-07-02_10,9,57000,-76000,0.5481,0.4854729409217835,-0.06262705907821653
2024-07-02_10,10,-76000,-57000,0.56,0.4712020073890686,-0.08879799261093146
2024-07-02_10,11,-57000,-57000,0.4765,0.40125625564727785,-0.07524374435272213
2024-07-02_10,12,-38000,-57000,0.4345,0.38253020362350465,-0.05196979637649535
2024-07-02_10,13,-19000,-57000,0.4083,0.40351723338262935,-0.0047827666173706485
2024-07-02_10,14,0,-57000,0.4,0.3950040591388855,-0.004995940861114545
2024-07-02_10,15,19000,-57000,0.4097,0.4059014702241516,-0.003798529775848436
2024-07-02_10,16,38000,-57000,0.4353,0.39254327952072143,-0.04275672047927859
2024-07-02_10,17,57000,-57000,0.4751,0.4110859158141784,-0.06401408418582161
2024-07-02_10,18,76000,-57000,0.5424,0.46823933076858526,-0.07416066923141473
2024-07-02_10,19,-76000,-38000,0.4907,0.4039743834046631,-0.08672561659533695
2024-07-02_10,20,-57000,-38000,0.4298,0.4110566229523316,-0.01874337704766843
2024-07-02_10,21,-38000,-38000,0.3857,0.37708905242370605,-0.008610947576293937
2024-07-02_10,22,-19000,-38000,0.3589,0.3495802042308349,-0.009319795769165085
2024-07-02_10,23,0,-38000,0.3504,0.342554831276062,-0.007845168723937979
2024-07-02_10,24,19000,-38000,0.3607,0.35560849107192993,-0.005091508928070088
2024-07-02_10,25,38000,-38000,0.3874,0.3811587924957276,-0.006241207504272428
2024-07-02_10,26,57000,-38000,0.4306,0.3740077051750488,-0.056592294824951206
2024-07-02_10,27,76000,-38000,0.4875,0.435855758704895,-0.051644241295104976
2024-07-02_10,28,-95000,-19000,0.5211,0.44391388991479497,-0.07718611008520504
2024-07-02_10,29,-76000,-19000,0.4568,0.38213747038049317,-0.07466252961950681
2024-07-02_10,30,-57000,-19000,0.3966,0.3896633605091553,-0.00693663949084472
2024-07-02_10,31,-38000,-19000,0.3528,0.34366971121850587,-0.009130288781494134
2024-07-02_10,32,-19000,-19000,0.3237,0.31780550660400386,-0.005894493395996125
2024-07-02_10,33,0,-19000,0.3127,0.30425826992910765,-0.008441730070892328
2024-07-02_10,34,19000,-19000,0.3261,0.32027822080999757,-0.00582177919000243
2024-07-02_10,35,38000,-19000,0.3563,0.34845180018603517,-0.00784819981396484
2024-07-02_10,36,57000,-19000,0.4001,0.39536266023950195,-0.0047373397604980605
2024-07-02_10,37,76000,-19000,0.4581,0.3870047825790405,-0.07109521742095953
2024-07-02_10,38,95000,-19000,0.5161,0.45097496972619633,-0.06512503027380367
2024-07-02_10,39,-95000,0,0.5376,0.47300724105834957,-0.0645927589416504
2024-07-02_10,40,-76000,0,0.4414,0.4062141966767273,-0.0351858033232727
2024-07-02_10,41,-57000,0,0.3818,0.3755634700181274,-0.006236529981872574
2024-07-02_10,42,-38000,0,0.3377,0.3291530840212402,-0.008546915978759784
2024-07-02_10,43,-19000,0,0.306,0.3005255065155029,-0.005474493484497078
2024-07-02_10,44,19000,0,0.309,0.3054216890883179,-0.003578310911682092
2024-07-02_10,45,38000,0,0.3416,0.33381772443045044,-0.007782275569549579
2024-07-02_10,46,57000,0,0.3851,0.3782694216325684,-0.006830578367431617
2024-07-02_10,47,76000,0,0.4436,0.3845899217687988,-0.05901007823120119
2024-07-02_10,48,95000,0,0.5178,0.4424482688903809,-0.07535173110961912
2024-07-02_10,49,-95000,19000,0.5075,0.44330472028109746,-0.06419527971890249
2024-07-02_10,50,-76000,19000,0.4433,0.376381737034729,-0.06691826296527104
2024-07-02_10,51,-57000,19000,0.3827,0.37118865840628057,-0.011511341593719415
2024-07-02_10,52,-38000,19000,0.3395,0.3257293130794068,-0.013770686920593245
2024-07-02_10,53,-19000,19000,0.3092,0.3033321636997376,-0.005867836300262386
2024-07-02_10,54,0,19000,0.3,0.29071932671173095,-0.009280673288269037
2024-07-02_10,55,19000,19000,0.312,0.3050668460161743,-0.006933153983825713
2024-07-02_10,56,38000,19000,0.342,0.3338384779683228,-0.008161522031677249
2024-07-02_10,57,57000,19000,0.3852,0.3794175462504883,-0.005782453749511696
2024-07-02_10,58,76000,19000,0.4441,0.390411972647583,-0.05368802735241701
2024-07-02_10,59,95000,19000,0.5005,0.43458922522332766,-0.06591077477667229
2024-07-02_10,60,-76000,38000,0.4706,0.3864676510123901,-0.0841323489876099
2024-07-02_10,61,-57000,38000,0.4026,0.3925484085844727,-0.010051591415527306
2024-07-02_10,62,-38000,38000,0.3574,0.3497725885153503,-0.007627411484649682
2024-07-02_10,63,-19000,38000,0.3315,0.32372334265820313,-0.007776657341796889
2024-07-02_10,64,0,38000,0.322,0.3153100498370667,-0.0066899501629333336
2024-07-02_10,65,19000,38000,0.3326,0.32487877190451053,-0.007721228095489474
2024-07-02_10,66,38000,38000,0.3592,0.35256004436706545,-0.006639955632934569
2024-07-02_10,67,57000,38000,0.4007,0.3976567046627808,-0.0030432953372191984
2024-07-02_10,68,76000,38000,0.461,0.40023951663876345,-0.06076048336123657
2024-07-02_10,69,-76000,57000,0.517,0.43832156467437744,-0.07867843532562258
2024-07-02_10,70,-57000,57000,0.4362,0.40382950051818844,-0.03237049948181153
2024-07-02_10,71,-38000,57000,0.3899,0.38384511578915403,-0.00605488421084599
2024-07-02_10,72,-19000,57000,0.3644,0.3580071962595215,-0.006392803740478514
2024-07-02_10,73,0,57000,0.356,0.3526049039867859,-0.003395096013214083
2024-07-02_10,74,19000,57000,0.3644,0.3574492927996521,-0.006950707200347905
2024-07-02_10,75,38000,57000,0.3895,0.3833931413656616,-0.006106858634338408
2024-07-02_10,76,57000,57000,0.4328,0.4047554731851807,-0.028044526814819337
2024-07-02_10,77,76000,57000,0.4945,0.4305800101280213,-0.06391998987197872
2024-07-02_10,78,-57000,76000,0.4992,0.4295769076347351,-0.06962309236526487
2024-07-02_10,79,-38000,76000,0.4422,0.3912798545265198,-0.05092014547348017
2024-07-02_10,80,-19000,76000,0.4137,0.4073154981735535,-0.006384501826446509
2024-07-02_10,81,0,76000,0.4033,0.3964471166610718,-0.006852883338928195
2024-07-02_10,82,19000,76000,0.412,0.40604078617303463,-0.005959213826965348
2024-07-02_10,83,38000,76000,0.4387,0.40486832846707155,-0.03383167153292843
2024-07-02_10,84,57000,76000,0.4805,0.4074188372612,-0.0730811627388
2024-07-02_10,85,-19000,95000,0.4704,0.3951153924043884,-0.07528460759561156
2024-07-02_10,86,0,95000,0.4731,0.41588615827560427,-0.05721384172439575
2024-07-02_10,87,19000,95000,0.47,0.3879122657309265,-0.08208773426907345
2024-07-05_01,0,-19000,-95000,0.5257,0.5156130435418701,-0.010086956458129848
2024-07-05_01,1,0,-95000,0.5382,0.4652151594161986,-0.07298484058380139
2024-07-05_01,2,19000,-95000,0.5248,0.4677440316216126,-0.057055968378387445
2024-07-05_01,3,-57000,-76000,0.5394,0.5190861604213715,-0.020313839578628534
2024-07-05_01,4,-38000,-76000,0.4812,0.44184651732208247,-0.03935348267791755
2024-07-05_01,5,-19000,-76000,0.4561,0.43561622099926756,-0.02048377900073245
2024-07-05_01,6,0,-76000,0.4485,0.41571860431289676,-0.032781395687103254
2024-07-05_01,7,19000,-76000,0.4575,0.42656539304681396,-0.03093460695318606
2024-07-05_01,8,38000,-76000,0.4836,0.4365604123443604,-0.04703958765563959
2024-07-05_01,9,57000,-76000,0.5358,0.4990546076774597,-0.03674539232254037
2024-07-05_01,10,-76000,-57000,0.5301,0.4871341667175293,-0.04296583328247072
2024-07-05_01,11,-57000,-57000,0.4582,0.4227760337427978,-0.03542396625720218
2024-07-05_01,12,-38000,-57000,0.4165,0.41723504334466555,0.0007350433446655646
2024-07-05_01,13,-19000,-57000,0.3905,0.38539748208248903,-0.005102517917510985
2024-07-05_01,14,0,-57000,0.3825,0.3765579425236206,-0.005942057476379381
2024-07-05_01,15,19000,-57000,0.3931,0.3903945154845886,-0.002705484515411416
2024-07-05_01,16,38000,-57000,0.4215,0.46267484423626704,0.04117484423626705
2024-07-05_01,17,57000,-57000,0.4638,0.47064318854821774,0.006843188548217749
2024-07-05_01,18,76000,-57000,0.5305,0.45959788255691525,-0.07090211744308472
2024-07-05_01,19,-76000,-38000,0.4668,0.420427776691803,-0.046372223308197014
2024-07-05_01,20,-57000,-38000,0.4071,0.4013828529636231,-0.005717147036376935
2024-07-05_01,21,-38000,-38000,0.3651,0.3611777122130432,-0.003922287786956802
2024-07-05_01,22,-19000,-38000,0.3392,0.33511376821170047,-0.0040862317882995325
2024-07-05_01,23,0,-38000,0.33,0.32626164843145755,-0.003738351568542464
2024-07-05_01,24,19000,-38000,0.3428,0.338239830162384,-0.004560169837615979
2024-07-05_01,25,38000,-38000,0.3712,0.36332553319931027,-0.007874466800689706
2024-07-05_01,26,57000,-38000,0.4169,0.4327175891158447,0.015817589115844688
2024-07-05_01,27,76000,-38000,0.4758,0.4495031451954956,-0.026296854804504388
2024-07-05_01,28,-95000,-19000,0.4969,0.405850514195343,-0.091049485804657
2024-07-05_01,29,-76000,-19000,0.4327,0.41410121418817136,-0.01859878581182861
2024-07-05_01,30,-57000,-19000,0.3734,0.3714064834516907,-0.0019935165483093154
2024-07-05_01,31,-38000,-19000,0.3294,0.32621906941931156,-0.003180930580688468
2024-07-05_01,32,-19000,-19000,0.3008,0.2983590878592224,-0.002440912140777629
2024-07-05_01,33,0,-19000,0.2908,0.2874084259801636,-0.0033915740198364186
2024-07-05_01,34,19000,-19000,0.3051,0.29955177855996706,-0.005548221440032919
2024-07-05_01,35,38000,-19000,0.3366,0.3319834675541382,-0.0046165324458617985
2024-07-05_01,36,57000,-19000,0.384,0.3787605959248962,-0.005239404075103815
2024-07-05_01,37,76000,-19000,0.4467,0.40427338886431885,-0.042426611135681136
2024-07-05_01,38,95000,-19000,0.5098,0.4658913569094849,-0.04390864309051512
2024-07-05_01,39,-95000,0,0.4984,0.3885995206832886,-0.10980047931671139
2024-07-05_01,40,-76000,0,0.4144,0.442233015027771,0.027833015027771024
2024-07-05_01,41,-57000,0,0.3562,0.35563607674948117,-0.0005639232505188496
2024-07-05_01,42,-38000,0,0.3114,0.31305592159826656,0.001655921598266552
2024-07-05_01,43,-19000,0,0.282,0.28018284567776486,-0.001817154322235115
2024-07-05_01,44,19000,0,0.287,0.2823855825256347,-0.004614417474365251
2024-07-05_01,45,38000,0,0.3209,0.3215358623503113,0.000635862350311267
2024-07-05_01,46,57000,0,0.369,0.36260155868685917,-0.0063984413131408235
2024-07-05_01,47,76000,0,0.432,0.37310496473901367,-0.05889503526098633
2024-07-05_01,48,95000,0,0.5095,0.49753524599075316,-0.011964754009246792
2024-07-05_01,49,-95000,19000,0.48,0.45067578093905636,-0.029324219060943624
2024-07-05_01,50,-76000,19000,0.4141,0.43044826823001103,0.01634826823001101
2024-07-05_01,51,-57000,19000,0.3557,0.35486964228894047,-0.0008303577110595484
2024-07-05_01,52,-38000,19000,0.3116,0.3139104149626465,0.002310414962646501
2024-07-05_01,53,-19000,19000,0.2844,0.28148996266003423,-0.002910037339965754
2024-07-05_01,54,0,19000,0.2753,0.27284157754202265,-0.0024584224579773384
2024-07-05_01,55,19000,19000,0.289,0.2854361132056885,-0.003563886794311466
2024-07-05_01,56,38000,19000,0.3218,0.3211559444742431,-0.0006440555257568592
2024-07-05_01,57,57000,19000,0.3696,0.36344011809902954,-0.006159881900970443
2024-07-05_01,58,76000,19000,0.4328,0.38196098001293943,-0.050839019987060585
2024-07-05_01,59,95000,19000,0.4927,0.4350292259472961,-0.05767077405270393
2024-07-05_01,60,-76000,38000,0.4342,0.3647350904169312,-0.06946490958306878
2024-07-05_01,61,-57000,38000,0.372,0.3714401739989319,-0.0005598260010680756
2024-07-05_01,62,-38000,38000,0.3307,0.3291778571825257,-0.0015221428174743146
2024-07-05_01,63,-19000,38000,0.3048,0.30316145701821895,-0.001638542981781066
2024-07-05_01,64,0,38000,0.2966,0.2924236932643738,-0.00417630673562619
2024-07-05_01,65,19000,38000,0.31,0.3045848953545227,-0.005415104645477287
2024-07-05_01,66,38000,38000,0.341,0.33378734665899656,-0.007212653341003461
2024-07-05_01,67,57000,38000,0.3862,0.3837997762728882,-0.0024002237271117943
2024-07-05_01,68,76000,38000,0.4503,0.377095434565094,-0.073204565434906
2024-07-05_01,69,-76000,57000,0.4747,0.4519559195518493,-0.022744080448150683
2024-07-05_01,70,-57000,57000,0.4058,0.4320859987888489,0.026285998788848908
2024-07-05_01,71,-38000,57000,0.3636,0.36087468629678343,-0.0027253137032165475
2024-07-05_01,72,-19000,57000,0.3391,0.3408659445940857,0.0017659445940856888
2024-07-05_01,73,0,57000,0.3316,0.3288401512517395,-0.0027598487482605183
2024-07-05_01,74,19000,57000,0.3447,0.3398292238017273,-0.004870776198272697
2024-07-05_01,75,38000,57000,0.3728,0.3695923595879822,-0.0032076404120178204
2024-07-05_01,76,57000,57000,0.4205,0.44886090054772954,0.02836090054772955
2024-07-05_01,77,76000,57000,0.4846,0.451202114200592,-0.033397885799408
2024-07-05_01,78,-57000,76000,0.4602,0.46180314331054684,0.0016031433105468396
2024-07-05_01,79,-38000,76000,0.4149,0.4514674808167114,0.036567480816711406
2024-07-05_01,80,-19000,76000,0.3885,0.38177523092926025,-0.006724769070739767
2024-07-05_01,81,0,76000,0.3803,0.376308800125122,-0.003991199874878004
2024-07-05_01,82,19000,76000,0.3933,0.3861852877359009,-0.007114712264099099
2024-07-05_01,83,38000,76000,0.4236,0.38922237580908203,-0.034377624190917944
2024-07-05_01,84,57000,76000,0.4673,0.38824345645904534,-0.07905654354095465
2024-07-05_01,85,-19000,95000,0.4481,0.43922496886486817,-0.008875031135131828
2024-07-05_01,86,0,95000,0.448,0.41985315217971797,-0.02814684782028204
2024-07-05_01,87,19000,95000,0.454,0.4113630448586121,-0.04263695514138793
2024-07-05_02,0,-19000,-95000,0.5234,0.5392278337758637,0.01582783377586372
2024-07-05_02,1,0,-95000,0.5383,0.543591744184494,0.005291744184493963
2024-07-05_02,2,19000,-95000,0.5259,0.5317705127730408,0.005870512773040737
2024-07-05_02,3,-57000,-76000,0.5454,0.5553007406711579,0.00990074067115787
2024-07-05_02,4,-38000,-76000,0.4801,0.4956947818743286,0.015594781874328556
2024-07-05_02,5,-19000,-76000,0.4527,0.46945619499603275,0.01675619499603276
2024-07-05_02,6,0,-76000,0.4446,0.4445524528635254,-4.7547136474590523e-05
2024-07-05_02,7,19000,-76000,0.4538,0.46886673028341674,0.015066730283416763
2024-07-05_02,8,38000,-76000,0.4804,0.49625271624371337,0.015852716243713372
2024-07-05_02,9,57000,-76000,0.5343,0.5454234450340271,0.011123445034027069
2024-07-05_02,10,-76000,-57000,0.5386,0.5528572184562683,0.014257218456268372
2024-07-05_02,11,-57000,-57000,0.4568,0.4706179911721802,0.013817991172180188
2024-07-05_02,12,-38000,-57000,0.413,0.4261721991349182,0.013172199134918239
2024-07-05_02,13,-19000,-57000,0.3859,0.3917218599463501,0.005821859946350094
2024-07-05_02,14,0,-57000,0.3775,0.38431694693286134,0.006816946932861334
2024-07-05_02,15,19000,-57000,0.3878,0.39382118668972776,0.006021186689727787
2024-07-05_02,16,38000,-57000,0.4163,0.3992125025914307,-0.017087497408569297
2024-07-05_02,17,57000,-57000,0.4595,0.4762505329685669,0.016750532968566878
2024-07-05_02,18,76000,-57000,0.5278,0.5412731140136718,0.013473114013671794
2024-07-05_02,19,-76000,-38000,0.4674,0.48156300719357303,0.014163007193573052
2024-07-05_02,20,-57000,-38000,0.4047,0.42569088695077517,0.020990886950775167
2024-07-05_02,21,-38000,-38000,0.3614,0.3682845110707703,0.006884511070770316
2024-07-05_02,22,-19000,-38000,0.3344,0.34207272175994874,0.007672721759948764
2024-07-05_02,23,0,-38000,0.3248,0.3308400561416931,0.0060400561416931176
2024-07-05_02,24,19000,-38000,0.3373,0.3448063046401062,0.0075063046401062095
2024-07-05_02,25,38000,-38000,0.3656,0.372176763343811,0.006576763343811021
2024-07-05_02,26,57000,-38000,0.4108,0.42728774171832273,0.016487741718322735
2024-07-05_02,27,76000,-38000,0.4712,0.48134163640881344,0.010141636408813437
2024-07-05_02,28,-95000,-19000,0.4972,0.5204274049695129,0.02322740496951292
2024-07-05_02,29,-76000,-19000,0.4317,0.4384290759363403,0.006729075936340312
2024-07-05_02,30,-57000,-19000,0.3706,0.3782104777757873,0.007610477775787328
2024-07-05_02,31,-38000,-19000,0.3256,0.33415743261843867,0.008557432618438665
2024-07-05_02,32,-19000,-19000,0.2968,0.3043120323323669,0.007512032332366914
2024-07-05_02,33,0,-19000,0.2865,0.29391750531771854,0.007417505317718565
2024-07-05_02,34,19000,-19000,0.3001,0.3070078539858093,0.006907853985809342
2024-07-05_02,35,38000,-19000,0.331,0.33680102549868773,0.0058010254986877174
2024-07-05_02,36,57000,-19000,0.3782,0.38422125210186764,0.006021252101867658
2024-07-05_02,37,76000,-19000,0.4408,0.447243081370575,0.006443081370574977
2024-07-05_02,38,95000,-19000,0.5047,0.522469106679718,0.017769106679717983
2024-07-05_02,39,-95000,0,0.5042,0.5242425856590271,0.020042585659027168
2024-07-05_02,40,-76000,0,0.4133,0.4225248219727783,0.009224821972778297
2024-07-05_02,41,-57000,0,0.3536,0.3625178609944153,0.008917860994415272
2024-07-05_02,42,-38000,0,0.308,0.3163871622123413,0.008387162212341315
2024-07-05_02,43,-19000,0,0.2784,0.2860178566056213,0.007617856605621309
2024-07-05_02,44,19000,0,0.2823,0.2902925298287964,0.00799252982879639
2024-07-05_02,45,38000,0,0.3152,0.3230235914371338,0.007823591437133792
2024-07-05_02,46,57000,0,0.3635,0.36867456916482544,0.005174569164825449
2024-07-05_02,47,76000,0,0.4258,0.4145629802890015,-0.011237019710998497
2024-07-05_02,48,95000,0,0.5033,0.503162997341156,-0.00013700265884397655
2024-07-05_02,49,-95000,19000,0.4888,0.4821865054615173,-0.0066134945384827
2024-07-05_02,50,-76000,19000,0.4143,0.40304439632382205,-0.01125560367617795
2024-07-05_02,51,-57000,19000,0.3538,0.3624545066607361,0.008654506660736083
2024-07-05_02,52,-38000,19000,0.3085,0.3171033902449646,0.008603390244964593
2024-07-05_02,53,-19000,19000,0.281,0.28890378462124633,0.007903784621246301
2024-07-05_02,54,0,19000,0.2714,0.2793012693312683,0.007901269331268335
2024-07-05_02,55,19000,19000,0.2845,0.2927916457099915,0.008291645709991524
2024-07-05_02,56,38000,19000,0.3159,0.32305956378948975,0.007159563789489731
2024-07-05_02,57,57000,19000,0.3643,0.3703790424491272,0.006079042449127214
2024-07-05_02,58,76000,19000,0.4273,0.42106979363766484,-0.006230206362335178
2024-07-05_02,59,95000,19000,0.4875,0.49369639167041013,0.00619639167041014
2024-07-05_02,60,-76000,38000,0.4369,0.4506694652361145,0.013769465236114498
2024-07-05_02,61,-57000,38000,0.3713,0.3800801024877014,0.008780102487701391
2024-07-05_02,62,-38000,38000,0.3278,0.33831420384259037,0.010514203842590386
2024-07-05_02,63,-19000,38000,0.3008,0.3108811738285523,0.010081173828552281
2024-07-05_02,64,0,38000,0.2924,0.30025816777914427,0.007858167779144276
2024-07-05_02,65,19000,38000,0.3048,0.31200551803775023,0.007205518037750214
2024-07-05_02,66,38000,38000,0.3356,0.34078725848690794,0.005187258486907931
2024-07-05_02,67,57000,38000,0.3814,0.38634017976931767,0.004940179769317654
2024-07-05_02,68,76000,38000,0.4467,0.4658630736468201,0.019163073646820128
2024-07-05_02,69,-76000,57000,0.4857,0.49652413616180424,0.010824136161804221
2024-07-05_02,70,-57000,57000,0.4071,0.42763932157623286,0.02053932157623284
2024-07-05_02,71,-38000,57000,0.3621,0.3702507174585571,0.00815071745855711
2024-07-05_02,72,-19000,57000,0.3361,0.34342646233163454,0.007326462331634531
2024-07-05_02,73,0,57000,0.3276,0.3357012322812195,0.008101232281219506
2024-07-05_02,74,19000,57000,0.3406,0.3459062434375916,0.005306243437591562
2024-07-05_02,75,38000,57000,0.3685,0.3732158186237182,0.0047158186237182265
2024-07-05_02,76,57000,57000,0.416,0.40512860972567744,-0.010871390274322545
2024-07-05_02,77,76000,57000,0.4815,0.49893382530212405,0.017433825302124062
2024-07-05_02,78,-57000,76000,0.4672,0.48683087120056157,0.01963087120056156
2024-07-05_02,79,-38000,76000,0.4151,0.4189885712099609,0.0038885712099608893
2024-07-05_02,80,-19000,76000,0.3872,0.395069715756897,0.007869715756896989
2024-07-05_02,81,0,76000,0.3776,0.38556048746109006,0.007960487461090071
2024-07-05_02,82,19000,76000,0.39,0.3958092243836975,0.005809224383697464
2024-07-05_02,83,38000,76000,0.4199,0.425816746975769,0.005916746975768994
2024-07-05_02,84,57000,76000,0.464,0.4602400396347046,-0.0037599603652954117
2024-07-05_02,85,-19000,95000,0.448,0.46288832894650267,0.01488832894650266
2024-07-05_02,86,0,95000,0.449,0.4666174399375915,0.017617439937591517
2024-07-05_02,87,19000,95000,0.4519,0.4534324549144897,0.001532454914489667
2024-07-05_03,0,-19000,-95000,0.5323,0.5390047978710022,0.006704797871002199
2024-07-05_03,1,0,-95000,0.5491,0.49066945877075185,-0.05843054122924818
2024-07-05_03,2,19000,-95000,0.5323,0.49524856043530274,-0.03705143956469725
2024-07-05_03,3,-57000,-76000,0.5566,0.5486403388500214,-0.007959661149978592
2024-07-05_03,4,-38000,-76000,0.487,0.46402906023516843,-0.022970939764831555
2024-07-05_03,5,-19000,-76000,0.4585,0.45175950295700074,-0.006740497042999283
2024-07-05_03,6,0,-76000,0.4499,0.4418901554328003,-0.00800984456719972
2024-07-05_03,7,19000,-76000,0.4595,0.44938116862918087,-0.010118831370819148
2024-07-05_03,8,38000,-76000,0.4872,0.47076669164404294,-0.016433308355957077
2024-07-05_03,9,57000,-76000,0.5455,0.5072580050945282,-0.038241994905471755
2024-07-05_03,10,-76000,-57000,0.5488,0.5282268507003784,-0.020573149299621507
2024-07-05_03,11,-57000,-57000,0.463,0.4502012972562256,-0.012798702743774426
2024-07-05_03,12,-38000,-57000,0.4188,0.42707742659906,0.00827742659906
2024-07-05_03,13,-19000,-57000,0.3918,0.38935342028961184,-0.0024465797103881415
2024-07-05_03,14,0,-57000,0.3831,0.380444688176117,-0.002655311823883011
2024-07-05_03,15,19000,-57000,0.3938,0.3928832668140564,-0.0009167331859435968
2024-07-05_03,16,38000,-57000,0.4221,0.46217849760070806,0.040078497600708085
2024-07-05_03,17,57000,-57000,0.4659,0.4772258133381958,0.011325813338195823
2024-07-05_03,18,76000,-57000,0.5391,0.4942517649650574,-0.04484823503494262
2024-07-05_03,19,-76000,-38000,0.4744,0.4539431296394959,-0.020456870360504087
2024-07-05_03,20,-57000,-38000,0.4105,0.41930763399981685,0.008807633999816877
2024-07-05_03,21,-38000,-38000,0.3671,0.36569184433404545,-0.0014081556659545358
2024-07-05_03,22,-19000,-38000,0.3404,0.3383770093918457,-0.002022990608154307
2024-07-05_03,23,0,-38000,0.3308,0.32940106538732905,-0.0013989346126709323
2024-07-05_03,24,19000,-38000,0.3432,0.3409627367397766,-0.0022372632602233877
2024-07-05_03,25,38000,-38000,0.3717,0.36623070354461673,-0.0054692964553832435
2024-07-05_03,26,57000,-38000,0.4173,0.4346651383789063,0.017365138378906297
2024-07-05_03,27,76000,-38000,0.4779,0.46739823923815915,-0.01050176076184084
2024-07-05_03,28,-95000,-19000,0.5058,0.4338882835292358,-0.07191171647076422
2024-07-05_03,29,-76000,-19000,0.4372,0.43032734610607914,-0.006872653893920833
2024-07-05_03,30,-57000,-19000,0.3763,0.37349939838467405,-0.0028006016153259705
2024-07-05_03,31,-38000,-19000,0.3318,0.3276730651417237,-0.00412693485827631
2024-07-05_03,32,-19000,-19000,0.3026,0.3013401645269165,-0.0012598354730835037
2024-07-05_03,33,0,-19000,0.2926,0.2909640024403992,-0.0016359975596008103
2024-07-05_03,34,19000,-19000,0.3062,0.3022656389255981,-0.003934361074401926
2024-07-05_03,35,38000,-19000,0.3373,0.33566610483944703,-0.0016338951605529561
2024-07-05_03,36,57000,-19000,0.3846,0.3819022625938415,-0.0026977374061584736
2024-07-05_03,37,76000,-19000,0.4478,0.44121895065863037,-0.006581049341369605
2024-07-05_03,38,95000,-19000,0.516,0.4931007487529907,-0.02289925124700931
2024-07-05_03,39,-95000,0,0.5153,0.418581657409668,-0.09671834259033196
2024-07-05_03,40,-76000,0,0.4195,0.4403859841251221,0.020885984125122103
2024-07-05_03,41,-57000,0,0.3591,0.3596388363606262,0.0005388363606262381
2024-07-05_03,42,-38000,0,0.314,0.31753783881024167,0.003537838810241667
2024-07-05_03,43,-19000,0,0.2852,0.2845494533088684,-0.000650546691131626
2024-07-05_03,44,19000,0,0.2888,0.28531527786380007,-0.003484722136199936
2024-07-05_03,45,38000,0,0.3221,0.32591090437100223,0.0038109043710022328
2024-07-05_03,46,57000,0,0.3699,0.3656180555498352,-0.004281944450164832
2024-07-05_03,47,76000,0,0.4328,0.37903583929986573,-0.05376416070013429
2024-07-05_03,48,95000,0,0.5156,0.5075019242286682,-0.008098075771331703
2024-07-05_03,49,-95000,19000,0.4911,0.4642863666174011,-0.0268136333825989
2024-07-05_03,50,-76000,19000,0.421,0.4243439243684082,0.003343924368408191
2024-07-05_03,51,-57000,19000,0.3595,0.35986500122775267,0.0003650012277526815
2024-07-05_03,52,-38000,19000,0.3146,0.3172852670703735,0.0026852670703735315
2024-07-05_03,53,-19000,19000,0.2875,0.2867212354166565,-0.000778764583343472
2024-07-05_03,54,0,19000,0.2784,0.27538205592578124,-0.003017944074218737
2024-07-05_03,55,19000,19000,0.2915,0.2889630137828675,-0.0025369862171324975
2024-07-05_03,56,38000,19000,0.3232,0.32398321369876104,0.0007832136987610538
2024-07-05_03,57,57000,19000,0.371,0.36699736679385375,-0.004002633206146244
2024-07-05_03,58,76000,19000,0.435,0.4004906210841065,-0.03450937891589351
2024-07-05_03,59,95000,19000,0.4988,0.4485442934314575,-0.0502557065685425
2024-07-05_03,60,-76000,38000,0.4448,0.390776277835968,-0.05402372216403195
2024-07-05_03,61,-57000,38000,0.3775,0.375957579645813,-0.0015424203541870019
2024-07-05_03,62,-38000,38000,0.334,0.3330008469343567,-0.000999153065643299
2024-07-05_03,63,-19000,38000,0.3073,0.30661366395816037,-0.0006863360418396525
2024-07-05_03,64,0,38000,0.2992,0.29745531153533933,-0.001744688464660693
2024-07-05_03,65,19000,38000,0.3118,0.310799205552887,-0.0010007944471130403
2024-07-05_03,66,38000,38000,0.3426,0.33668773681481934,-0.005912263185180677
2024-07-05_03,67,57000,38000,0.3889,0.38419778897012324,-0.004702211029876779
2024-07-05_03,68,76000,38000,0.4555,0.41369033529608157,-0.04180966470391845
2024-07-05_03,69,-76000,57000,0.4981,0.47032822666168217,-0.027771773338317818
2024-07-05_03,70,-57000,57000,0.4151,0.44181618736544803,0.026716187365448008
2024-07-05_03,71,-38000,57000,0.3687,0.3648615605609131,-0.0038384394390869048
2024-07-05_03,72,-19000,57000,0.3428,0.3445701892659302,0.0017701892659301999
2024-07-05_03,73,0,57000,0.335,0.33244718530010986,-0.00255281469989016
2024-07-05_03,74,19000,57000,0.3475,0.34319030973397824,-0.004309690266021737
2024-07-05_03,75,38000,57000,0.3756,0.3734972405024414,-0.002102759497558615
2024-07-05_03,76,57000,57000,0.4245,0.46041129206451414,0.035911292064514155
2024-07-05_03,77,76000,57000,0.4945,0.46509373559951783,-0.029406264400482163
2024-07-05_03,78,-57000,76000,0.4786,0.4759547263145447,-0.002645273685455307
2024-07-05_03,79,-38000,76000,0.4236,0.4545244098426209,0.030924409842620904
2024-07-05_03,80,-19000,76000,0.3946,0.38547741860879514,-0.009122581391204865
2024-07-05_03,81,0,76000,0.3853,0.3813733637809753,-0.003926636219024671
2024-07-05_03,82,19000,76000,0.398,0.3902866127899475,-0.007713387210052547
2024-07-05_03,83,38000,76000,0.4283,0.3980591802056884,-0.03024081979431159
2024-07-05_03,84,57000,76000,0.4762,0.40547615661621095,-0.07072384338378906
2024-07-05_03,85,-19000,95000,0.4583,0.45548570154748536,-0.0028142984525146297
2024-07-05_03,86,0,95000,0.4602,0.44366444950103756,-0.016535550498962437
2024-07-05_03,87,19000,95000,0.401547873,0.41789477242498785,0.01634689942498785
2024-07-05_04,0,-19000,-95000,0.5366,0.5167189289028168,-0.01988107109718318
2024-07-05_04,1,0,-95000,0.5555,0.5431006716728211,-0.012399328327178938
2024-07-05_04,2,19000,-95000,0.5376,0.5259851977547455,-0.011614802245254463
2024-07-05_04,3,-57000,-76000,0.563,0.5441782494544983,-0.018821750545501614
2024-07-05_04,4,-38000,-76000,0.4936,0.47486743225674444,-0.018732567743255546
2024-07-05_04,5,-19000,-76000,0.4648,0.4569536370200805,-0.007846362979919475
2024-07-05_04,6,0,-76000,0.4563,0.43671015184158324,-0.019589848158416745
2024-07-05_04,7,19000,-76000,0.4657,0.45502807404544066,-0.010671925954559347
2024-07-05_04,8,38000,-76000,0.493,0.48046984247296143,-0.012530157527038566
2024-07-05_04,9,57000,-76000,0.5523,0.527593530368805,-0.02470646963119505
2024-07-05_04,10,-76000,-57000,0.5565,0.5467930158138276,-0.00970698418617244
2024-07-05_04,11,-57000,-57000,0.4694,0.45543433417462154,-0.013965665825378448
2024-07-05_04,12,-38000,-57000,0.4256,0.40344868281622315,-0.02215131718377683
2024-07-05_04,13,-19000,-57000,0.3988,0.4057575350760193,0.006957535076019317
2024-07-05_04,14,0,-57000,0.3905,0.3978270655019531,0.007327065501953112
2024-07-05_04,15,19000,-57000,0.401,0.4079444039205322,0.006944403920532194
2024-07-05_04,16,38000,-57000,0.4291,0.4174964963797607,-0.011603503620239264
2024-07-05_04,17,57000,-57000,0.4717,0.4631589011203613,-0.00854109887963872
2024-07-05_04,18,76000,-57000,0.5456,0.5314689349651337,-0.014131065034866275
2024-07-05_04,19,-76000,-38000,0.4818,0.4761255518930053,-0.0056744481069946895
2024-07-05_04,20,-57000,-38000,0.4183,0.3880678490586853,-0.030232150941314706
2024-07-05_04,21,-38000,-38000,0.3745,0.3831466736818848,0.00864667368188482
2024-07-05_04,22,-19000,-38000,0.3483,0.3556540074751282,0.00735400747512821
2024-07-05_04,23,0,-38000,0.3392,0.34751751576776124,0.008317515767761241
2024-07-05_04,24,19000,-38000,0.3511,0.3592715403010559,0.00817154030105588
2024-07-05_04,25,38000,-38000,0.379,0.38514480705261234,0.006144807052612333
2024-07-05_04,26,57000,-38000,0.4244,0.39595778396447756,-0.02844221603552244
2024-07-05_04,27,76000,-38000,0.4842,0.46015731377770996,-0.024042686222290055
2024-07-05_04,28,-95000,-19000,0.512,0.5134839657346039,0.0014839657346038537
2024-07-05_04,29,-76000,-19000,0.445,0.4254777128063354,-0.01952228719366461
2024-07-05_04,30,-57000,-19000,0.3841,0.39344061438171385,0.009340614381713852
2024-07-05_04,31,-38000,-19000,0.3402,0.3490616545530395,0.0088616545530395
2024-07-05_04,32,-19000,-19000,0.3115,0.31995855064532475,0.008458550645324747
2024-07-05_04,33,0,-19000,0.3013,0.3106846256363831,0.009384625636383093
2024-07-05_04,34,19000,-19000,0.3149,0.3234287244606934,0.00852872446069336
2024-07-05_04,35,38000,-19000,0.3458,0.35391877506445313,0.008118775064453132
2024-07-05_04,36,57000,-19000,0.392,0.3997080056117248,0.0077080056117248
2024-07-05_04,37,76000,-19000,0.4545,0.44618058058532717,-0.008319419414672846
2024-07-05_04,38,95000,-19000,0.5227,0.5047246908680115,-0.017975309131988526
2024-07-05_04,39,-95000,0,0.5267,0.5192861387252807,-0.007413861274719213
2024-07-05_04,40,-76000,0,0.4278,0.3973100356124267,-0.030489964387573287
2024-07-05_04,41,-57000,0,0.3672,0.3769266807980347,0.009726680798034681
2024-07-05_04,42,-38000,0,0.3227,0.33336442155096435,0.010664421550964365
2024-07-05_04,43,-19000,0,0.294,0.3026538315841675,0.008653831584167493
2024-07-05_04,44,19000,0,0.2981,0.30694521907131955,0.008845219071319577
2024-07-05_04,45,38000,0,0.3311,0.3399662896295166,0.008866289629516577
2024-07-05_04,46,57000,0,0.3774,0.3848056650994873,0.007405665099487313
2024-07-05_04,47,76000,0,0.4401,0.42316022861120606,-0.016939771388793934
2024-07-05_04,48,95000,0,0.5236,0.4989952421188355,-0.024604757881164452
2024-07-05_04,49,-95000,19000,0.4985,0.4827960097891235,-0.015703990210876484
2024-07-05_04,50,-76000,19000,0.43,0.4265968092380371,-0.003403190761962882
2024-07-05_04,51,-57000,19000,0.3677,0.3779584861931763,0.010258486193176264
2024-07-05_04,52,-38000,19000,0.3242,0.3351738435498657,0.010973843549865692
2024-07-05_04,53,-19000,19000,0.2966,0.3055722522407227,0.008972252240722733
2024-07-05_04,54,0,19000,0.2881,0.2973090082159119,0.009209008215911862
2024-07-05_04,55,19000,19000,0.3003,0.3087971531179199,0.008497153117919876
2024-07-05_04,56,38000,19000,0.3322,0.3403129797478638,0.008112979747863791
2024-07-05_04,57,57000,19000,0.3788,0.38592965969183346,0.007129659691833434
2024-07-05_04,58,76000,19000,0.4423,0.41974847433953855,-0.02255152566046148
2024-07-05_04,59,95000,19000,0.5065,0.49512017667507935,-0.011379823324920602
2024-07-05_04,60,-76000,38000,0.4541,0.4403283027644348,-0.013771697235565206
2024-07-05_04,61,-57000,38000,0.3861,0.3948909298545227,0.008790929854522678
2024-07-05_04,62,-38000,38000,0.3433,0.3530191074449158,0.009719107444915831
2024-07-05_04,63,-19000,38000,0.3168,0.32623145244354246,0.009431452443542432
2024-07-05_04,64,0,38000,0.3085,0.31871553003594966,0.01021553003594966
2024-07-05_04,65,19000,38000,0.3211,0.3306581405661011,0.009558140566101103
2024-07-05_04,66,38000,38000,0.3509,0.35782762271569823,0.006927622715698245
2024-07-05_04,67,57000,38000,0.3969,0.40270616794940184,0.005806167949401864
2024-07-05_04,68,76000,38000,0.4628,0.4566597268344421,-0.006140273165557875
2024-07-05_04,69,-76000,57000,0.5075,0.4982699172496796,-0.009230082750320334
2024-07-05_04,70,-57000,57000,0.4243,0.3940814019090271,-0.030218598090972937
2024-07-05_04,71,-38000,57000,0.377,0.38652496196646113,0.009524961966461132
2024-07-05_04,72,-19000,57000,0.3514,0.36228195450836187,0.01088195450836188
2024-07-05_04,73,0,57000,0.344,0.3531136186427918,0.00911361864279181
2024-07-05_04,74,19000,57000,0.3556,0.3633554635945434,0.007755463594543377
2024-07-05_04,75,38000,57000,0.3833,0.38889317580636595,0.00559317580636598
2024-07-05_04,76,57000,57000,0.4326,0.4064424224946289,-0.026157577505371066
2024-07-05_04,77,76000,57000,0.5023,0.4848925471305847,-0.017407452869415252
2024-07-05_04,78,-57000,76000,0.4875,0.4842652397155762,-0.0032347602844237655
2024-07-05_04,79,-38000,76000,0.4319,0.4136714887853393,-0.01822851121466068
2024-07-05_04,80,-19000,76000,0.4033,0.4108581908130188,0.007558190813018784
2024-07-05_04,81,0,76000,0.3936,0.4003017791748047,0.0067017791748046895
2024-07-05_04,82,19000,76000,0.4063,0.411700355736908,0.005400355736908002
2024-07-05_04,83,38000,76000,0.4363,0.4218007233031006,-0.014499276696899432
2024-07-05_04,84,57000,76000,0.4838,0.47707945108413696,-0.006720548915863045
2024-07-05_04,85,-19000,95000,0.4649,0.45095604000231937,-0.01394395999768061
2024-07-05_04,86,0,95000,0.4685,0.45441659774780274,-0.014083402252197286
2024-07-05_04,87,19000,95000,0.4686,0.45691614515496826,-0.01168385484503176
2024-07-05_05,0,-19000,-95000,0.5394,0.5335692663963013,-0.005830733603698679
2024-07-05_05,1,0,-95000,0.5582,0.5407995151519776,-0.01740048484802248
2024-07-05_05,2,19000,-95000,0.5389,0.5309193371376038,-0.007980662862396293
2024-07-05_05,3,-57000,-76000,0.566,0.5592174414634704,-0.006782558536529537
2024-07-05_05,4,-38000,-76000,0.4954,0.49049192177670287,-0.004908078223297141
2024-07-05_05,5,-19000,-76000,0.466,0.45712128701596066,-0.00887871298403936
2024-07-05_05,6,0,-76000,0.4577,0.4575911128574829,-0.00010888714251711118
2024-07-05_05,7,19000,-76000,0.467,0.4684210401078186,0.001421040107818572
2024-07-05_05,8,38000,-76000,0.4945,0.4839087050310059,-0.01059129496899408
2024-07-05_05,9,57000,-76000,0.5548,0.5487904819488525,-0.006009518051147467
2024-07-05_05,10,-76000,-57000,0.5596,0.5607751492500305,0.0011751492500304828
2024-07-05_05,11,-57000,-57000,0.4712,0.46595866016143794,-0.005241339838562065
2024-07-05_05,12,-38000,-57000,0.4274,0.4347384690634155,0.007338469063415509
2024-07-05_05,13,-19000,-57000,0.4005,0.4048454713929749,0.0043454713929748645
2024-07-05_05,14,0,-57000,0.3918,0.3963661057644653,0.004566105764465311
2024-07-05_05,15,19000,-57000,0.4023,0.406628366829071,0.0043283668290710064
2024-07-05_05,16,38000,-57000,0.4301,0.4271028698321533,-0.0029971301678466955
2024-07-05_05,17,57000,-57000,0.4728,0.4703301201339416,-0.0024698798660584
2024-07-05_05,18,76000,-57000,0.5499,0.5475706728935241,-0.0023293271064759313
2024-07-05_05,19,-76000,-38000,0.4842,0.4816871753795471,-0.002512824620452936
2024-07-05_05,20,-57000,-38000,0.4204,0.4329060197182617,0.012506019718261707
2024-07-05_05,21,-38000,-38000,0.3761,0.3808177172548828,0.004717717254882792
2024-07-05_05,22,-19000,-38000,0.3496,0.35387010128921503,0.004270101289215011
2024-07-05_05,23,0,-38000,0.3403,0.34415917154711917,0.003859171547119178
2024-07-05_05,24,19000,-38000,0.3521,0.3550463196770325,0.0029463196770324607
2024-07-05_05,25,38000,-38000,0.3804,0.38324871387481685,0.002848713874816833
2024-07-05_05,26,57000,-38000,0.4259,0.4075557825247498,-0.018344217475250224
2024-07-05_05,27,76000,-38000,0.4866,0.4742947762269898,-0.012305223773010188
2024-07-05_05,28,-95000,-19000,0.5151,0.5138217312085724,-0.0012782687914275614
2024-07-05_05,29,-76000,-19000,0.4473,0.4515268919957275,0.004226891995727511
2024-07-05_05,30,-57000,-19000,0.3861,0.39181167476470946,0.005711674764709462
2024-07-05_05,31,-38000,-19000,0.3418,0.34722457389150996,0.005424573891509965
2024-07-05_05,32,-19000,-19000,0.3124,0.3182484882215576,0.005848488221557591
2024-07-05_05,33,0,-19000,0.3021,0.30574103691378784,0.003641036913787865
2024-07-05_05,34,19000,-19000,0.3158,0.32080779353927613,0.005007793539276106
2024-07-05_05,35,38000,-19000,0.347,0.3514616857557984,0.004461685755798417
2024-07-05_05,36,57000,-19000,0.3938,0.39633293302569583,0.0025329330256958493
2024-07-05_05,37,76000,-19000,0.4561,0.45356213765692144,-0.0025378623430785674
2024-07-05_05,38,95000,-19000,0.5256,0.5091854715073547,-0.01641452849264524
2024-07-05_05,39,-95000,0,0.5312,0.5367628000259399,0.005562800025939896
2024-07-05_05,40,-76000,0,0.4305,0.4245698839879761,-0.005930116012023867
2024-07-05_05,41,-57000,0,0.3692,0.37516848407040404,0.005968484070404068
2024-07-05_05,42,-38000,0,0.3248,0.33227423131246947,0.007474231312469493
2024-07-05_05,43,-19000,0,0.2952,0.30240867782644654,0.007208677826446519
2024-07-05_05,44,19000,0,0.299,0.3041715144103089,0.005171514410308886
2024-07-05_05,45,38000,0,0.3325,0.3364363270976257,0.0039363270976257025
2024-07-05_05,46,57000,0,0.3788,0.38072625578399655,0.0019262557839965222
2024-07-05_05,47,76000,0,0.442,0.44455042284759516,0.0025504228475951574
2024-07-05_05,48,95000,0,0.5286,0.5069132491111755,-0.021686750888824435
2024-07-05_05,49,-95000,19000,0.5018,0.5059559833295594,0.004155983329559354
2024-07-05_05,50,-76000,19000,0.4323,0.41298094935317997,-0.019319050646820046
2024-07-05_05,51,-57000,19000,0.3699,0.37649010483755496,0.006590104837554955
2024-07-05_05,52,-38000,19000,0.3255,0.3314121084410401,0.005912108441040065
2024-07-05_05,53,-19000,19000,0.298,0.3032509072279358,0.005250907227935808
2024-07-05_05,54,0,19000,0.2891,0.2940021029874573,0.004902102987457302
2024-07-05_05,55,19000,19000,0.3018,0.305684719816925,0.0038847198169250086
2024-07-05_05,56,38000,19000,0.3335,0.33714897562524415,0.003648975625244133
2024-07-05_05,57,57000,19000,0.3801,0.38066736322030637,0.0005673632203063717
2024-07-05_05,58,76000,19000,0.4441,0.445142054652771,0.0010420546527710184
2024-07-05_05,59,95000,19000,0.5096,0.4904161806473083,-0.019183819352691756
2024-07-05_05,60,-76000,38000,0.4568,0.4656086621192017,0.008808662119201727
2024-07-05_05,61,-57000,38000,0.3883,0.3943383747045288,0.006038374704528837
2024-07-05_05,62,-38000,38000,0.345,0.35178724975552367,0.006787249755523694
2024-07-05_05,63,-19000,38000,0.3184,0.3233200348109436,0.004920034810943608
2024-07-05_05,64,0,38000,0.3099,0.31608558239816287,0.006185582398162859
2024-07-05_05,65,19000,38000,0.3226,0.3271353713511047,0.004535371351104711
2024-07-05_05,66,38000,38000,0.3523,0.3539373203206787,0.0016373203206787035
2024-07-05_05,67,57000,38000,0.398,0.39813149854199215,0.00013149854199212552
2024-07-05_05,68,76000,38000,0.4642,0.4536728897208252,-0.0105271102791748
2024-07-05_05,69,-76000,57000,0.5135,0.5200709713935852,0.006570971393585201
2024-07-05_05,70,-57000,57000,0.427,0.4168845603048401,-0.010115439695159878
2024-07-05_05,71,-38000,57000,0.3789,0.3851268203832703,0.006226820383270271
2024-07-05_05,72,-19000,57000,0.3531,0.35844818521319577,0.005348185213195744
2024-07-05_05,73,0,57000,0.3455,0.3496796207497559,0.004179620749755919
2024-07-05_05,74,19000,57000,0.3569,0.35948473209176635,0.0025847320917663508
2024-07-05_05,75,38000,57000,0.3848,0.38609729091714473,0.0012972909171447555
2024-07-05_05,76,57000,57000,0.434,0.4334721497723083,-0.0005278502276916952
2024-07-05_05,77,76000,57000,0.505,0.49655607748031616,-0.008443922519683844
2024-07-05_05,78,-57000,76000,0.4935,0.4858989132881164,-0.007601086711883587
2024-07-05_05,79,-38000,76000,0.4346,0.4320447973518067,-0.002555202648193311
2024-07-05_05,80,-19000,76000,0.4055,0.41006252281777955,0.004562522817779524
2024-07-05_05,81,0,76000,0.3953,0.4000628573417664,0.004762857341766402
2024-07-05_05,82,19000,76000,0.408,0.40813395500204463,0.00013395500204466115
2024-07-05_05,83,38000,76000,0.438,0.42740021651837157,-0.010599783481628433
2024-07-05_05,84,57000,76000,0.487,0.47615752029418945,-0.010842479705810537
2024-07-05_05,85,-19000,95000,0.4679,0.46410875199789425,-0.0037912480021057293
2024-07-05_05,86,0,95000,0.4721,0.4801661951065064,0.008066195106506358
2024-07-05_05,87,19000,95000,0.4705,0.47589745056707766,0.0053974505670776884
2024-07-05_06,0,-19000,-95000,0.538,0.5373605925582886,-0.0006394074417114259
2024-07-05_06,1,0,-95000,0.5567,0.5606643489837646,0.003964348983764632
2024-07-05_06,2,19000,-95000,0.5383,0.5375107772586976,-0.0007892227413024422
2024-07-05_06,3,-57000,-76000,0.5655,0.5521228231906891,-0.013377176809310942
2024-07-05_06,4,-38000,-76000,0.4966,0.49468678555300905,-0.0019132144469909407
2024-07-05_06,5,-19000,-76000,0.4675,0.4750158849325562,0.007515884932556172
2024-07-05_06,6,0,-76000,0.4593,0.46748608771551514,0.008186087715515156
2024-07-05_06,7,19000,-76000,0.4685,0.4650337734267883,-0.003466226573211717
2024-07-05_06,8,38000,-76000,0.4955,0.4895477516705322,-0.00595224832946778
2024-07-05_06,9,57000,-76000,0.554,0.5533402832984924,-0.0006597167015076622
2024-07-05_06,10,-76000,-57000,0.5584,0.5567970492362976,-0.0016029507637024265
2024-07-05_06,11,-57000,-57000,0.4729,0.4758826383612671,0.0029826383612671092
2024-07-05_06,12,-38000,-57000,0.4301,0.42388295498913575,-0.0062170450108642306
2024-07-05_06,13,-19000,-57000,0.4029,0.40234407208978273,-0.0005559279102172465
2024-07-05_06,14,0,-57000,0.3947,0.39293180312741094,-0.0017681968725890562
2024-07-05_06,15,19000,-57000,0.405,0.4031355138934021,-0.0018644861065979512
2024-07-05_06,16,38000,-57000,0.4326,0.42892367148419186,-0.003676328515808125
2024-07-05_06,17,57000,-57000,0.4746,0.4677819880195617,-0.006818011980438299
2024-07-05_06,18,76000,-57000,0.5491,0.5431146892547607,-0.005985310745239336
2024-07-05_06,19,-76000,-38000,0.4862,0.48324135375454713,-0.0029586462454528895
2024-07-05_06,20,-57000,-38000,0.423,0.4155058437104492,-0.007494156289550802
2024-07-05_06,21,-38000,-38000,0.3789,0.37872107463937377,-0.00017892536062624753
2024-07-05_06,22,-19000,-38000,0.3526,0.35197295135943607,-0.0006270486405639542
2024-07-05_06,23,0,-38000,0.3435,0.3425092205967407,-0.000990779403259312
2024-07-05_06,24,19000,-38000,0.3553,0.35264703343362425,-0.0026529665663757585
2024-07-05_06,25,38000,-38000,0.3834,0.38111051645278926,-0.0022894835472107578
2024-07-05_06,26,57000,-38000,0.4285,0.4176106837637329,-0.0108893162362671
2024-07-05_06,27,76000,-38000,0.4883,0.4815141367738648,-0.006785863226135225
2024-07-05_06,28,-95000,-19000,0.5153,0.5156172331059875,0.0003172331059875244
2024-07-05_06,29,-76000,-19000,0.4497,0.45329116802362057,0.0035911680236205834
2024-07-05_06,30,-57000,-19000,0.389,0.3891597369202271,0.00015973692022708263
2024-07-05_06,31,-38000,-19000,0.345,0.34479632047290043,-0.00020367952709954285
2024-07-05_06,32,-19000,-19000,0.316,0.3157204145642395,-0.00027958543576050987
2024-07-05_06,33,0,-19000,0.3058,0.3051961875343323,-0.000603812465667708
2024-07-05_06,34,19000,-19000,0.3196,0.31882501044073486,-0.0007749895592651379
2024-07-05_06,35,38000,-19000,0.3501,0.34960420620721433,-0.0004957937927856926
2024-07-05_06,36,57000,-19000,0.397,0.39381870846881106,-0.0031812915311889567
2024-07-05_06,37,76000,-19000,0.4588,0.45631125794140626,-0.002488742058593729
2024-07-05_06,38,95000,-19000,0.5279,0.517201017333023,-0.010698982666976997
2024-07-05_06,39,-95000,0,0.5325,0.5366685816764831,0.004168581676483152
2024-07-05_06,40,-76000,0,0.433,0.411134069849762,-0.021865930150238022
2024-07-05_06,41,-57000,0,0.3721,0.3720932004252929,-6.799574707061495e-06
2024-07-05_06,42,-38000,0,0.3285,0.32895329507656856,0.0004532950765685495
2024-07-05_06,43,-19000,0,0.2986,0.295921408495636,-0.002678591504364003
2024-07-05_06,44,19000,0,0.3026,0.30071274219238286,-0.0018872578076171154
2024-07-05_06,45,38000,0,0.336,0.3335329552268371,-0.0024670447731628964
2024-07-05_06,46,57000,0,0.3821,0.3792264390644531,-0.002873560935546915
2024-07-05_06,47,76000,0,0.4448,0.4403947005439758,-0.004405299456024192
2024-07-05_06,48,95000,0,0.5295,0.522254689836502,-0.007245310163497942
2024-07-05_06,49,-95000,19000,0.5031,0.506541024153244,0.003441024153243988
2024-07-05_06,50,-76000,19000,0.4348,0.43019374415997313,-0.004606255840026885
2024-07-05_06,51,-57000,19000,0.3726,0.3727156937552796,0.00011569375527958892
2024-07-05_06,52,-38000,19000,0.3293,0.3296843169738465,0.0003843169738464991
2024-07-05_06,53,-19000,19000,0.3015,0.3013143581992187,-0.00018564180078128878
2024-07-05_06,54,0,19000,0.2928,0.29164600466696167,-0.001153995333038338
2024-07-05_06,55,19000,19000,0.3056,0.3037450794619446,-0.0018549205380553602
2024-07-05_06,56,38000,19000,0.3371,0.33553145419906616,-0.0015685458009338515
2024-07-05_06,57,57000,19000,0.3834,0.38076612051937864,-0.0026338794806213817
2024-07-05_06,58,76000,19000,0.4468,0.45023024464877315,0.003430244648773173
2024-07-05_06,59,95000,19000,0.5125,0.49675202037353516,-0.015747979626464792
2024-07-05_06,60,-76000,38000,0.4594,0.4559131538103638,-0.0034868461896361835
2024-07-05_06,61,-57000,38000,0.3911,0.3908845410532532,-0.00021545894674679378
2024-07-05_06,62,-38000,38000,0.3481,0.3483738048377686,0.00027380483776856535
2024-07-05_06,63,-19000,38000,0.3219,0.3214277664176636,-0.0004722335823364454
2024-07-05_06,64,0,38000,0.3133,0.31296057821612544,-0.00033942178387458277
2024-07-05_06,65,19000,38000,0.3263,0.324689658500946,-0.00161034149905398
2024-07-05_06,66,38000,38000,0.3554,0.35245468025326543,-0.002945319746734565
2024-07-05_06,67,57000,38000,0.4014,0.3981169684491883,-0.003283031550811666
2024-07-05_06,68,76000,38000,0.4668,0.453299334151245,-0.013500665848754978
2024-07-05_06,69,-76000,57000,0.516,0.5110018537521362,-0.004998146247863766
2024-07-05_06,70,-57000,57000,0.4295,0.41355574734152223,-0.015944252658477764
2024-07-05_06,71,-38000,57000,0.3818,0.3812171120675354,-0.0005828879324645819
2024-07-05_06,72,-19000,57000,0.3561,0.3551080621867371,-0.0009919378132629553
2024-07-05_06,73,0,57000,0.3485,0.3478551830471497,-0.0006448169528502912
2024-07-05_06,74,19000,57000,0.3599,0.3584458692243957,-0.001454130775604301
2024-07-05_06,75,38000,57000,0.3878,0.38578570256695555,-0.002014297433044432
2024-07-05_06,76,57000,57000,0.4367,0.41336237485913085,-0.023337625140869123
2024-07-05_06,77,76000,57000,0.5064,0.4926876117706298,-0.013712388229370154
2024-07-05_06,78,-57000,76000,0.495,0.4933041618347168,-0.001695838165283181
2024-07-05_06,79,-38000,76000,0.437,0.42585694944433594,-0.011143050555664058
2024-07-05_06,80,-19000,76000,0.4083,0.4059224960028992,-0.002377503997100794
2024-07-05_06,81,0,76000,0.3983,0.3966151262283325,-0.0016848737716674833
2024-07-05_06,82,19000,76000,0.4107,0.4060043648872681,-0.004695635112731911
2024-07-05_06,83,38000,76000,0.4402,0.42789187227154546,-0.012308127728454521
2024-07-05_06,84,57000,76000,0.4878,0.4841227819442748,-0.0036772180557251843
2024-07-05_06,85,-19000,95000,0.4693,0.47183442412200927,0.002534424122009271
2024-07-05_06,86,0,95000,0.4741,0.4628297472953796,-0.011270252704620398
2024-07-05_06,87,19000,95000,0.4712,0.46425028154962156,-0.00694971845037845
2024-07-05_07,0,-19000,-95000,0.5422,0.5293539572592774,-0.012846042740722652
2024-07-05_07,1,0,-95000,0.5592,0.5568694042205811,-0.0023305957794189647
2024-07-05_07,2,19000,-95000,0.5407,0.5363783453275605,-0.004321654672439501
2024-07-05_07,3,-57000,-76000,0.5682,0.5580268454551697,-0.010173154544830365
2024-07-05_07,4,-38000,-76000,0.4983,0.4898157204933167,-0.008484279506683345
2024-07-05_07,5,-19000,-76000,0.4695,0.46097517217193607,-0.008524827828063908
2024-07-05_07,6,0,-76000,0.4612,0.4598728256078186,-0.001327174392181385
2024-07-05_07,7,19000,-76000,0.47,0.4641549848369446,-0.005845015163055356
2024-07-05_07,8,38000,-76000,0.497,0.48445753112133794,-0.01254246887866206
2024-07-05_07,9,57000,-76000,0.5557,0.5459662980556488,-0.009733701944351192
2024-07-05_07,10,-76000,-57000,0.5622,0.561784530878067,-0.0004154691219330209
2024-07-05_07,11,-57000,-57000,0.4752,0.46613535987344357,-0.009064640126556445
2024-07-05_07,12,-38000,-57000,0.4323,0.4296755626259461,-0.002624437374053934
2024-07-05_07,13,-19000,-57000,0.4051,0.4052462124516907,0.00014621245169066377
2024-07-05_07,14,0,-57000,0.3966,0.3981724234456482,0.0015724234456481745
2024-07-05_07,15,19000,-57000,0.407,0.4090301788640137,0.002030178864013743
2024-07-05_07,16,38000,-57000,0.4343,0.4272863844732361,-0.007013615526763939
2024-07-05_07,17,57000,-57000,0.4761,0.4661061044086303,-0.009993895591369706
2024-07-05_07,18,76000,-57000,0.5514,0.5381986505508423,-0.01320134944915774
2024-07-05_07,19,-76000,-38000,0.4885,0.4765602401251221,-0.011939759874877887
2024-07-05_07,20,-57000,-38000,0.4256,0.4042639398969726,-0.021336060103027354
2024-07-05_07,21,-38000,-38000,0.3813,0.3828335731342468,0.0015335731342468462
2024-07-05_07,22,-19000,-38000,0.3543,0.3563760339606934,0.002076033960693391
2024-07-05_07,23,0,-38000,0.3453,0.34758463903067016,0.002284639030670166
2024-07-05_07,24,19000,-38000,0.3566,0.35888044141717534,0.0022804414171753717
2024-07-05_07,25,38000,-38000,0.3849,0.3857733613967895,0.0008733613967895071
2024-07-05_07,26,57000,-38000,0.4301,0.4201889629747314,-0.009911037025268576
2024-07-05_07,27,76000,-38000,0.4902,0.48251051685021973,-0.007689483149780296
2024-07-05_07,28,-95000,-19000,0.5189,0.5025049082111054,-0.016395091788894645
2024-07-05_07,29,-76000,-19000,0.4528,0.4538818238920288,0.0010818238920288215
2024-07-05_07,30,-57000,-19000,0.3917,0.39372082953482057,0.0020208295348205785
2024-07-05_07,31,-38000,-19000,0.3469,0.34959285392315675,0.0026928539231567683
2024-07-05_07,32,-19000,-19000,0.318,0.32072721735971066,0.002727217359710654
2024-07-05_07,33,0,-19000,0.3074,0.3097969712302856,0.002396971230285594
2024-07-05_07,34,19000,-19000,0.3211,0.3225879179685669,0.0014879179685668986
2024-07-05_07,35,38000,-19000,0.3521,0.35423177584985355,0.0021317758498535233
2024-07-05_07,36,57000,-19000,0.3986,0.3993832669368591,0.000783266936859095
2024-07-05_07,37,76000,-19000,0.4602,0.45079599754238897,-0.009404002457611027
2024-07-05_07,38,95000,-19000,0.5273,0.5201663771109162,-0.007133622889083813
2024-07-05_07,39,-95000,0,0.5369,0.5242448513031006,-0.012655148696899432
2024-07-05_07,40,-76000,0,0.4362,0.425306462772583,-0.010893537227416983
2024-07-05_07,41,-57000,0,0.3751,0.37742887448022466,0.002328874480224674
2024-07-05_07,42,-38000,0,0.3311,0.3339274136098328,0.002827413609832796
2024-07-05_07,43,-19000,0,0.3008,0.3034569909754944,0.0026569909754943777
2024-07-05_07,44,19000,0,0.3045,0.30680982367956544,0.002309823679565448
2024-07-05_07,45,38000,0,0.338,0.340253197943695,0.0022531979436949956
2024-07-05_07,46,57000,0,0.3837,0.38477617134094233,0.0010761713409423446
2024-07-05_07,47,76000,0,0.4461,0.44749212920260617,0.0013921292026061738
2024-07-05_07,48,95000,0,0.5303,0.5120379108428955,-0.018262089157104477
2024-07-05_07,49,-95000,19000,0.5071,0.49954627726502987,-0.007553722734970125
2024-07-05_07,50,-76000,19000,0.4382,0.4373944854530335,-0.0008055145469664793
2024-07-05_07,51,-57000,19000,0.376,0.37706424648168946,0.001064246481689457
2024-07-05_07,52,-38000,19000,0.3323,0.3341650881828918,0.0018650881828918275
2024-07-05_07,53,-19000,19000,0.3036,0.3073001360638733,0.003700136063873316
2024-07-05_07,54,0,19000,0.2949,0.29708009960235593,0.002180099602355934
2024-07-05_07,55,19000,19000,0.3075,0.3102217228374329,0.002721722837432883
2024-07-05_07,56,38000,19000,0.3387,0.34028499812081914,0.0015849981208191366
2024-07-05_07,57,57000,19000,0.3848,0.38662202226531983,0.001822022265319856
2024-07-05_07,58,76000,19000,0.4478,0.4478489493869934,4.894938699340212e-05
2024-07-05_07,59,95000,19000,0.5107,0.4906606280668335,-0.020039371933166517
2024-07-05_07,60,-76000,38000,0.4626,0.4625672321350708,-3.276786492922845e-05
2024-07-05_07,61,-57000,38000,0.3945,0.39718192613677983,0.002681926136779811
2024-07-05_07,62,-38000,38000,0.3512,0.3534562457318725,0.002256245731872497
2024-07-05_07,63,-19000,38000,0.3248,0.3273471680004577,0.0025471680004577335
2024-07-05_07,64,0,38000,0.316,0.3177080487174988,0.0017080487174988002
2024-07-05_07,65,19000,38000,0.3284,0.3300370787611999,0.001637078761199895
2024-07-05_07,66,38000,38000,0.3569,0.3587390268148193,0.001839026814819289
2024-07-05_07,67,57000,38000,0.4025,0.40344111283932493,0.0009411128393249091
2024-07-05_07,68,76000,38000,0.4677,0.46518769703573604,-0.0025123029642639683
2024-07-05_07,69,-76000,57000,0.5205,0.5046405805587768,-0.015859419441223155
2024-07-05_07,70,-57000,57000,0.433,0.4306805018465576,-0.002319498153442401
2024-07-05_07,71,-38000,57000,0.3849,0.38737556738824463,0.002475567388244615
2024-07-05_07,72,-19000,57000,0.3591,0.3611029470419006,0.0020029470419006268
2024-07-05_07,73,0,57000,0.3509,0.3530956064891968,0.002195606489196811
2024-07-05_07,74,19000,57000,0.3617,0.3631892852658386,0.0014892852658385802
2024-07-05_07,75,38000,57000,0.3891,0.39136754705178833,0.0022675470517883323
2024-07-05_07,76,57000,57000,0.4375,0.42568112341247555,-0.011818876587524452
2024-07-05_07,77,76000,57000,0.508,0.4988294237136841,-0.009170576286315901
2024-07-05_07,78,-57000,76000,0.5008,0.4914560331344604,-0.009343966865539621
2024-07-05_07,79,-38000,76000,0.44,0.43763322778741454,-0.0023667722125854662
2024-07-05_07,80,-19000,76000,0.4111,0.4110246662448426,-7.533375515744734e-05
2024-07-05_07,81,0,76000,0.4008,0.401396839427948,0.000596839427948026
2024-07-05_07,82,19000,76000,0.4121,0.41224520158087163,0.00014520158087161228
2024-07-05_07,83,38000,76000,0.4413,0.4413892657133789,8.926571337886102e-05
2024-07-05_07,84,57000,76000,0.49,0.47765767507553103,-0.012342324924468961
2024-07-05_07,85,-19000,95000,0.4719,0.4658342020135803,-0.006065797986419708
2024-07-05_07,86,0,95000,0.4773,0.46851894121170046,-0.008781058788299545
2024-07-05_07,87,19000,95000,0.4727,0.4661082992724609,-0.006591700727539118
2024-07-05_08,0,-19000,-95000,0.5452,0.5276537225135955,-0.01754627748640447
2024-07-05_08,1,0,-95000,0.5608,0.5612889264106751,0.0004889264106751057
2024-07-05_08,2,19000,-95000,0.5425,0.532218991097168,-0.010281008902832012
2024-07-05_08,3,-57000,-76000,0.5692,0.5396207191467285,-0.02957928085327155
2024-07-05_08,4,-38000,-76000,0.5017,0.48231660237405394,-0.019383397625946097
2024-07-05_08,5,-19000,-76000,0.4731,0.4529034799818725,-0.020196520018127495
2024-07-05_08,6,0,-76000,0.4649,0.4648453169224548,-5.4683077545192305e-05
2024-07-05_08,7,19000,-76000,0.4736,0.46847817828854366,-0.005121821711456365
2024-07-05_08,8,38000,-76000,0.5003,0.5081215217569275,0.007821521756927519
2024-07-05_08,9,57000,-76000,0.5578,0.5207114392280578,-0.037088560771942114
2024-07-05_08,10,-76000,-57000,0.5641,0.560135177564621,-0.003964822435379101
2024-07-05_08,11,-57000,-57000,0.4788,0.48538498414852904,0.006584984148529038
2024-07-05_08,12,-38000,-57000,0.4359,0.42248163574609376,-0.013418364253906245
2024-07-05_08,13,-19000,-57000,0.4098,0.4019348157010193,-0.007865184298980699
2024-07-05_08,14,0,-57000,0.4013,0.3958932845323486,-0.0054067154676513685
2024-07-05_08,15,19000,-57000,0.4116,0.40539887093289184,-0.00620112906710818
2024-07-05_08,16,38000,-57000,0.4383,0.4128676682120972,-0.02543233178790283
2024-07-05_08,17,57000,-57000,0.4796,0.45201461806698606,-0.027585381933013964
2024-07-05_08,18,76000,-57000,0.5533,0.5397726768016815,-0.013527323198318508
2024-07-05_08,19,-76000,-38000,0.4921,0.4957373647162018,0.0036373647162017964
2024-07-05_08,20,-57000,-38000,0.4298,0.4169198741218567,-0.0128801258781433
2024-07-05_08,21,-38000,-38000,0.3862,0.3825311623409119,-0.0036688376590880978
2024-07-05_08,22,-19000,-38000,0.3592,0.3531917142566223,-0.006008285743377695
2024-07-05_08,23,0,-38000,0.3502,0.34609227502508544,-0.004107724974914573
2024-07-05_08,24,19000,-38000,0.3619,0.3570598158014221,-0.0048401841985779015
2024-07-05_08,25,38000,-38000,0.3901,0.38324035940170287,-0.006859640598297134
2024-07-05_08,26,57000,-38000,0.4339,0.4014921998441162,-0.03240780015588379
2024-07-05_08,27,76000,-38000,0.4939,0.48559973922106936,-0.008300260778930646
2024-07-05_08,28,-95000,-19000,0.5226,0.45023788709152224,-0.07236211290847772
2024-07-05_08,29,-76000,-19000,0.4567,0.422701260873352,-0.03399873912664797
2024-07-05_08,30,-57000,-19000,0.3967,0.3907273417238465,-0.0059726582761535085
2024-07-05_08,31,-38000,-19000,0.3523,0.3449155063070679,-0.007384493692932093
2024-07-05_08,32,-19000,-19000,0.3231,0.31945878739083866,-0.0036412126091613373
2024-07-05_08,33,0,-19000,0.3123,0.3070441083447265,-0.005255891655273515
2024-07-05_08,34,19000,-19000,0.3266,0.32038952428765866,-0.006210475712341346
2024-07-05_08,35,38000,-19000,0.3571,0.35152822699905395,-0.005571773000946023
2024-07-05_08,36,57000,-19000,0.4036,0.3956260671489258,-0.007973932851074228
2024-07-05_08,37,76000,-19000,0.4638,0.46009896967855834,-0.003701030321441645
2024-07-05_08,38,95000,-19000,0.5306,0.520218382286148,-0.010381617713851932
2024-07-05_08,39,-95000,0,0.54,0.4826776019096375,-0.05732239809036255
2024-07-05_08,40,-76000,0,0.44,0.4322728514970092,-0.007727148502990777
2024-07-05_08,41,-57000,0,0.3803,0.3782602119236145,-0.0020397880763855514
2024-07-05_08,42,-38000,0,0.3365,0.3285639567561035,-0.007936043243896518
2024-07-05_08,43,-19000,0,0.3056,0.2997045389382934,-0.005895461061706575
2024-07-05_08,44,19000,0,0.3095,0.30336063011950687,-0.0061393698804931285
2024-07-05_08,45,38000,0,0.3431,0.3359577259658203,-0.007142274034179719
2024-07-05_08,46,57000,0,0.3888,0.3806330260892029,-0.00816697391079707
2024-07-05_08,47,76000,0,0.4498,0.439824467057251,-0.009975532942749
2024-07-05_08,48,95000,0,0.5326,0.5062535516738892,-0.026346448326110772
2024-07-05_08,49,-95000,19000,0.5095,0.4882525739768372,-0.021247426023162763
2024-07-05_08,50,-76000,19000,0.442,0.41046027244937133,-0.03153972755062867
2024-07-05_08,51,-57000,19000,0.3807,0.37585362632015995,-0.0048463736798400325
2024-07-05_08,52,-38000,19000,0.3377,0.3273113200187683,-0.010388679981231719
2024-07-05_08,53,-19000,19000,0.3087,0.3026157308952332,-0.006084269104766782
2024-07-05_08,54,0,19000,0.2999,0.2938014972315368,-0.006098502768463188
2024-07-05_08,55,19000,19000,0.3126,0.30561126174575803,-0.006988738254241955
2024-07-05_08,56,38000,19000,0.3442,0.33798930442233277,-0.006210695577667236
2024-07-05_08,57,57000,19000,0.39,0.3845235442786865,-0.0054764557213135
2024-07-05_08,58,76000,19000,0.4515,0.46065626599340825,0.009156265993408241
2024-07-05_08,59,95000,19000,0.5131,0.4680744594838562,-0.045025540516143825
2024-07-05_08,60,-76000,38000,0.4658,0.4739188643328247,0.008118864332824716
2024-07-05_08,61,-57000,38000,0.3991,0.39187620491381836,-0.00722379508618165
2024-07-05_08,62,-38000,38000,0.3561,0.3509526197723999,-0.00514738022760014
2024-07-05_08,63,-19000,38000,0.3302,0.324548047587616,-0.005651952412383976
2024-07-05_08,64,0,38000,0.3211,0.3162090563719483,-0.004890943628051703
2024-07-05_08,65,19000,38000,0.3338,0.32926942164877315,-0.004530578351226833
2024-07-05_08,66,38000,38000,0.3621,0.3553152942146607,-0.006784705785339296
2024-07-05_08,67,57000,38000,0.4071,0.39967309587005617,-0.007426904129943845
2024-07-05_08,68,76000,38000,0.4708,0.4756383649403687,0.004838364940368711
2024-07-05_08,69,-76000,57000,0.5226,0.5157877619743347,-0.006812238025665218
2024-07-05_08,70,-57000,57000,0.4364,0.42511366403790285,-0.01128633596209716
2024-07-05_08,71,-38000,57000,0.3896,0.3848978938418579,-0.004702106158142094
2024-07-05_08,72,-19000,57000,0.3639,0.3563038562266846,-0.007596143773315411
2024-07-05_08,73,0,57000,0.3559,0.3519863308449097,-0.0039136691550902825
2024-07-05_08,74,19000,57000,0.3668,0.3611378235317688,-0.005662176468231195
2024-07-05_08,75,38000,57000,0.3941,0.38644446426327517,-0.007655535736724839
2024-07-05_08,76,57000,57000,0.4412,0.40406019236282353,-0.03713980763717645
2024-07-05_08,77,76000,57000,0.5104,0.5053309202194214,-0.005069079780578578
2024-07-05_08,78,-57000,76000,0.5025,0.4991405423164368,-0.0033594576835631607
2024-07-05_08,79,-38000,76000,0.4435,0.4270900964988098,-0.016409903501190204
2024-07-05_08,80,-19000,76000,0.4153,0.41005174768411257,-0.005248252315887436
2024-07-05_08,81,0,76000,0.4053,0.39942688932418824,-0.005873110675811755
2024-07-05_08,82,19000,76000,0.4168,0.40917550832287597,-0.0076244916771240345
2024-07-05_08,83,38000,76000,0.4449,0.42372342890267944,-0.021176571097320573
2024-07-05_08,84,57000,76000,0.4921,0.43255752325057983,-0.05954247674942015
2024-07-05_08,85,-19000,95000,0.4753,0.4653373769394836,-0.009962623060516373
2024-07-05_08,86,0,95000,0.4795,0.4628213762283325,-0.016678623771667456
2024-07-05_08,87,19000,95000,0.4768,0.46899513782400515,-0.007804862175994853
2024-07-05_09,0,-19000,-95000,0.5392,0.5273682855327454,-0.011831714467254617
2024-07-05_09,1,0,-95000,0.5581,0.5405817959785462,-0.017518204021453876
2024-07-05_09,2,19000,-95000,0.5405,0.5285761690102692,-0.011923830989730821
2024-07-05_09,3,-57000,-76000,0.5677,0.5603081766605377,-0.007391823339462311
2024-07-05_09,4,-38000,-76000,0.4999,0.486032495474762,-0.013867504525237995
2024-07-05_09,5,-19000,-76000,0.4712,0.4555388239555359,-0.015661176044464098
2024-07-05_09,6,0,-76000,0.4629,0.45140105619909665,-0.011498943800903327
2024-07-05_09,7,19000,-76000,0.4718,0.4585620008391723,-0.013237999160827685
2024-07-05_09,8,38000,-76000,0.4984,0.4827042084621582,-0.015695791537841786
2024-07-05_09,9,57000,-76000,0.5554,0.5434301502227783,-0.011969849777221708
2024-07-05_09,10,-76000,-57000,0.5621,0.5529219690799713,-0.009178030920028779
2024-07-05_09,11,-57000,-57000,0.4774,0.46102580663299564,-0.016374193367004353
2024-07-05_09,12,-38000,-57000,0.4341,0.4352526387774963,0.0011526387774963287
2024-07-05_09,13,-19000,-57000,0.4075,0.4063794305007019,-0.001120569499298063
2024-07-05_09,14,0,-57000,0.399,0.3977156624957886,-0.0012843375042114191
2024-07-05_09,15,19000,-57000,0.4095,0.40852895636474607,-0.0009710436352539098
2024-07-05_09,16,38000,-57000,0.4364,0.4312565008507385,-0.005143499149261488
2024-07-05_09,17,57000,-57000,0.4781,0.4653905824308472,-0.012709417569152837
2024-07-05_09,18,76000,-57000,0.5503,0.5423359281539917,-0.007964071846008336
2024-07-05_09,19,-76000,-38000,0.4906,0.4813490949525757,-0.009250905047424263
2024-07-05_09,20,-57000,-38000,0.4281,0.4230290914692688,-0.005070908530731166
2024-07-05_09,21,-38000,-38000,0.3838,0.38283829439508055,-0.0009617056049194272
2024-07-05_09,22,-19000,-38000,0.3569,0.35627538333489994,-0.0006246166651000529
2024-07-05_09,23,0,-38000,0.3479,0.3472415422888794,-0.000658457711120608
2024-07-05_09,24,19000,-38000,0.3596,0.3584185620512085,-0.0011814379487914972
2024-07-05_09,25,38000,-38000,0.3879,0.38466614551544187,-0.003233854484558152
2024-07-05_09,26,57000,-38000,0.432,0.4101578842682495,-0.02184211573175049
2024-07-05_09,27,76000,-38000,0.4918,0.4758811108713379,-0.015918889128662128
2024-07-05_09,28,-95000,-19000,0.5202,0.5053368944702759,-0.014863105529724141
2024-07-05_09,29,-76000,-19000,0.455,0.45517370343603514,0.00017370343603512195
2024-07-05_09,30,-57000,-19000,0.3946,0.39291007861599736,-0.0016899213840026461
2024-07-05_09,31,-38000,-19000,0.3497,0.34807090625329595,-0.0016290937467040578
2024-07-05_09,32,-19000,-19000,0.3206,0.319969091668335,-0.0006309083316650144
2024-07-05_09,33,0,-19000,0.3101,0.3086373057885742,-0.001462694211425808
2024-07-05_09,34,19000,-19000,0.3242,0.3228187519720459,-0.001381248027954085
2024-07-05_09,35,38000,-19000,0.3551,0.35335046882507326,-0.0017495311749267661
2024-07-05_09,36,57000,-19000,0.4018,0.3985620442030029,-0.003237955796997094
2024-07-05_09,37,76000,-19000,0.4619,0.4548118459894409,-0.007088154010559067
2024-07-05_09,38,95000,-19000,0.5279,0.5141963513451538,-0.01370364865484619
2024-07-05_09,39,-95000,0,0.5381,0.5286067622184754,-0.009493237781524666
2024-07-05_09,40,-76000,0,0.4386,0.4390161232319947,0.0004161232319946917
2024-07-05_09,41,-57000,0,0.3781,0.3768082950018615,-0.0012917049981384654
2024-07-05_09,42,-38000,0,0.334,0.3329369250931091,-0.001063074906890893
2024-07-05_09,43,-19000,0,0.3036,0.3026524619736939,-0.000947538026306094
2024-07-05_09,44,19000,0,0.3073,0.3057954773768006,-0.0015045226231994446
2024-07-05_09,45,38000,0,0.3411,0.33885460480017093,-0.002245395199829081
2024-07-05_09,46,57000,0,0.3867,0.3833833365695496,-0.003316663430450395
2024-07-05_09,47,76000,0,0.4479,0.44350124866311647,-0.004398751336883555
2024-07-05_09,48,95000,0,0.5294,0.5110396522521973,-0.018360347747802708
2024-07-05_09,49,-95000,19000,0.5077,0.49631933534652706,-0.011380664653472983
2024-07-05_09,50,-76000,19000,0.4402,0.431743479211792,-0.008456520788207966
2024-07-05_09,51,-57000,19000,0.3786,0.3768444285922241,-0.00175557140777588
2024-07-05_09,52,-38000,19000,0.3354,0.3331172592504883,-0.0022827407495116803
2024-07-05_09,53,-19000,19000,0.3067,0.30498161988525385,-0.0017183801147461208
2024-07-05_09,54,0,19000,0.2978,0.2964103866947021,-0.0013896133052979098
2024-07-05_09,55,19000,19000,0.3104,0.30851534917349244,-0.0018846508265075723
2024-07-05_09,56,38000,19000,0.3421,0.338974136677887,-0.0031258633221130094
2024-07-05_09,57,57000,19000,0.3878,0.383761496347229,-0.004038503652770975
2024-07-05_09,58,76000,19000,0.4495,0.4513193294796448,0.0018193294796448045
2024-07-05_09,59,95000,19000,0.5106,0.4884301040155945,-0.022169895984405552
2024-07-05_09,60,-76000,38000,0.4639,0.46361588392968744,-0.0002841160703125345
2024-07-05_09,61,-57000,38000,0.3971,0.39511257893954466,-0.001987421060455352
2024-07-05_09,62,-38000,38000,0.3542,0.35202940722518916,-0.0021705927748108533
2024-07-05_09,63,-19000,38000,0.3281,0.32607916485641475,-0.0020208351435852534
2024-07-05_09,64,0,38000,0.3191,0.3170266741485901,-0.0020733258514099018
2024-07-05_09,65,19000,38000,0.3319,0.33000542799157717,-0.0018945720084228013
2024-07-05_09,66,38000,38000,0.3601,0.35700854139868166,-0.00309145860131832
2024-07-05_09,67,57000,38000,0.405,0.4014979624681396,-0.0035020375318604025
2024-07-05_09,68,76000,38000,0.4687,0.45208907769085693,-0.016610922309143072
2024-07-05_09,69,-76000,57000,0.5203,0.5073355259895325,-0.01296447401046752
2024-07-05_09,70,-57000,57000,0.4346,0.41888863705831914,-0.01571136294168085
2024-07-05_09,71,-38000,57000,0.3877,0.3868096005486755,-0.000890399451324464
2024-07-05_09,72,-19000,57000,0.3621,0.35976590726049806,-0.002334092739501914
2024-07-05_09,73,0,57000,0.3541,0.351677650373291,-0.0024223496267090083
2024-07-05_09,74,19000,57000,0.3652,0.3617410334434814,-0.0034589665565186167
2024-07-05_09,75,38000,57000,0.3922,0.38855176927075197,-0.0036482307292480254
2024-07-05_09,76,57000,57000,0.4388,0.43563471651708985,-0.003165283482910175
2024-07-05_09,77,76000,57000,0.5068,0.49700169467926025,-0.009798305320739775
2024-07-05_09,78,-57000,76000,0.4997,0.48717795038223266,-0.012522049617767317
2024-07-05_09,79,-38000,76000,0.4419,0.4479487507391968,0.0060487507391968065
2024-07-05_09,80,-19000,76000,0.4136,0.4106528702900696,-0.0029471297099304405
2024-07-05_09,81,0,76000,0.4037,0.4015480730056763,-0.002151926994323705
2024-07-05_09,82,19000,76000,0.4151,0.4106841733764648,-0.004415826623535235
2024-07-05_09,83,38000,76000,0.4432,0.43876907374740604,-0.0044309262525939475
2024-07-05_09,84,57000,76000,0.4891,0.47363834285736084,-0.01546165714263914
2024-07-05_09,85,-19000,95000,0.4727,0.456142750064331,-0.016557249935668983
2024-07-05_09,86,0,95000,0.4771,0.4722698781013489,-0.0048301218986511185
2024-07-05_09,87,19000,95000,0.4744,0.4610621111703186,-0.013337888829681399
2024-07-05_10,0,-19000,-95000,0.5419,0.4396995495057068,-0.10220045049429327
2024-07-05_10,1,0,-95000,0.5613,0.47541116685867313,-0.08588883314132689
2024-07-05_10,2,19000,-95000,0.5433,0.4528882626991272,-0.09041173730087282
2024-07-05_10,3,-57000,-76000,0.5696,0.47313044013977046,-0.09646955986022954
2024-07-05_10,4,-38000,-76000,0.5019,0.4156434630801391,-0.0862565369198609
2024-07-05_10,5,-19000,-76000,0.4731,0.39502435735723873,-0.07807564264276129
2024-07-05_10,6,0,-76000,0.4648,0.3830755023388672,-0.08172449766113277
2024-07-05_10,7,19000,-76000,0.474,0.4031246085078125,-0.07087539149218747
2024-07-05_10,8,38000,-76000,0.5007,0.4244607499001465,-0.07623925009985355
2024-07-05_10,9,57000,-76000,0.5586,0.45805330810546874,-0.10054669189453125
2024-07-05_10,10,-76000,-57000,0.5623,0.4755506867408752,-0.08674931325912483
2024-07-05_10,11,-57000,-57000,0.4788,0.3948241701264038,-0.0839758298735962
2024-07-05_10,12,-38000,-57000,0.4356,0.33883194306716924,-0.09676805693283075
2024-07-05_10,13,-19000,-57000,0.4092,0.4070999628957215,-0.0021000371042785293
2024-07-05_10,14,0,-57000,0.4006,0.39876462787103273,-0.001835372128967283
2024-07-05_10,15,19000,-57000,0.4114,0.409013084389801,-0.002386915610198992
2024-07-05_10,16,38000,-57000,0.4382,0.33704921218972783,-0.10115078781027215
2024-07-05_10,17,57000,-57000,0.4801,0.40301455977853395,-0.07708544022146607
2024-07-05_10,18,76000,-57000,0.554,0.45935489473342894,-0.0946451052665711
2024-07-05_10,19,-76000,-38000,0.491,0.41053509125711063,-0.08046490874288936
2024-07-05_10,20,-57000,-38000,0.4293,0.32039229149603277,-0.10890770850396725
2024-07-05_10,21,-38000,-38000,0.385,0.3835181683671265,-0.0014818316328735204
2024-07-05_10,22,-19000,-38000,0.3581,0.35571749371044925,-0.002382506289550723
2024-07-05_10,23,0,-38000,0.3489,0.3485846624475708,-0.0003153375524291846
2024-07-05_10,24,19000,-38000,0.3611,0.36125722217413325,0.00015722217413327577
2024-07-05_10,25,38000,-38000,0.3895,0.3871836238861084,-0.0023163761138916272
2024-07-05_10,26,57000,-38000,0.4341,0.33709117652957155,-0.09700882347042844
2024-07-05_10,27,76000,-38000,0.494,0.39949798965173344,-0.09450201034826655
2024-07-05_10,28,-95000,-19000,0.5211,0.4450595084118958,-0.07604049158810422
2024-07-05_10,29,-76000,-19000,0.4565,0.36467190497042845,-0.09182809502957157
2024-07-05_10,30,-57000,-19000,0.396,0.39355038348895266,-0.002449616511047359
2024-07-05_10,31,-38000,-19000,0.3509,0.34998296913238525,-0.0009170308676147432
2024-07-05_10,32,-19000,-19000,0.3218,0.3208414566868286,-0.0009585433131713561
2024-07-05_10,33,0,-19000,0.3109,0.3104120842707825,-0.00048791572921752513
2024-07-05_10,34,19000,-19000,0.3255,0.3250325176707153,-0.00046748232928472966
2024-07-05_10,35,38000,-19000,0.3564,0.35581224773593134,-0.0005877522640686528
2024-07-05_10,36,57000,-19000,0.4036,0.40153372331796267,-0.002066276682037349
2024-07-05_10,37,76000,-19000,0.4641,0.38585816711596677,-0.07824183288403325
2024-07-05_10,38,95000,-19000,0.5301,0.4413042552654114,-0.08879574473458862
2024-07-05_10,39,-95000,0,0.5396,0.4506838483810425,-0.0889161516189575
2024-07-05_10,40,-76000,0,0.4404,0.3289100514272155,-0.11148994857278449
2024-07-05_10,41,-57000,0,0.3797,0.3773864262478943,-0.0023135737521056687
2024-07-05_10,42,-38000,0,0.3352,0.3338229644640808,-0.0013770355359192243
2024-07-05_10,43,-19000,0,0.3043,0.3037697536188354,-0.0005302463811646119
2024-07-05_10,44,19000,0,0.3087,0.3081256818505249,-0.0005743181494750615
2024-07-05_10,45,38000,0,0.3425,0.34112798366442876,-0.001372016335571269
2024-07-05_10,46,57000,0,0.3885,0.38674944625317387,-0.0017505537468261445
2024-07-05_10,47,76000,0,0.4498,0.35027706053329466,-0.09952293946670532
2024-07-05_10,48,95000,0,0.532,0.4315547292709351,-0.10044527072906495
2024-07-05_10,49,-95000,19000,0.5088,0.4105271710117798,-0.0982728289882202
2024-07-05_10,50,-76000,19000,0.4418,0.352229333823761,-0.08957066617623904
2024-07-05_10,51,-57000,19000,0.3803,0.3788376665074463,-0.0014623334925537024
2024-07-05_10,52,-38000,19000,0.3368,0.3365166686378479,-0.0002833313621520839
2024-07-05_10,53,-19000,19000,0.3083,0.3067139764008484,-0.0015860235991516092
2024-07-05_10,54,0,19000,0.2994,0.29785420175088506,-0.001545798249114938
2024-07-05_10,55,19000,19000,0.3121,0.3105475917105408,-0.001552408289459184
2024-07-05_10,56,38000,19000,0.3438,0.3425225922759094,-0.0012774077240905735
2024-07-05_10,57,57000,19000,0.3898,0.3880552953880615,-0.0017447046119384857
2024-07-05_10,58,76000,19000,0.4515,0.35563143383953855,-0.09586856616046147
2024-07-05_10,59,95000,19000,0.5128,0.4353842975179748,-0.07741570248202523
2024-07-05_10,60,-76000,38000,0.4655,0.3856839857896729,-0.07981601421032714
2024-07-05_10,61,-57000,38000,0.3989,0.3955157852155151,-0.0033842147844848625
2024-07-05_10,62,-38000,38000,0.3558,0.35325443945504764,-0.0025455605449523633
2024-07-05_10,63,-19000,38000,0.3298,0.3279964932416076,-0.0018035067583923592
2024-07-05_10,64,0,38000,0.3206,0.3193071033103637,-0.0012928966896362803
2024-07-05_10,65,19000,38000,0.3336,0.33319471357775876,-0.00040528642224124667
2024-07-05_10,66,38000,38000,0.3621,0.36016625710083006,-0.0019337428991699213
2024-07-05_10,67,57000,38000,0.4071,0.4054410477131347,-0.0016589522868653006
2024-07-05_10,68,76000,38000,0.4707,0.393912976769043,-0.07678702323095699
2024-07-05_10,69,-76000,57000,0.5213,0.43587933206558227,-0.08542066793441772
2024-07-05_10,70,-57000,57000,0.4363,0.3302568977393189,-0.10604310226068114
2024-07-05_10,71,-38000,57000,0.3895,0.3868082837497253,-0.0026917162502747005
2024-07-05_10,72,-19000,57000,0.364,0.3623600502458496,-0.0016399497541503827
2024-07-05_10,73,0,57000,0.3559,0.3538044780804749,-0.002095521919525112
2024-07-05_10,74,19000,57000,0.367,0.36527046045816036,-0.0017295395418396309
2024-07-05_10,75,38000,57000,0.3943,0.39113408072494504,-0.0031659192750549403
2024-07-05_10,76,57000,57000,0.4416,0.34049395252093506,-0.10110604747906493
2024-07-05_10,77,76000,57000,0.5101,0.41987756233215334,-0.09022243766784666
2024-07-05_10,78,-57000,76000,0.5013,0.4160290780067444,-0.08527092199325559
2024-07-05_10,79,-38000,76000,0.4436,0.3425929080221558,-0.10100709197784419
2024-07-05_10,80,-19000,76000,0.4155,0.4127599175084534,-0.0027400824915465583
2024-07-05_10,81,0,76000,0.4056,0.4007499569892883,-0.004850043010711735
2024-07-05_10,82,19000,76000,0.4175,0.41268967640643306,-0.004810323593566923
2024-07-05_10,83,38000,76000,0.4458,0.3479180154337158,-0.09788198456628416
2024-07-05_10,84,57000,76000,0.4921,0.413300189781189,-0.078799810218811
2024-07-05_10,85,-19000,95000,0.4743,0.3960172660437622,-0.0782827339562378
2024-07-05_10,86,0,95000,0.4798,0.3959034437179565,-0.08389655628204351
2024-07-05_10,87,19000,95000,0.4786,0.3966131391325378,-0.08198686086746221
2024-07-09_01,0,-19000,-95000,0.5246,0.41967106112609864,-0.10492893887390131
2024-07-09_01,1,0,-95000,0.542,0.4487485719680786,-0.09325142803192144
2024-07-09_01,2,19000,-95000,0.5256,0.4373228882093506,-0.08827711179064934
2024-07-09_01,3,-57000,-76000,0.5408,0.44458811016082767,-0.09621188983917228
2024-07-09_01,4,-38000,-76000,0.4763,0.39210551909481817,-0.08419448090518183
2024-07-09_01,5,-19000,-76000,0.4501,0.37225694156655886,-0.07784305843344114
2024-07-09_01,6,0,-76000,0.4428,0.33205699392712407,-0.11074300607287596
2024-07-09_01,7,19000,-76000,0.4521,0.3934288118674316,-0.058671188132568386
2024-07-09_01,8,38000,-76000,0.4791,0.3863682365507507,-0.09273176344924933
2024-07-09_01,9,57000,-76000,0.5399,0.438984215927124,-0.10091578407287605
2024-07-09_01,10,-76000,-57000,0.5304,0.43143992156982425,-0.09896007843017574
2024-07-09_01,11,-57000,-57000,0.4526,0.3965206736706848,-0.05607932632931523
2024-07-09_01,12,-38000,-57000,0.4093,0.4107268820595703,0.0014268820595703113
2024-07-09_01,13,-19000,-57000,0.3834,0.37842339503070066,-0.004976604969299359
2024-07-09_01,14,0,-57000,0.3753,0.36999092912844844,-0.00530907087155158
2024-07-09_01,15,19000,-57000,0.3861,0.3805704312830811,-0.005529568716918898
2024-07-09_01,16,38000,-57000,0.4143,0.38702775032983394,-0.02727224967016606
2024-07-09_01,17,57000,-57000,0.4586,0.3942772345132446,-0.06432276548675542
2024-07-09_01,18,76000,-57000,0.5352,0.41792231864929197,-0.11727768135070804
2024-07-09_01,19,-76000,-38000,0.4625,0.37679083501657107,-0.08570916498342895
2024-07-09_01,20,-57000,-38000,0.4014,0.4241751526301575,0.022775152630157502
2024-07-09_01,21,-38000,-38000,0.3584,0.35486379610345464,-0.0035362038965453535
2024-07-09_01,22,-19000,-38000,0.3309,0.32727205994824216,-0.003627940051757872
2024-07-09_01,23,0,-38000,0.3203,0.3184431619308167,-0.0018568380691832975
2024-07-09_01,24,19000,-38000,0.3345,0.3307170911699219,-0.0037829088300781466
2024-07-09_01,25,38000,-38000,0.3642,0.35938918657302854,-0.004810813426971483
2024-07-09_01,26,57000,-38000,0.4094,0.4237244451100769,0.014324445110076911
2024-07-09_01,27,76000,-38000,0.4726,0.3993350454163208,-0.07326495458367921
2024-07-09_01,28,-95000,-19000,0.4978,0.39856008359948736,-0.09923991640051266
2024-07-09_01,29,-76000,-19000,0.4277,0.3420529758342895,-0.08564702416571052
2024-07-09_01,30,-57000,-19000,0.3677,0.3626924974426575,-0.0050075025573425025
2024-07-09_01,31,-38000,-19000,0.3212,0.3165768638120422,-0.004623136187957788
2024-07-09_01,32,-19000,-19000,0.292,0.288921902512268,-0.003078097487731968
2024-07-09_01,33,0,-19000,0.2816,0.27803630352673336,-0.003563696473266653
2024-07-09_01,34,19000,-19000,0.2963,0.290796910394165,-0.00550308960583501
2024-07-09_01,35,38000,-19000,0.3283,0.32234231673742675,-0.005957683262573232
2024-07-09_01,36,57000,-19000,0.3774,0.3706439403188171,-0.006756059681182924
2024-07-09_01,37,76000,-19000,0.4411,0.34615963022366336,-0.09494036977633663
2024-07-09_01,38,95000,-19000,0.509,0.4185483419106445,-0.09045165808935551
2024-07-09_01,39,-95000,0,0.5003,0.41103011331558226,-0.08926988668441771
2024-07-09_01,40,-76000,0,0.4093,0.42874193444824216,0.01944193444824216
2024-07-09_01,41,-57000,0,0.3504,0.3473252206552735,-0.003074779344726497
2024-07-09_01,42,-38000,0,0.3038,0.3011368147171021,-0.0026631852828979397
2024-07-09_01,43,-19000,0,0.273,0.2694382110622253,-0.0035617889377747014
2024-07-09_01,44,19000,0,0.2778,0.2741599292698974,-0.0036400707301025848
2024-07-09_01,45,38000,0,0.3123,0.3070932815177613,-0.005206718482238748
2024-07-09_01,46,57000,0,0.3621,0.35545123213748164,-0.006648767862518334
2024-07-09_01,47,76000,0,0.4253,0.34849898163995363,-0.07680101836004638
2024-07-09_01,48,95000,0,0.5125,0.4092826622962952,-0.10321733770370478
2024-07-09_01,49,-95000,19000,0.4805,0.39151764738296513,-0.08898235261703485
2024-07-09_01,50,-76000,19000,0.4089,0.4321915090202332,0.023291509020233192
2024-07-09_01,51,-57000,19000,0.35,0.34574999428192144,-0.004250005718078542
2024-07-09_01,52,-38000,19000,0.3043,0.30008699144549555,-0.0042130085545044604
2024-07-09_01,53,-19000,19000,0.2753,0.27294889247323606,-0.002351107526763929
2024-07-09_01,54,0,19000,0.266,0.26244492155960086,-0.003555078440399151
2024-07-09_01,55,19000,19000,0.2798,0.27592552705868534,-0.003874472941314655
2024-07-09_01,56,38000,19000,0.3126,0.309430220283783,-0.003169779716217014
2024-07-09_01,57,57000,19000,0.3627,0.3566910769385986,-0.006008923061401439
2024-07-09_01,58,76000,19000,0.4261,0.34091288624118044,-0.08518711375881954
2024-07-09_01,59,95000,19000,0.4928,0.39067637613708495,-0.10212362386291507
2024-07-09_01,60,-76000,38000,0.429,0.3315697570871582,-0.0974302429128418
2024-07-09_01,61,-57000,38000,0.3661,0.3626640416785889,-0.003435958321411081
2024-07-09_01,62,-38000,38000,0.3224,0.3188628146280823,-0.003537185371917717
2024-07-09_01,63,-19000,38000,0.2956,0.2935122630880127,-0.00208773691198727
2024-07-09_01,64,0,38000,0.287,0.2846547704990845,-0.00234522950091548
2024-07-09_01,65,19000,38000,0.2998,0.2956696330010071,-0.004130366998992885
2024-07-09_01,66,38000,38000,0.332,0.3266850320713196,-0.005314967928680414
2024-07-09_01,67,57000,38000,0.3789,0.3706418203556824,-0.008258179644317631
2024-07-09_01,68,76000,38000,0.4447,0.36771779669076543,-0.07698220330923455
2024-07-09_01,69,-76000,57000,0.473,0.3876515511512756,-0.08534844884872439
2024-07-09_01,70,-57000,57000,0.3998,0.41036854155166624,0.010568541551666255
2024-07-09_01,71,-38000,57000,0.3565,0.35469554979895024,-0.0018044502010497454
2024-07-09_01,72,-19000,57000,0.3306,0.3305289363102417,-7.106368975828836e-05
2024-07-09_01,73,0,57000,0.3218,0.32027244398068233,-0.001527556019317644
2024-07-09_01,74,19000,57000,0.3352,0.3311695081705017,-0.004030491829498273
2024-07-09_01,75,38000,57000,0.3641,0.3584958955453186,-0.005604104454681402
2024-07-09_01,76,57000,57000,0.4125,0.41555518586535645,0.003055185865356469
2024-07-09_01,77,76000,57000,0.4842,0.3848037695884705,-0.09939623041152951
2024-07-09_01,78,-57000,76000,0.4571,0.3862278346061706,-0.0708721653938294
2024-07-09_01,79,-38000,76000,0.408,0.4246483680171509,0.016648368017150916
2024-07-09_01,80,-19000,76000,0.381,0.37784320076611333,-0.0031567992338866757
2024-07-09_01,81,0,76000,0.3722,0.36849403581619267,-0.0037059641838073087
2024-07-09_01,82,19000,76000,0.3844,0.37979286482037355,-0.004607135179626465
2024-07-09_01,83,38000,76000,0.4151,0.39681649758456417,-0.01828350241543586
2024-07-09_01,84,57000,76000,0.4636,0.3700752234458924,-0.09352477655410762
2024-07-09_01,85,-19000,95000,0.4444,0.3621969307163696,-0.08220306928363041
2024-07-09_01,86,0,95000,0.4432,0.36052340469360356,-0.08267659530639643
2024-07-09_01,87,19000,95000,0.4495,0.3528225902329407,-0.0966774097670593
2024-07-09_02,0,-19000,-95000,0.5163,0.44804350732681275,-0.06825649267318723
2024-07-09_02,1,0,-95000,0.5302,0.46576915206909175,-0.06443084793090825
2024-07-09_02,2,19000,-95000,0.5163,0.4510992914438171,-0.06520070855618287
2024-07-09_02,3,-57000,-76000,0.5353,0.4793539226531982,-0.05594607734680179
2024-07-09_02,4,-38000,-76000,0.4727,0.4202380716832276,-0.05246192831677243
2024-07-09_02,5,-19000,-76000,0.4458,0.39352606598400874,-0.05227393401599123
2024-07-09_02,6,0,-76000,0.4376,0.36319322461230463,-0.07440677538769536
2024-07-09_02,7,19000,-76000,0.4464,0.3926144973855896,-0.053785502614410396
2024-07-09_02,8,38000,-76000,0.4726,0.387776150215271,-0.08482384978472901
2024-07-09_02,9,57000,-76000,0.5261,0.4754098660469055,-0.05069013395309452
2024-07-09_02,10,-76000,-57000,0.5282,0.4475625932693481,-0.0806374067306519
2024-07-09_02,11,-57000,-57000,0.4505,0.3932112413077088,-0.05728875869229122
2024-07-09_02,12,-38000,-57000,0.4066,0.4373940395336914,0.030794039533691364
2024-07-09_02,13,-19000,-57000,0.3801,0.3880178658132629,0.007917865813262925
2024-07-09_02,14,0,-57000,0.3719,0.3801810602348328,0.008281060234832771
2024-07-09_02,15,19000,-57000,0.3817,0.39017710109603887,0.008477101096038886
2024-07-09_02,16,38000,-57000,0.4087,0.4298445330247498,0.02114453302474978
2024-07-09_02,17,57000,-57000,0.4517,0.41855868647317507,-0.03314131352682492
2024-07-09_02,18,76000,-57000,0.5203,0.46213656730651853,-0.058163432693481454
2024-07-09_02,19,-76000,-38000,0.4617,0.40866984952017216,-0.05303015047982784
2024-07-09_02,20,-57000,-38000,0.3999,0.4188767542131958,0.018976754213195834
2024-07-09_02,21,-38000,-38000,0.3568,0.3639772708719482,0.007177270871948194
2024-07-09_02,22,-19000,-38000,0.3291,0.3377973277837829,0.008697327783782904
2024-07-09_02,23,0,-38000,0.319,0.32715945884567266,0.008159458845672651
2024-07-09_02,24,19000,-38000,0.3315,0.3388970896011658,0.007397089601165807
2024-07-09_02,25,38000,-38000,0.3595,0.3692300326347351,0.009730032634735097
2024-07-09_02,26,57000,-38000,0.4033,0.40808154709564204,0.004781547095642047
2024-07-09_02,27,76000,-38000,0.4649,0.39574541506454464,-0.06915458493545534
2024-07-09_02,28,-95000,-19000,0.4958,0.45678772666510015,-0.03901227333489987
2024-07-09_02,29,-76000,-19000,0.4272,0.3675230819969483,-0.05967691800305175
2024-07-09_02,30,-57000,-19000,0.3664,0.37474725847616575,0.008347258476165742
2024-07-09_02,31,-38000,-19000,0.3204,0.32918521803826906,0.008785218038269038
2024-07-09_02,32,-19000,-19000,0.2919,0.30051758413504026,0.008617584135040268
2024-07-09_02,33,0,-19000,0.2811,0.2882787417356567,0.007178741735656691
2024-07-09_02,34,19000,-19000,0.2944,0.30186648188031007,0.007466481880310072
2024-07-09_02,35,38000,-19000,0.3248,0.3351245003997192,0.010324500399719216
2024-07-09_02,36,57000,-19000,0.3724,0.3798672346484375,0.007467234648437515
2024-07-09_02,37,76000,-19000,0.4342,0.3511531846550904,-0.0830468153449096
2024-07-09_02,38,95000,-19000,0.4992,0.4502221276825562,-0.04897787231744377
2024-07-09_02,39,-95000,0,0.5008,0.4609392477989197,-0.03986075220108032
2024-07-09_02,40,-76000,0,0.4091,0.42334333678436276,0.014243336784362737
2024-07-09_02,41,-57000,0,0.3498,0.3557814973316651,0.005981497331665087
2024-07-09_02,42,-38000,0,0.3035,0.3142111504806824,0.010711150480682385
2024-07-09_02,43,-19000,0,0.2735,0.2807959031522217,0.007295903152221672
2024-07-09_02,44,19000,0,0.277,0.2864904560722046,0.009490456072204556
2024-07-09_02,45,38000,0,0.3096,0.3192863563039551,0.00968635630395509
2024-07-09_02,46,57000,0,0.3576,0.36511686795111087,0.007516867951110895
2024-07-09_02,47,76000,0,0.4193,0.3540256044355774,-0.0652743955644226
2024-07-09_02,48,95000,0,0.4981,0.43704612178802493,-0.061053878211975054
2024-07-09_02,49,-95000,19000,0.4791,0.4128732920778504,-0.06622670792214963
2024-07-09_02,50,-76000,19000,0.4092,0.40906153086782837,-0.00013846913217163692
2024-07-09_02,51,-57000,19000,0.3493,0.35665906777380374,0.00735906777380374
2024-07-09_02,52,-38000,19000,0.3039,0.3123518724081421,0.008451872408142103
2024-07-09_02,53,-19000,19000,0.276,0.2844929780965576,0.00849297809655758
2024-07-09_02,54,0,19000,0.2665,0.27306270821942136,0.006562708219421343
2024-07-09_02,55,19000,19000,0.2795,0.289311528404541,0.00981152840454097
2024-07-09_02,56,38000,19000,0.3101,0.31971581970071417,0.009615819700714179
2024-07-09_02,57,57000,19000,0.3581,0.36749183409445185,0.009391834094451879
2024-07-09_02,58,76000,19000,0.4196,0.354458359279602,-0.06514164072039796
2024-07-09_02,59,95000,19000,0.4833,0.41680887176855463,-0.06649112823144537
2024-07-09_02,60,-76000,38000,0.4304,0.3672201442131958,-0.06317985578680418
2024-07-09_02,61,-57000,38000,0.3655,0.37406814447448733,0.008568144474487338
2024-07-09_02,62,-38000,38000,0.322,0.33143759222933955,0.009437592229339542
2024-07-09_02,63,-19000,38000,0.2963,0.30420188295861816,0.007901882958618156
2024-07-09_02,64,0,38000,0.2875,0.29490869649099727,0.007408696490997291
2024-07-09_02,65,19000,38000,0.2993,0.3069664207692566,0.00766642076925661
2024-07-09_02,66,38000,38000,0.329,0.33864590203018186,0.009645902030181841
2024-07-09_02,67,57000,38000,0.3739,0.38160606043426515,0.007706060434265138
2024-07-09_02,68,76000,38000,0.438,0.37106350548171996,-0.06693649451828004
2024-07-09_02,69,-76000,57000,0.4776,0.42389653959274287,-0.05370346040725715
2024-07-09_02,70,-57000,57000,0.4001,0.39145682430654904,-0.008643175693450966
2024-07-09_02,71,-38000,57000,0.356,0.36441119365368657,0.008411193653686588
2024-07-09_02,72,-19000,57000,0.3302,0.33901373857467654,0.008813738574676544
2024-07-09_02,73,0,57000,0.3215,0.32900404924142457,0.00750404924142456
2024-07-09_02,74,19000,57000,0.3336,0.3414970489767456,0.007897048976745591
2024-07-09_02,75,38000,57000,0.361,0.3697561460438843,0.008756146043884305
2024-07-09_02,76,57000,57000,0.4065,0.41775889813827516,0.011258898138275186
2024-07-09_02,77,76000,57000,0.474,0.43094619770050047,-0.04305380229949951
2024-07-09_02,78,-57000,76000,0.4581,0.40551917591094966,-0.05258082408905035
2024-07-09_02,79,-38000,76000,0.4073,0.4390419380167847,0.03174193801678471
2024-07-09_02,80,-19000,76000,0.3799,0.38675960057778935,0.006859600577789338
2024-07-09_02,81,0,76000,0.3707,0.37773183526992793,0.007031835269927955
2024-07-09_02,82,19000,76000,0.3817,0.3904032510411072,0.008703251041107196
2024-07-09_02,83,38000,76000,0.4099,0.4199618583266297,0.010061858326629702
2024-07-09_02,84,57000,76000,0.4549,0.4140546586036682,-0.040845341396331836
2024-07-09_02,85,-19000,95000,0.4408,0.3736328306755371,-0.06716716932446293
2024-07-09_02,86,0,95000,0.4393,0.37479672374725337,-0.06450327625274666
2024-07-09_02,87,19000,95000,0.4427,0.3681516911958008,-0.07454830880419916
2024-07-09_03,0,-19000,-95000,0.3112,0.320198480168457,0.008998480168457001
2024-07-09_03,1,0,-95000,0.3416,0.3498152799606322,0.008215279960632205
2024-07-09_03,2,19000,-95000,0.3107,0.32450116893801884,0.01380116893801886
2024-07-09_03,3,-57000,-76000,0.3196,0.3339387263298035,0.014338726329803486
2024-07-09_03,4,-38000,-76000,0.313288841,0.30145303327774053,-0.01183580772225945
2024-07-09_03,5,-19000,-76000,0.1832,0.3030441225673217,0.11984412256732171
2024-07-09_03,6,0,-76000,0.18,0.2529950465142823,0.07299504651428229
2024-07-09_03,7,19000,-76000,0.1828,0.30653414239535515,0.12373414239535516
2024-07-09_03,8,38000,-76000,0.284760387,0.3001277114307861,0.015367324430786089
2024-07-09_03,9,57000,-76000,0.3168,0.330247605419159,0.013447605419158959
2024-07-09_03,10,-76000,-57000,0.3168,0.3386374200820923,0.021837420082092274
2024-07-09_03,11,-57000,-57000,0.333403856,0.30463259731948855,-0.028771258680511447
2024-07-09_03,12,-38000,-57000,0.4144,0.24279407818786614,-0.17160592181213385
2024-07-09_03,13,-19000,-57000,0.3868,0.39579048884707646,0.008990488847076483
2024-07-09_03,14,0,-57000,0.3783,0.3882581372990417,0.009958137299041658
2024-07-09_03,15,19000,-57000,0.3879,0.39579203183425893,0.007892031834258906
2024-07-09_03,16,38000,-57000,0.169,0.22659482697653188,0.05759482697653187
2024-07-09_03,17,57000,-57000,0.306723696,0.3086884617885437,0.0019647657885437098
2024-07-09_03,18,76000,-57000,0.3135,0.32985141334533696,0.016351413345336963
2024-07-09_03,19,-76000,-38000,0.308922076,0.29759668773126213,-0.011325388268737857
2024-07-09_03,20,-57000,-38000,0.4081,0.2977462144514771,-0.11035378554852293
2024-07-09_03,21,-38000,-38000,0.3635,0.37364576897143564,0.010145768971435654
2024-07-09_03,22,-19000,-38000,0.3363,0.34551706306054686,0.00921706306054687
2024-07-09_03,23,0,-38000,0.3259,0.3354723947939149,0.009572394793914862
2024-07-09_03,24,19000,-38000,0.3377,0.34827006602771005,0.010570066027710046
2024-07-09_03,25,38000,-38000,0.3656,0.37635495719909673,0.010754957199096749
2024-07-09_03,26,57000,-38000,0.4098,0.26644517928344724,-0.14335482071655276
2024-07-09_03,27,76000,-38000,0.304556333,0.3032647627814331,-0.0012915702185669065
2024-07-09_03,28,-95000,-19000,0.307,0.3148914939287719,0.00789149392877192
2024-07-09_03,29,-76000,-19000,0.1762,0.2054291316088257,0.029229131608825704
2024-07-09_03,30,-57000,-19000,0.3743,0.3833666774917297,0.00906667749172968
2024-07-09_03,31,-38000,-19000,0.3283,0.33919349269390864,0.010893492693908657
2024-07-09_03,32,-19000,-19000,0.2992,0.30785200648199473,0.008652006481994712
2024-07-09_03,33,0,-19000,0.288,0.29721128097540284,0.009211280975402858
2024-07-09_03,34,19000,-19000,0.301,0.3124066203291931,0.011406620329193096
2024-07-09_03,35,38000,-19000,0.3318,0.3415123188880309,0.009712318888030924
2024-07-09_03,36,57000,-19000,0.3784,0.3901149926840821,0.011714992684082104
2024-07-09_03,37,76000,-19000,0.1781,0.240195021505188,0.062095021505188
2024-07-09_03,38,95000,-19000,0.3075,0.30589568196658323,-0.0016043180334167628
2024-07-09_03,39,-95000,0,0.3126,0.3230095695495605,0.010409569549560516
2024-07-09_03,40,-76000,0,0.1705,0.2462161429423524,0.07571614294235238
2024-07-09_03,41,-57000,0,0.3576,0.3650680092745666,0.007468009274566645
2024-07-09_03,42,-38000,0,0.3116,0.3213624860087281,0.009762486008728088
2024-07-09_03,43,-19000,0,0.2812,0.28941074001623535,0.00821074001623534
2024-07-09_03,44,19000,0,0.2838,0.2955550316856079,0.01175503168560793
2024-07-09_03,45,38000,0,0.3164,0.32718596934851085,0.010785969348510838
2024-07-09_03,46,57000,0,0.3639,0.3766308446846618,0.01273084468466179
2024-07-09_03,47,76000,0,0.1718,0.19114646713537597,0.019346467135375967
2024-07-09_03,48,95000,0,0.3093,0.31593395061492924,0.006633950614929218
2024-07-09_03,49,-95000,19000,0.3046,0.30690744094799816,0.002307440947998174
2024-07-09_03,50,-76000,19000,0.1703,0.22388226600341787,0.05358226600341787
2024-07-09_03,51,-57000,19000,0.3574,0.3653135205802003,0.007913520580200284
2024-07-09_03,52,-38000,19000,0.312,0.3217812061871337,0.009781206187133684
2024-07-09_03,53,-19000,19000,0.2835,0.29304969305950923,0.009549693059509257
2024-07-09_03,54,0,19000,0.2733,0.28418172866394054,0.010881728663940549
2024-07-09_03,55,19000,19000,0.2863,0.2975336807423705,0.011233680742370522
2024-07-09_03,56,38000,19000,0.3169,0.32780443723162844,0.010904437231628428
2024-07-09_03,57,57000,19000,0.3645,0.37622440175061045,0.011724401750610458
2024-07-09_03,58,76000,19000,0.1729,0.20429381167376715,0.03139381167376715
2024-07-09_03,59,95000,19000,0.3056,0.3105523716163636,0.004952371616363638
2024-07-09_03,60,-76000,38000,0.1781,0.23758140641055303,0.05948140641055302
2024-07-09_03,61,-57000,38000,0.3741,0.38197754360485847,0.007877543604858483
2024-07-09_03,62,-38000,38000,0.3303,0.33907746602359,0.00877746602359003
2024-07-09_03,63,-19000,38000,0.3031,0.3142635992704468,0.0111635992704468
2024-07-09_03,64,0,38000,0.2941,0.305338810154663,0.011238810154663048
2024-07-09_03,65,19000,38000,0.306,0.3189944084375915,0.012994408437591531
2024-07-09_03,66,38000,38000,0.3358,0.3453762243061218,0.009576224306121817
2024-07-09_03,67,57000,38000,0.3807,0.39202837364852905,0.011328373648529066
2024-07-09_03,68,76000,38000,0.18,0.2699784787486268,0.0899784787486268
2024-07-09_03,69,-76000,57000,0.3075,0.30593872241973874,-0.0015612775802612555
2024-07-09_03,70,-57000,57000,0.4107,0.25777247879330445,-0.15292752120669556
2024-07-09_03,71,-38000,57000,0.3638,0.37338510631912225,0.009585106319122239
2024-07-09_03,72,-19000,57000,0.3378,0.34916308566348264,0.011363085663482653
2024-07-09_03,73,0,57000,0.3288,0.34039322574987785,0.011593225749877867
2024-07-09_03,74,19000,57000,0.3402,0.3508332085249328,0.010633208524932825
2024-07-09_03,75,38000,57000,0.3674,0.37995539819491575,0.012555398194915746
2024-07-09_03,76,57000,57000,0.415,0.24340529034866343,-0.17159470965133655
2024-07-09_03,77,76000,57000,0.303457271,0.31188561668395987,0.008428345683959892
2024-07-09_03,78,-57000,76000,0.303070174,0.2988256233215332,-0.004244550678466852
2024-07-09_03,79,-38000,76000,0.1701,0.22382502506756596,0.05372502506756596
2024-07-09_03,80,-19000,76000,0.3875,0.39608747795608523,0.008587477956085221
2024-07-09_03,81,0,76000,0.3777,0.38796566190719606,0.010265661907196078
2024-07-09_03,82,19000,76000,0.3885,0.40018794938772584,0.011687949387725827
2024-07-09_03,83,38000,76000,0.1705,0.22487399909262096,0.054373999092620945
2024-07-09_03,84,57000,76000,0.304266287,0.28669770708084097,-0.017568579919159055
2024-07-09_03,85,-19000,95000,0.1823,0.2977448474370117,0.1154448474370117
2024-07-09_03,86,0,95000,0.1818,0.30428795280456544,0.12248795280456545
2024-07-09_03,87,19000,95000,0.1804,0.2893235567660828,0.10892355676608279
2024-07-09_04,0,-19000,-95000,0.3112,0.3214594657242431,0.010259465724243133
2024-07-09_04,1,0,-95000,0.3215,0.34816647968292247,0.02666647968292246
2024-07-09_04,2,19000,-95000,0.3112,0.3181482749890747,0.006948274989074743
2024-07-09_04,3,-57000,-76000,0.3337,0.3426746743202209,0.008974674320220921
2024-07-09_04,4,-38000,-76000,0.3028,0.31831831380685416,0.015518313806854145
2024-07-09_04,5,-19000,-76000,0.3023217,0.2556230675922546,-0.04669863240774541
2024-07-09_04,6,0,-76000,0.1814,0.2254682835359496,0.044068283535949604
2024-07-09_04,7,19000,-76000,0.302136926,0.2488763557345275,-0.053260570265472484
2024-07-09_04,8,38000,-76000,0.293363664,0.2984132837168578,0.0050496197168578005
2024-07-09_04,9,57000,-76000,0.3187,0.3311758316040039,0.012475831604003895
2024-07-09_04,10,-76000,-57000,0.3234,0.33317655496597287,0.00977655496597285
2024-07-09_04,11,-57000,-57000,0.285911636,0.29152727384924315,0.005615637849243127
2024-07-09_04,12,-38000,-57000,0.1703,0.353139406691803,0.18283940669180299
2024-07-09_04,13,-19000,-57000,0.3935,0.38981683401809697,-0.003683165981903047
2024-07-09_04,14,0,-57000,0.3847,0.3815557091101074,-0.003144290889892598
2024-07-09_04,15,19000,-57000,0.3943,0.39084268654843135,-0.0034573134515686332
2024-07-09_04,16,38000,-57000,0.1707,0.23198575832095347,0.06128575832095348
2024-07-09_04,17,57000,-57000,0.283101582,0.3192554012726745,0.03615381927267447
2024-07-09_04,18,76000,-57000,0.3159,0.33083805208206174,0.014938052082061726
2024-07-09_04,19,-76000,-38000,0.277922075,0.3083117806889648,0.03038970568896482
2024-07-09_04,20,-57000,-38000,0.169,0.40899739762814336,0.23999739762814334
2024-07-09_04,21,-38000,-38000,0.3704,0.3653522864506531,-0.0050477135493469105
2024-07-09_04,22,-19000,-38000,0.3437,0.3383218950526734,-0.005378104947326601
2024-07-09_04,23,0,-38000,0.3337,0.32867516763339233,-0.005024832366607668
2024-07-09_04,24,19000,-38000,0.3452,0.341578070850586,-0.003621929149414005
2024-07-09_04,25,38000,-38000,0.3723,0.3687874353408813,-0.0035125646591187
2024-07-09_04,26,57000,-38000,0.1696,0.37912638687741085,0.20952638687741085
2024-07-09_04,27,76000,-38000,0.277444308,0.30303895681970205,0.02559464881970208
2024-07-09_04,28,-95000,-19000,0.3075,0.32569128604342645,0.018191286043426458
2024-07-09_04,29,-76000,-19000,0.1781,0.19978635232434083,0.021686352324340824
2024-07-09_04,30,-57000,-19000,0.3812,0.37490250324179075,-0.006297496758209231
2024-07-09_04,31,-38000,-19000,0.3364,0.3313330060457458,-0.005066993954254195
2024-07-09_04,32,-19000,-19000,0.307,0.3011416514339904,-0.005858348566009586
2024-07-09_04,33,0,-19000,0.2964,0.2906254593624573,-0.00577454063754268
2024-07-09_04,34,19000,-19000,0.3091,0.30386004840667735,-0.005239951593322634
2024-07-09_04,35,38000,-19000,0.3397,0.3344742904982909,-0.005225709501709086
2024-07-09_04,36,57000,-19000,0.3855,0.3818146020955506,-0.0036853979044493834
2024-07-09_04,37,76000,-19000,0.18,0.20688289099255375,0.026882890992553754
2024-07-09_04,38,95000,-19000,0.3098,0.3178032573935241,0.008003257393524088
2024-07-09_04,39,-95000,0,0.3159,0.32631649484634395,0.010416494846343938
2024-07-09_04,40,-76000,0,0.1717,0.3113906970359497,0.1396906970359497
2024-07-09_04,41,-57000,0,0.3648,0.3580236255416871,-0.006776374458312917
2024-07-09_04,42,-38000,0,0.3199,0.31315440544805906,-0.006745594551940959
2024-07-09_04,43,-19000,0,0.29,0.2826226176499329,-0.007377382350067074
2024-07-09_04,44,19000,0,0.2928,0.2855875961647645,-0.007212403835235526
2024-07-09_04,45,38000,0,0.3248,0.31979198313928214,-0.005008016860717834
2024-07-09_04,46,57000,0,0.3708,0.3678790824727478,-0.002920917527252209
2024-07-09_04,47,76000,0,0.1739,0.20125161777297973,0.02735161777297973
2024-07-09_04,48,95000,0,0.3117,0.3133962232589722,0.0016962232589722293
2024-07-09_04,49,-95000,19000,0.3056,0.31513606580081177,0.009536065800811788
2024-07-09_04,50,-76000,19000,0.1718,0.3092333738422546,0.13743337384225457
2024-07-09_04,51,-57000,19000,0.365,0.3587113018034973,-0.0062886981965026845
2024-07-09_04,52,-38000,19000,0.3208,0.3141764666436768,-0.006623533356323152
2024-07-09_04,53,-19000,19000,0.2925,0.28499874753317256,-0.007501252466827424
2024-07-09_04,54,0,19000,0.2831,0.2752797463494263,-0.007820253650573705
2024-07-09_04,55,19000,19000,0.2953,0.28828572509240713,-0.007014274907592877
2024-07-09_04,56,38000,19000,0.3256,0.3204835332323608,-0.005116466767639216
2024-07-09_04,57,57000,19000,0.3716,0.3678111509204407,-0.0037888490795592866
2024-07-09_04,58,76000,19000,0.1743,0.20231901971820077,0.028019019718200755
2024-07-09_04,59,95000,19000,0.3079,0.31771491330322266,0.00981491330322265
2024-07-09_04,60,-76000,38000,0.1809,0.20248672968734738,0.021586729687347372
2024-07-09_04,61,-57000,38000,0.3821,0.3757315884242858,-0.006368411575714217
2024-07-09_04,62,-38000,38000,0.3396,0.33146455135150155,-0.008135448648498467
2024-07-09_04,63,-19000,38000,0.3127,0.3064520812201539,-0.0062479187798460956
2024-07-09_04,64,0,38000,0.3035,0.2960271292776795,-0.0074728707223205015
2024-07-09_04,65,19000,38000,0.3153,0.3088733429285584,-0.006426657071441633
2024-07-09_04,66,38000,38000,0.3443,0.33952363790264894,-0.00477636209735105
2024-07-09_04,67,57000,38000,0.3882,0.38484171456637584,-0.003358285433624153
2024-07-09_04,68,76000,38000,0.1832,0.22434240356591806,0.041142403565918056
2024-07-09_04,69,-76000,57000,0.3107,0.31914138898849487,0.008441388988494891
2024-07-09_04,70,-57000,57000,0.17,0.3930617792745972,0.22306177927459717
2024-07-09_04,71,-38000,57000,0.372,0.3665704022223206,-0.005429597777679374
2024-07-09_04,72,-19000,57000,0.347,0.3404132448175965,-0.006586755182403481
2024-07-09_04,73,0,57000,0.3385,0.33245094043695067,-0.006049059563049353
2024-07-09_04,74,19000,57000,0.3491,0.3444647227682496,-0.004635277231750445
2024-07-09_04,75,38000,57000,0.3755,0.37077070520385735,-0.004729294796142647
2024-07-09_04,76,57000,57000,0.171,0.3221347136889039,0.15113471368890388
2024-07-09_04,77,76000,57000,0.268133983,0.311114430809021,0.042980447809020994
2024-07-09_04,78,-57000,76000,0.3037,0.3084313283920288,0.004731328392028777
2024-07-09_04,79,-38000,76000,0.1718,0.3189937357907715,0.1471937357907715
2024-07-09_04,80,-19000,76000,0.396,0.3913195322539367,-0.004680467746063344
2024-07-09_04,81,0,76000,0.3863,0.38095577402114866,-0.0053442259788513136
2024-07-09_04,82,19000,76000,0.397,0.3916652200792847,-0.0053347799207152935
2024-07-09_04,83,38000,76000,0.1718,0.2218264600444031,0.05002646004440309
2024-07-09_04,84,57000,76000,0.269639875,0.2939801219940186,0.0243402469940186
2024-07-09_04,85,-19000,95000,0.295842751,0.23622723354013053,-0.05961551745986948
2024-07-09_04,86,0,95000,0.1864,0.241928476524353,0.055528476524353
2024-07-09_04,87,19000,95000,0.1832,0.23397929317263788,0.05077929317263788
2024-07-09_05,0,-19000,-95000,0.3112,0.30746892063674935,-0.0037310793632506223
2024-07-09_05,1,0,-95000,0.33,0.32954389877319334,-0.0004561012268066711
2024-07-09_05,2,19000,-95000,0.3121,0.3099823543316955,-0.0021176456683044687
2024-07-09_05,3,-57000,-76000,0.3442,0.32628495960235604,-0.017915040397643966
2024-07-09_05,4,-38000,-76000,0.3037,0.28848018026971434,-0.015219819730285689
2024-07-09_05,5,-19000,-76000,0.305531801,0.2808886870606384,-0.024643113939361583
2024-07-09_05,6,0,-76000,0.1837,0.24441628666555792,0.06071628666555792
2024-07-09_05,7,19000,-76000,0.305434732,0.29182872857888786,-0.013606003421112123
2024-07-09_05,8,38000,-76000,0.3037,0.2853549153505859,-0.018345084649414145
2024-07-09_05,9,57000,-76000,0.3225,0.31713922529220584,-0.005360774707794169
2024-07-09_05,10,-76000,-57000,0.3281,0.3184984472274781,-0.009601552772521893
2024-07-09_05,11,-57000,-57000,0.289849191,0.2960693243699035,0.006220133369903513
2024-07-09_05,12,-38000,-57000,0.1715,0.3225571612749938,0.15105716127499377
2024-07-09_05,13,-19000,-57000,0.397,0.39457916286239625,-0.0024208371376037707
2024-07-09_05,14,0,-57000,0.3886,0.3860374463199159,-0.002562553680084123
2024-07-09_05,15,19000,-57000,0.3984,0.39445595193832395,-0.003944048061676031
2024-07-09_05,16,38000,-57000,0.1725,0.3083497296980895,0.1358497296980895
2024-07-09_05,17,57000,-57000,0.287259656,0.2981129264303588,0.01085327043035883
2024-07-09_05,18,76000,-57000,0.3187,0.3203988245010376,0.0016988245010376435
2024-07-09_05,19,-76000,-38000,0.281229613,0.28796383093634037,0.006734217936340381
2024-07-09_05,20,-57000,-38000,0.17,0.3740269265790406,0.20402692657904056
2024-07-09_05,21,-38000,-38000,0.3741,0.3708164626013184,-0.0032835373986815908
2024-07-09_05,22,-19000,-38000,0.3473,0.3427160997640686,-0.004583900235931415
2024-07-09_05,23,0,-38000,0.3375,0.3338299967867737,-0.0036700032132263027
2024-07-09_05,24,19000,-38000,0.3491,0.34618997676452645,-0.002910023235473569
2024-07-09_05,25,38000,-38000,0.3762,0.3751529624938965,-0.0010470375061034654
2024-07-09_05,26,57000,-38000,0.1701,0.3522977918218384,0.1821977918218384
2024-07-09_05,27,76000,-38000,0.280835679,0.290096835876831,0.00926115687683099
2024-07-09_05,28,-95000,-19000,0.3084,0.29805236482940667,-0.010347635170593339
2024-07-09_05,29,-76000,-19000,0.18,0.19845140311038212,0.018451403110382125
2024-07-09_05,30,-57000,-19000,0.3849,0.3798154977809143,-0.00508450221908574
2024-07-09_05,31,-38000,-19000,0.3401,0.33495204354217534,-0.005147956457824676
2024-07-09_05,32,-19000,-19000,0.3106,0.30599923736447154,-0.004600762635528444
2024-07-09_05,33,0,-19000,0.2997,0.2959367972992859,-0.003763202700714119
2024-07-09_05,34,19000,-19000,0.3127,0.3105500754455566,-0.0021499245544434054
2024-07-09_05,35,38000,-19000,0.3436,0.3395346404299926,-0.004065359570007421
2024-07-09_05,36,57000,-19000,0.3895,0.38768703960461415,-0.0018129603953858653
2024-07-09_05,37,76000,-19000,0.1818,0.21236949471377553,0.03056949471377554
2024-07-09_05,38,95000,-19000,0.3103,0.2976360382932435,-0.012663961706756544
2024-07-09_05,39,-95000,0,0.3173,0.30518298902511587,-0.012117010974884157
2024-07-09_05,40,-76000,0,0.1734,0.3263456715718078,0.15294567157180783
2024-07-09_05,41,-57000,0,0.3686,0.3629385920582886,-0.005661407941711383
2024-07-09_05,42,-38000,0,0.3237,0.31821835679605104,-0.005481643203948949
2024-07-09_05,43,-19000,0,0.2932,0.2876274396975098,-0.005572560302490204
2024-07-09_05,44,19000,0,0.2962,0.29202962281295775,-0.0041703771870422734
2024-07-09_05,45,38000,0,0.3285,0.3248007258052368,-0.0036992741947632357
2024-07-09_05,46,57000,0,0.3745,0.3726356760699767,-0.0018643239300232817
2024-07-09_05,47,76000,0,0.1757,0.2130298164255371,0.03732981642553709
2024-07-09_05,48,95000,0,0.3131,0.3095826615333557,-0.0035173384666443153
2024-07-09_05,49,-95000,19000,0.3065,0.2982143686208192,-0.008285631379180813
2024-07-09_05,50,-76000,19000,0.1734,0.3063941825324401,0.1329941825324401
2024-07-09_05,51,-57000,19000,0.3688,0.3623032244531861,-0.006496775546813938
2024-07-09_05,52,-38000,19000,0.3246,0.3181940956831055,-0.006405904316894473
2024-07-09_05,53,-19000,19000,0.2957,0.2902075729797058,-0.005492427020294233
2024-07-09_05,54,0,19000,0.2866,0.2820639103631897,-0.004536089636810348
2024-07-09_05,55,19000,19000,0.2987,0.29421278324133304,-0.004487216758666979
2024-07-09_05,56,38000,19000,0.3293,0.3240534113735656,-0.005246588626434401
2024-07-09_05,57,57000,19000,0.3755,0.3725495927232667,-0.002950407276733291
2024-07-09_05,58,76000,19000,0.18,0.20940728101507577,0.02940728101507578
2024-07-09_05,59,95000,19000,0.3084,0.30103778415441895,-0.007362215845581055
2024-07-09_05,60,-76000,38000,0.1823,0.21393530138092043,0.03163530138092044
2024-07-09_05,61,-57000,38000,0.3859,0.3796915570557555,-0.006208442944244497
2024-07-09_05,62,-38000,38000,0.3433,0.336514145688263,-0.006785854311737005
2024-07-09_05,63,-19000,38000,0.3164,0.31082311953912356,-0.005576880460876454
2024-07-09_05,64,0,38000,0.307,0.3028148665133972,-0.004185133486602821
2024-07-09_05,65,19000,38000,0.3191,0.3158125364071045,-0.003287463592895501
2024-07-09_05,66,38000,38000,0.3481,0.3438980467454529,-0.004201953254547142
2024-07-09_05,67,57000,38000,0.3922,0.3891024659701232,-0.0030975340298767806
2024-07-09_05,68,76000,38000,0.1851,0.23820198893365485,0.053101988933654864
2024-07-09_05,69,-76000,57000,0.3131,0.29355298290252696,-0.01954701709747303
2024-07-09_05,70,-57000,57000,0.1711,0.3549346951908874,0.18383469519088738
2024-07-09_05,71,-38000,57000,0.3761,0.3704661950934449,-0.005633804906555073
2024-07-09_05,72,-19000,57000,0.3508,0.34582477191320793,-0.004975228086792072
2024-07-09_05,73,0,57000,0.3423,0.33733926294958505,-0.004960737050414943
2024-07-09_05,74,19000,57000,0.3529,0.3486282833627319,-0.004271716637268108
2024-07-09_05,75,38000,57000,0.3795,0.37682395489370735,-0.002676045106292657
2024-07-09_05,76,57000,57000,0.1725,0.31975125601593013,0.14725125601593014
2024-07-09_05,77,76000,57000,0.3079,0.2963246276855469,-0.011575372314453103
2024-07-09_05,78,-57000,76000,0.3056,0.28261511335372935,-0.02298488664627063
2024-07-09_05,79,-38000,76000,0.1729,0.3147916267209778,0.14189162672097783
2024-07-09_05,80,-19000,76000,0.4006,0.39356564187289433,-0.007034358127105678
2024-07-09_05,81,0,76000,0.3908,0.3851084726333618,-0.005691527366638194
2024-07-09_05,82,19000,76000,0.4016,0.39809706972656245,-0.0035029302734375656
2024-07-09_05,83,38000,76000,0.1734,0.27536786358932486,0.10196786358932486
2024-07-09_05,84,57000,76000,0.279081776,0.27509279756546023,-0.003988978434539769
2024-07-09_05,85,-19000,95000,0.323688679,0.26847838066607665,-0.055210298333923324
2024-07-09_05,86,0,95000,0.33333767,0.2803534286499023,-0.05298424135009766
2024-07-09_05,87,19000,95000,0.324641674,0.264621638480133,-0.06002003551986701
2024-07-09_06,0,-19000,-95000,0.3121,0.3227806454947204,0.01068064549472042
2024-07-09_06,1,0,-95000,0.3416,0.3417533345222472,0.0001533345222471949
2024-07-09_06,2,19000,-95000,0.3131,0.31855400760131847,0.005454007601318478
2024-07-09_06,3,-57000,-76000,0.3469,0.3407134000778198,-0.00618659992218018
2024-07-09_06,4,-38000,-76000,0.3056,0.29934916823867797,-0.006250831761322018
2024-07-09_06,5,-19000,-76000,0.324416106,0.3059202672956849,-0.018495838704315093
2024-07-09_06,6,0,-76000,0.333313406,0.26106560432931514,-0.07224780167068484
2024-07-09_06,7,19000,-76000,0.324370031,0.3096246243640748,-0.014745406635925218
2024-07-09_06,8,38000,-76000,0.3056,0.3023243076689148,-0.003275692331085156
2024-07-09_06,9,57000,-76000,0.3281,0.33321023092269897,0.005110230922698966
2024-07-09_06,10,-76000,-57000,0.345,0.3391437117576599,-0.00585628824234008
2024-07-09_06,11,-57000,-57000,0.296290883,0.2966347276312562,0.000343844631256196
2024-07-09_06,12,-38000,-57000,0.1729,0.20480693077029422,0.03190693077029422
2024-07-09_06,13,-19000,-57000,0.4027,0.4058302096903992,0.003130209690399177
2024-07-09_06,14,0,-57000,0.3938,0.397158157199585,0.0033581571995850434
2024-07-09_06,15,19000,-57000,0.404,0.4070349979487915,0.0030349979487914736
2024-07-09_06,16,38000,-57000,0.1739,0.18164922017849738,0.007749220178497385
2024-07-09_06,17,57000,-57000,0.29267628,0.28722807084347535,-0.005448209156524664
2024-07-09_06,18,76000,-57000,0.3206,0.3287146101951599,0.00811461019515991
2024-07-09_06,19,-76000,-38000,0.287212185,0.2958586425263672,0.008646457526367168
2024-07-09_06,20,-57000,-38000,0.1717,0.24587153081814583,0.07417153081814584
2024-07-09_06,21,-38000,-38000,0.3795,0.3818338391573486,0.002333839157348583
2024-07-09_06,22,-19000,-38000,0.3528,0.3551016741001891,0.0023016741001891106
2024-07-09_06,23,0,-38000,0.3435,0.3461615162133178,0.0026615162133177828
2024-07-09_06,24,19000,-38000,0.3545,0.35759742512890624,0.0030974251289062615
2024-07-09_06,25,38000,-38000,0.3818,0.3861756335258484,0.00437563352584841
2024-07-09_06,26,57000,-38000,0.1718,0.210815278422821,0.03901527842282099
2024-07-09_06,27,76000,-38000,0.285746736,0.2866183733197327,0.000871637319732721
2024-07-09_06,28,-95000,-19000,0.3098,0.3102181292940063,0.0004181292940062531
2024-07-09_06,29,-76000,-19000,0.1818,0.22243387501348888,0.04063387501348889
2024-07-09_06,30,-57000,-19000,0.3904,0.392322695710968,0.001922695710967981
2024-07-09_06,31,-38000,-19000,0.3459,0.3480840158729859,0.0021840158729858894
2024-07-09_06,32,-19000,-19000,0.3169,0.31990302749649047,0.0030030274964904513
2024-07-09_06,33,0,-19000,0.3063,0.31008758721667484,0.003787587216674826
2024-07-09_06,34,19000,-19000,0.3193,0.32295091211795035,0.003650912117950378
2024-07-09_06,35,38000,-19000,0.3497,0.35360948313934326,0.0039094831393432505
2024-07-09_06,36,57000,-19000,0.3954,0.39901376019778434,0.003613760197784366
2024-07-09_06,37,76000,-19000,0.1842,0.2501395555545043,0.06593955555450429
2024-07-09_06,38,95000,-19000,0.3112,0.3033662192276305,-0.007833780772369459
2024-07-09_06,39,-95000,0,0.3206,0.3225549950599671,0.0019549950599671018
2024-07-09_06,40,-76000,0,0.1762,0.18635507685406494,0.010155076854064943
2024-07-09_06,41,-57000,0,0.3741,0.37645682555389404,0.0023568255538940486
2024-07-09_06,42,-38000,0,0.3301,0.33322236397583005,0.0031223639758300448
2024-07-09_06,43,-19000,0,0.2998,0.3029122350118407,0.003112235011840714
2024-07-09_06,44,19000,0,0.3029,0.30549531780807504,0.002595317808075037
2024-07-09_06,45,38000,0,0.3358,0.33846918289120476,0.002669182891204769
2024-07-09_06,46,57000,0,0.3807,0.385815046234375,0.005115046234375031
2024-07-09_06,47,76000,0,0.1781,0.20439074153631598,0.02629074153631597
2024-07-09_06,48,95000,0,0.314,0.32035972146987923,0.0063597214698792315
2024-07-09_06,49,-95000,19000,0.3079,0.30315144044055176,-0.004748559559448251
2024-07-09_06,50,-76000,19000,0.1753,0.18747989967779533,0.012179899677795314
2024-07-09_06,51,-57000,19000,0.3742,0.37785616029110725,0.003656160291107269
2024-07-09_06,52,-38000,19000,0.3313,0.3339579174602967,0.0026579174602966993
2024-07-09_06,53,-19000,19000,0.3028,0.30491978245532225,0.002119782455322239
2024-07-09_06,54,0,19000,0.2939,0.29607525398373413,0.002175253983734138
2024-07-09_06,55,19000,19000,0.3055,0.3083325428547363,0.0028325428547363307
2024-07-09_06,56,38000,19000,0.3363,0.3406970780946046,0.004397078094604601
2024-07-09_06,57,57000,19000,0.3816,0.385760821910736,0.004160821910736023
2024-07-09_06,58,76000,19000,0.179,0.20706785900686642,0.028067859006866425
2024-07-09_06,59,95000,19000,0.315,0.3161637435216369,0.0011637435216368952
2024-07-09_06,60,-76000,38000,0.1851,0.2505177534450074,0.06541775344500739
2024-07-09_06,61,-57000,38000,0.3917,0.3935095270555724,0.001809527055572413
2024-07-09_06,62,-38000,38000,0.3493,0.35112789603524774,0.0018278960352477447
2024-07-09_06,63,-19000,38000,0.3234,0.32596390121566765,0.00256390121566763
2024-07-09_06,64,0,38000,0.3144,0.31695030244573985,0.0025503024457398382
2024-07-09_06,65,19000,38000,0.3264,0.33041717789877323,0.004017177898773205
2024-07-09_06,66,38000,38000,0.3544,0.3591732049873353,0.0047732049873353
2024-07-09_06,67,57000,38000,0.3985,0.40299747630328375,0.004497476303283732
2024-07-09_06,68,76000,38000,0.303427719,0.28232029275842274,-0.021107426241577243
2024-07-09_06,69,-76000,57000,0.3145,0.3090279353141785,-0.005472064685821509
2024-07-09_06,70,-57000,57000,0.1725,0.19841199304418944,0.025911993044189452
2024-07-09_06,71,-38000,57000,0.3817,0.3853127228588866,0.003612722858886641
2024-07-09_06,72,-19000,57000,0.3569,0.3597367940667724,0.0028367940667723968
2024-07-09_06,73,0,57000,0.3486,0.35200996225064096,0.003409962250640941
2024-07-09_06,74,19000,57000,0.359,0.3646004573592223,0.005600457359222322
2024-07-09_06,75,38000,57000,0.3856,0.3913545168421326,0.005754516842132629
2024-07-09_06,76,57000,57000,0.1743,0.18946630310311896,0.01516630310311895
2024-07-09_06,77,76000,57000,0.3084,0.30865304718017583,0.00025304718017582495
2024-07-09_06,78,-57000,76000,0.3075,0.29994788293838504,-0.00755211706161496
2024-07-09_06,79,-38000,76000,0.1753,0.185369335643097,0.010069335643096977
2024-07-09_06,80,-19000,76000,0.4066,0.410510650090973,0.003910650090972967
2024-07-09_06,81,0,76000,0.3967,0.4004436650276184,0.0037436650276184147
2024-07-09_06,82,19000,76000,0.4077,0.4124379941207581,0.004737994120758093
2024-07-09_06,83,38000,76000,0.1757,0.19680566406066902,0.02110566406066902
2024-07-09_06,84,57000,76000,0.286274674,0.2958413268089295,0.009566652808929488
2024-07-09_06,85,-19000,95000,0.329785377,0.30264782239175414,-0.02713755460824585
2024-07-09_06,86,0,95000,0.340041947,0.3094429292678833,-0.030599017732116707
2024-07-09_06,87,19000,95000,0.331566535,0.2931442221237792,-0.03842231287622078
2024-07-09_07,0,-19000,-95000,0.3131,0.33192045351654054,0.018820453516540547
2024-07-09_07,1,0,-95000,0.3415,0.3452555148124694,0.003755514812469385
2024-07-09_07,2,19000,-95000,0.314,0.3220536719323426,0.008053671932342577
2024-07-09_07,3,-57000,-76000,0.3475,0.34746772899627687,-3.227100372310554e-05
2024-07-09_07,4,-38000,-76000,0.3065,0.3085558210902404,0.002055821090240384
2024-07-09_07,5,-19000,-76000,0.327011549,0.30825554528582755,-0.018756003714172464
2024-07-09_07,6,0,-76000,0.336129644,0.27290089367288206,-0.06322875032711794
2024-07-09_07,7,19000,-76000,0.327225995,0.31089051736553963,-0.01633547763446036
2024-07-09_07,8,38000,-76000,0.3056,0.3027432534982606,-0.0028567465017393934
2024-07-09_07,9,57000,-76000,0.33,0.343363729763031,0.013363729763030963
2024-07-09_07,10,-76000,-57000,0.3456,0.33898533239364625,-0.0066146676063537635
2024-07-09_07,11,-57000,-57000,0.298975514,0.2971184072991637,-0.0018571067008362752
2024-07-09_07,12,-38000,-57000,0.1743,0.19491432121072383,0.02061432121072382
2024-07-09_07,13,-19000,-57000,0.4062,0.4070374023700256,0.0008374023700256084
2024-07-09_07,14,0,-57000,0.3976,0.3981234088190002,0.000523408819000204
2024-07-09_07,15,19000,-57000,0.4075,0.40824525843423465,0.0007452584342346746
2024-07-09_07,16,38000,-57000,0.1748,0.16493579517236334,-0.009864204827636669
2024-07-09_07,17,57000,-57000,0.297611616,0.29519127226480113,-0.0024203437351988932
2024-07-09_07,18,76000,-57000,0.3215,0.3311524665832519,0.009652466583251917
2024-07-09_07,19,-76000,-38000,0.3037,0.29815498058837897,-0.005545019411621055
2024-07-09_07,20,-57000,-38000,0.172,0.24961668803237913,0.07761668803237914
2024-07-09_07,21,-38000,-38000,0.383,0.38284123700021366,-0.00015876299978634378
2024-07-09_07,22,-19000,-38000,0.3564,0.3572982948025514,0.0008982948025513804
2024-07-09_07,23,0,-38000,0.3469,0.3473904863982238,0.0004904863982237995
2024-07-09_07,24,19000,-38000,0.3583,0.35803468251837156,-0.0002653174816284465
2024-07-09_07,25,38000,-38000,0.3857,0.38790926103591916,0.0022092610359191744
2024-07-09_07,26,57000,-38000,0.1725,0.20466400135641472,0.03216400135641473
2024-07-09_07,27,76000,-38000,0.3037,0.28990383926553354,-0.01379616073446649
2024-07-09_07,28,-95000,-19000,0.3093,0.3127184512003174,0.003418451200317363
2024-07-09_07,29,-76000,-19000,0.1828,0.21854806948153693,0.03574806948153694
2024-07-09_07,30,-57000,-19000,0.3936,0.3939367380297547,0.0003367380297547018
2024-07-09_07,31,-38000,-19000,0.3493,0.3488578037769776,-0.00044219622302238415
2024-07-09_07,32,-19000,-19000,0.3204,0.32115511236230465,0.000755112362304633
2024-07-09_07,33,0,-19000,0.3095,0.310820747147583,0.0013207471475830124
2024-07-09_07,34,19000,-19000,0.3233,0.32491782351287846,0.0016178235128784801
2024-07-09_07,35,38000,-19000,0.3532,0.354206969419983,0.0010069694199829615
2024-07-09_07,36,57000,-19000,0.3991,0.400278742358368,0.0011787423583680123
2024-07-09_07,37,76000,-19000,0.306977047,0.25693906747265616,-0.050037979527343845
2024-07-09_07,38,95000,-19000,0.3112,0.31424051271319575,0.0030405127131957754
2024-07-09_07,39,-95000,0,0.3206,0.31891973419189457,-0.00168026580810543
2024-07-09_07,40,-76000,0,0.1762,0.17851027612930292,0.0023102761293029295
2024-07-09_07,41,-57000,0,0.3771,0.378073644998413,0.0009736449984130147
2024-07-09_07,42,-38000,0,0.3338,0.3339472239861756,0.00014722398617561527
2024-07-09_07,43,-19000,0,0.3032,0.3036356299222718,0.0004356299222717519
2024-07-09_07,44,19000,0,0.3064,0.3064658234812012,6.58234812012104e-05
2024-07-09_07,45,38000,0,0.3392,0.3401666329124755,0.0009666329124755069
2024-07-09_07,46,57000,0,0.3843,0.3861424865145875,0.0018424865145875158
2024-07-09_07,47,76000,0,0.18,0.2012956000739441,0.0212956000739441
2024-07-09_07,48,95000,0,0.3159,0.31985577402114873,0.003955774021148717
2024-07-09_07,49,-95000,19000,0.3075,0.31152355949279786,0.004023559492797868
2024-07-09_07,50,-76000,19000,0.1767,0.17410540573455813,-0.0025945942654418686
2024-07-09_07,51,-57000,19000,0.3773,0.37822765985110474,0.0009276598511047118
2024-07-09_07,52,-38000,19000,0.3346,0.3351024499392701,0.0005024499392700665
2024-07-09_07,53,-19000,19000,0.3062,0.3067836360038758,0.0005836360038757871
2024-07-09_07,54,0,19000,0.2968,0.29881908235150156,0.0020190823515015555
2024-07-09_07,55,19000,19000,0.3093,0.31041916214248655,0.0011191621424865295
2024-07-09_07,56,38000,19000,0.3403,0.34124698134707643,0.0009469813470764366
2024-07-09_07,57,57000,19000,0.3852,0.3872998026773682,0.002099802677368201
2024-07-09_07,58,76000,19000,0.18,0.1941192080734253,0.014119208073425316
2024-07-09_07,59,95000,19000,0.3098,0.31174415156817625,0.0019441515681762334
2024-07-09_07,60,-76000,38000,0.303967153,0.2550804719819335,-0.04888668101806648
2024-07-09_07,61,-57000,38000,0.3945,0.39426384864953623,-0.00023615135046378688
2024-07-09_07,62,-38000,38000,0.3525,0.3533266216811217,0.000826621681121742
2024-07-09_07,63,-19000,38000,0.327,0.32696436384936534,-3.5636150634676955e-05
2024-07-09_07,64,0,38000,0.3178,0.3185001527859497,0.0007001527859496481
2024-07-09_07,65,19000,38000,0.33,0.3311475865514222,0.001147586551422164
2024-07-09_07,66,38000,38000,0.3581,0.36112711377365114,0.003027113773651169
2024-07-09_07,67,57000,38000,0.4023,0.4038855852114258,0.0015855852114258218
2024-07-09_07,68,76000,38000,0.30735372,0.27068892551068124,-0.03666479448931875
2024-07-09_07,69,-76000,57000,0.3159,0.3123304000854492,-0.003569599914550803
2024-07-09_07,70,-57000,57000,0.1739,0.19976442639248648,0.025864426392486484
2024-07-09_07,71,-38000,57000,0.385,0.38699694360861203,0.001996943608612023
2024-07-09_07,72,-19000,57000,0.3602,0.3612838951523438,0.0010838951523438056
2024-07-09_07,73,0,57000,0.352,0.35198287859555055,-1.7121404449427224e-05
2024-07-09_07,74,19000,57000,0.3626,0.3664231090074157,0.003823109007415726
2024-07-09_07,75,38000,57000,0.3895,0.39130159820272836,0.0018015982027283495
2024-07-09_07,76,57000,57000,0.1753,0.17736631443127449,0.002066314431274474
2024-07-09_07,77,76000,57000,0.3112,0.31009806594848643,-0.0011019340515135423
2024-07-09_07,78,-57000,76000,0.3075,0.30271170053482055,-0.004788299465179446
2024-07-09_07,79,-38000,76000,0.1762,0.17895667142523197,0.002756671425231977
2024-07-09_07,80,-19000,76000,0.4098,0.41127138016851816,0.001471380168518166
2024-07-09_07,81,0,76000,0.4,0.4018314663887024,0.001831466388702352
2024-07-09_07,82,19000,76000,0.4115,0.41392004625085455,0.0024200462508545684
2024-07-09_07,83,38000,76000,0.1776,0.1798961305454101,0.0022961305454100855
2024-07-09_07,84,57000,76000,0.3046,0.29359163246154796,-0.011008367538452024
2024-07-09_07,85,-19000,95000,0.333870038,0.31304049869259654,-0.020829539307403444
2024-07-09_07,86,0,95000,0.343687024,0.31020470304489134,-0.03348232095510867
2024-07-09_07,87,19000,95000,0.3346358,0.297733440922638,-0.036902359077362
2024-07-09_08,0,-19000,-95000,0.3131,0.35127385727810667,0.03817385727810668
2024-07-09_08,1,0,-95000,0.3459,0.39402413778305045,0.04812413778305047
2024-07-09_08,2,19000,-95000,0.3135,0.3431638812483826,0.029663881248382595
2024-07-09_08,3,-57000,-76000,0.3484,0.402346576499939,0.053946576499939
2024-07-09_08,4,-38000,-76000,0.3065,0.3286019724636535,0.02210197246365353
2024-07-09_08,5,-19000,-76000,0.327912302,0.3646697525566711,0.03675745055667112
2024-07-09_08,6,0,-76000,0.337456206,0.3214540153265686,-0.016002190673431393
2024-07-09_08,7,19000,-76000,0.328442123,0.3507715557079163,0.02232943270791632
2024-07-09_08,8,38000,-76000,0.3065,0.3524319073165283,0.0459319073165283
2024-07-09_08,9,57000,-76000,0.3356,0.37373858795166015,0.03813858795166014
2024-07-09_08,10,-76000,-57000,0.3459,0.3995766890525818,0.05367668905258183
2024-07-09_08,11,-57000,-57000,0.299584586,0.3308925964790954,0.03130801047909543
2024-07-09_08,12,-38000,-57000,0.1743,0.3083441873867798,0.1340441873867798
2024-07-09_08,13,-19000,-57000,0.4071,0.4056387129674377,-0.0014612870325623195
2024-07-09_08,14,0,-57000,0.3986,0.396224568493744,-0.0023754315062560205
2024-07-09_08,15,19000,-57000,0.409,0.4079353424479675,-0.0010646575520324997
2024-07-09_08,16,38000,-57000,0.1753,0.2769954045376892,0.10169540453768922
2024-07-09_08,17,57000,-57000,0.299396739,0.339720367284851,0.040323628284850976
2024-07-09_08,18,76000,-57000,0.3243,0.38835209712982177,0.0640520971298218
2024-07-09_08,19,-76000,-38000,0.3032,0.32238667190176384,0.01918667190176382
2024-07-09_08,20,-57000,-38000,0.1725,0.3648240196642456,0.19232401966424562
2024-07-09_08,21,-38000,-38000,0.3837,0.3828886806689149,-0.0008113193310850808
2024-07-09_08,22,-19000,-38000,0.3568,0.35381061933935554,-0.0029893806606444695
2024-07-09_08,23,0,-38000,0.3481,0.34801686265814213,-8.313734185788624e-05
2024-07-09_08,24,19000,-38000,0.3596,0.3569474275431823,-0.002652572456817659
2024-07-09_08,25,38000,-38000,0.3873,0.3863168369293213,-0.0009831630706786942
2024-07-09_08,26,57000,-38000,0.1739,0.3417464131547241,0.1678464131547241
2024-07-09_08,27,76000,-38000,0.3037,0.33230334065097056,0.028603340650970532
2024-07-09_08,28,-95000,-19000,0.3112,0.3674661204380798,0.056266120438079825
2024-07-09_08,29,-76000,-19000,0.1828,0.3078693886193542,0.1250693886193542
2024-07-09_08,30,-57000,-19000,0.3942,0.39446160900933847,0.0002616090093384704
2024-07-09_08,31,-38000,-19000,0.35,0.34862398193377686,-0.001376018066223117
2024-07-09_08,32,-19000,-19000,0.3213,0.3178752929451598,-0.0034247070548401592
2024-07-09_08,33,0,-19000,0.3108,0.31001198823809806,-0.0007880117619019633
2024-07-09_08,34,19000,-19000,0.3249,0.3204569650619813,-0.004443034938018731
2024-07-09_08,35,38000,-19000,0.3549,0.3508900480774537,-0.004009951922546273
2024-07-09_08,36,57000,-19000,0.401,0.39878643621316523,-0.0022135637868347935
2024-07-09_08,37,76000,-19000,0.308318414,0.3113947430480346,0.0030763290480346206
2024-07-09_08,38,95000,-19000,0.314,0.366281296868042,0.052281296868042004
2024-07-09_08,39,-95000,0,0.3215,0.3761972249984742,0.05469722499847418
2024-07-09_08,40,-76000,0,0.1762,0.28073602089947514,0.10453602089947514
2024-07-09_08,41,-57000,0,0.3777,0.37506503436651606,-0.002634965633483921
2024-07-09_08,42,-38000,0,0.3345,0.3325139095884093,-0.001986090411590702
2024-07-09_08,43,-19000,0,0.3044,0.30346170094027713,-0.0009382990597228691
2024-07-09_08,44,19000,0,0.3082,0.30428921488012706,-0.003910785119872917
2024-07-09_08,45,38000,0,0.3415,0.3389196241827088,-0.002580375817291203
2024-07-09_08,46,57000,0,0.3865,0.3864238949667358,-7.610503326421769e-05
2024-07-09_08,47,76000,0,0.18,0.3026287444580382,0.12262874445803823
2024-07-09_08,48,95000,0,0.3159,0.3542755558013917,0.03837555580139168
2024-07-09_08,49,-95000,19000,0.3079,0.33683510037753295,0.02893510037753294
2024-07-09_08,50,-76000,19000,0.1767,0.32480751621435555,0.14810751621435556
2024-07-09_08,51,-57000,19000,0.3777,0.3770612901614989,-0.0006387098385010614
2024-07-09_08,52,-38000,19000,0.3356,0.335250867705017,-0.00034913229498301224
2024-07-09_08,53,-19000,19000,0.3072,0.3045383040688783,-0.0026616959311216992
2024-07-09_08,54,0,19000,0.2987,0.2963246298270874,-0.0023753701729126164
2024-07-09_08,55,19000,19000,0.3112,0.3105917693302307,-0.000608230669769283
2024-07-09_08,56,38000,19000,0.3424,0.3409247270738831,-0.0014752729261168773
2024-07-09_08,57,57000,19000,0.3876,0.38709478376257334,-0.0005052162374266644
2024-07-09_08,58,76000,19000,0.1818,0.3028935264771424,0.12109352647714242
2024-07-09_08,59,95000,19000,0.3098,0.37528823676849354,0.06548823676849352
2024-07-09_08,60,-76000,38000,0.30452426,0.3118379130749207,0.007313653074920712
2024-07-09_08,61,-57000,38000,0.3955,0.3955848918872986,8.489188729859931e-05
2024-07-09_08,62,-38000,38000,0.3538,0.35140332304135136,-0.002396676958648647
2024-07-09_08,63,-19000,38000,0.3284,0.32632375986639395,-0.0020762401336060776
2024-07-09_08,64,0,38000,0.3196,0.31755882891934206,-0.002041171080657933
2024-07-09_08,65,19000,38000,0.3324,0.3305699947439269,-0.001830005256073075
2024-07-09_08,66,38000,38000,0.3604,0.35872918372183227,-0.0016708162781677305
2024-07-09_08,67,57000,38000,0.4046,0.4040582186305848,-0.0005417813694152396
2024-07-09_08,68,76000,38000,0.308527133,0.32911206645626834,0.02058493345626833
2024-07-09_08,69,-76000,57000,0.315,0.3540083789825439,0.03900837898254389
2024-07-09_08,70,-57000,57000,0.1739,0.3502855713755493,0.17638557137554928
2024-07-09_08,71,-38000,57000,0.3863,0.38388007402758784,-0.0024199259724121402
2024-07-09_08,72,-19000,57000,0.3616,0.3612776870987855,-0.0003223129012144832
2024-07-09_08,73,0,57000,0.3538,0.3518922599667358,-0.0019077400332642158
2024-07-09_08,74,19000,57000,0.3648,0.3657293132131043,0.0009293132131042992
2024-07-09_08,75,38000,57000,0.3919,0.3897911678711854,-0.0021088321288146306
2024-07-09_08,76,57000,57000,0.1762,0.2901424082748718,0.11394240827487181
2024-07-09_08,77,76000,57000,0.3098,0.3428917402267455,0.03309174022674549
2024-07-09_08,78,-57000,76000,0.3084,0.35528981924057,0.04688981924057001
2024-07-09_08,79,-38000,76000,0.1767,0.2871416389955139,0.11044163899551393
2024-07-09_08,80,-19000,76000,0.4114,0.4098131240466918,-0.0015868759533081978
2024-07-09_08,81,0,76000,0.4017,0.39939504051208496,-0.002304959487915037
2024-07-09_08,82,19000,76000,0.4135,0.4107471867486572,-0.0027528132513428005
2024-07-09_08,83,38000,76000,0.1781,0.30671255483578497,0.12861255483578496
2024-07-09_08,84,57000,76000,0.3046,0.3239239329338073,0.019323932933807297
2024-07-09_08,85,-19000,95000,0.335144375,0.363341069609314,0.02819669460931401
2024-07-09_08,86,0,95000,0.345098637,0.3574291982650757,0.012330561265075701
2024-07-09_08,87,19000,95000,0.336047547,0.3512831089698487,0.01523556196984871
2024-07-09_09,0,-19000,-95000,0.3131,0.34396936794134514,0.03086936794134515
2024-07-09_09,1,0,-95000,0.3443,0.35546314144134517,0.01116314144134517
2024-07-09_09,2,19000,-95000,0.3121,0.34908140314767455,0.03698140314767456
2024-07-09_09,3,-57000,-76000,0.348,0.3629462871551514,0.01494628715515145
2024-07-09_09,4,-38000,-76000,0.3056,0.3134331969695434,0.007833196969543432
2024-07-09_09,5,-19000,-76000,0.327979676,0.30715031037179563,-0.020829365628204366
2024-07-09_09,6,0,-76000,0.337359127,0.29959340338894647,-0.037765723611053514
2024-07-09_09,7,19000,-76000,0.327985515,0.30246129621353157,-0.025524218786468433
2024-07-09_09,8,38000,-76000,0.3056,0.31905459427008065,0.013454594270080666
2024-07-09_09,9,57000,-76000,0.3234,0.3561423167228699,0.03274231672286987
2024-07-09_09,10,-76000,-57000,0.3469,0.35980577802658087,0.012905778026580883
2024-07-09_09,11,-57000,-57000,0.299933756,0.2970143079651184,-0.0029194480348815888
2024-07-09_09,12,-38000,-57000,0.1743,0.22523530954901116,0.050935309549011154
2024-07-09_09,13,-19000,-57000,0.4077,0.40992337797833245,0.0022233779783324414
2024-07-09_09,14,0,-57000,0.3991,0.40330199471865846,0.004201994718658453
2024-07-09_09,15,19000,-57000,0.4093,0.4141385125343018,0.0048385125343017865
2024-07-09_09,16,38000,-57000,0.1743,0.2236322650759277,0.049332265075927695
2024-07-09_09,17,57000,-57000,0.297644022,0.3071391831767578,0.009495161176757805
2024-07-09_09,18,76000,-57000,0.3206,0.3476062759399414,0.027006275939941427
2024-07-09_09,19,-76000,-38000,0.3037,0.3082811865250854,0.004581186525085379
2024-07-09_09,20,-57000,-38000,0.1725,0.23581768090762334,0.06331768090762335
2024-07-09_09,21,-38000,-38000,0.385,0.38805119793560783,0.003051197935607819
2024-07-09_09,22,-19000,-38000,0.3579,0.36147588638800054,0.0035758863880005487
2024-07-09_09,23,0,-38000,0.3492,0.3533084036365357,0.004108403636535696
2024-07-09_09,24,19000,-38000,0.3605,0.3632433722021484,0.002743372202148431
2024-07-09_09,25,38000,-38000,0.3883,0.39270541515350343,0.004405415153503456
2024-07-09_09,26,57000,-38000,0.1739,0.21943742408346556,0.04553742408346556
2024-07-09_09,27,76000,-38000,0.3,0.30615477543792724,0.006154775437927251
2024-07-09_09,28,-95000,-19000,0.3098,0.3217598744098815,0.011959874409881499
2024-07-09_09,29,-76000,-19000,0.1837,0.2754636801548156,0.09176368015481559
2024-07-09_09,30,-57000,-19000,0.3951,0.39885669231143184,0.0037566923114318307
2024-07-09_09,31,-38000,-19000,0.3509,0.3547473580335694,0.0038473580335693924
2024-07-09_09,32,-19000,-19000,0.3224,0.3264848352438354,0.004084835243835405
2024-07-09_09,33,0,-19000,0.3121,0.31607998271414184,0.00397998271414185
2024-07-09_09,34,19000,-19000,0.3261,0.32945302099432383,0.00335302099432383
2024-07-09_09,35,38000,-19000,0.356,0.3592863180970154,0.003286318097015406
2024-07-09_09,36,57000,-19000,0.4019,0.4064732054752198,0.0045732054752198326
2024-07-09_09,37,76000,-19000,0.308018472,0.2809438732535401,-0.0270745987464599
2024-07-09_09,38,95000,-19000,0.3121,0.3284766942707824,0.01637669427078242
2024-07-09_09,39,-95000,0,0.3187,0.334268735218048,0.015568735218048024
2024-07-09_09,40,-76000,0,0.1771,0.20122879501208502,0.024128795012085008
2024-07-09_09,41,-57000,0,0.3787,0.3824500507743531,0.003750050774353142
2024-07-09_09,42,-38000,0,0.3353,0.3390824152054748,0.0037824152054747873
2024-07-09_09,43,-19000,0,0.3051,0.30914341559960934,0.004043415599609357
2024-07-09_09,44,19000,0,0.3091,0.31219556314178476,0.003095563141784774
2024-07-09_09,45,38000,0,0.3422,0.34599131661703497,0.0037913166170349677
2024-07-09_09,46,57000,0,0.3873,0.3922772928848266,0.004977292884826623
2024-07-09_09,47,76000,0,0.18,0.25396544238439933,0.07396544238439934
2024-07-09_09,48,95000,0,0.3159,0.32902983646392814,0.013129836463928124
2024-07-09_09,49,-95000,19000,0.3079,0.3211777506085509,0.013277750608550909
2024-07-09_09,50,-76000,19000,0.1818,0.21341996477365122,0.03161996477365123
2024-07-09_09,51,-57000,19000,0.3792,0.38318688565402215,0.003986885654022165
2024-07-09_09,52,-38000,19000,0.3374,0.3404080678803101,0.0030080678803101057
2024-07-09_09,53,-19000,19000,0.3089,0.3132857462000427,0.004385746200042673
2024-07-09_09,54,0,19000,0.3001,0.3040437105290221,0.003943710529022149
2024-07-09_09,55,19000,19000,0.3126,0.31603975994033817,0.003439759940338183
2024-07-09_09,56,38000,19000,0.3438,0.3482423703907165,0.004442370390716488
2024-07-09_09,57,57000,19000,0.3886,0.3940884919922485,0.00548849199224849
2024-07-09_09,58,76000,19000,0.1814,0.26540244104504396,0.08400244104504395
2024-07-09_09,59,95000,19000,0.3093,0.33129695386254876,0.02199695386254874
2024-07-09_09,60,-76000,38000,0.305538434,0.2877798432154235,-0.017758590784576533
2024-07-09_09,61,-57000,38000,0.3967,0.3996923273248292,0.0029923273248291804
2024-07-09_09,62,-38000,38000,0.3548,0.3585542825994874,0.003754282599487402
2024-07-09_09,63,-19000,38000,0.33,0.3338118509313659,0.003811850931365879
2024-07-09_09,64,0,38000,0.321,0.32493756480813607,0.003937564808136063
2024-07-09_09,65,19000,38000,0.3338,0.3367826152659912,0.0029826152659911953
2024-07-09_09,66,38000,38000,0.3615,0.3658933536255493,0.004393353625549323
2024-07-09_09,67,57000,38000,0.4167,0.4098590107060851,-0.006840989293914912
2024-07-09_09,68,76000,38000,0.310213329,0.2984590859096985,-0.011754243090301486
2024-07-09_09,69,-76000,57000,0.314,0.3340560086250306,0.020056008625030597
2024-07-09_09,70,-57000,57000,0.1743,0.2161177844230957,0.041817784423095694
2024-07-09_09,71,-38000,57000,0.3873,0.3908912766137389,0.003591276613738925
2024-07-09_09,72,-19000,57000,0.3628,0.36668394274847405,0.003883942748474034
2024-07-09_09,73,0,57000,0.3551,0.3580198468940734,0.0029198468940733746
2024-07-09_09,74,19000,57000,0.366,0.37065566472628775,0.004655664726287756
2024-07-09_09,75,38000,57000,0.3931,0.39832124110601796,0.00522124110601796
2024-07-09_09,76,57000,57000,0.1767,0.21069237975384514,0.03399237975384514
2024-07-09_09,77,76000,57000,0.3098,0.3196652498245238,0.009865249824523803
2024-07-09_09,78,-57000,76000,0.3079,0.30989079551696785,0.001990795516967847
2024-07-09_09,79,-38000,76000,0.1767,0.22371364074270628,0.04701364074270628
2024-07-09_09,80,-19000,76000,0.4123,0.4137881653880615,0.001488165388061513
2024-07-09_09,81,0,76000,0.4031,0.4067023715019227,0.003602371501922663
2024-07-09_09,82,19000,76000,0.4149,0.4180383670997314,0.0031383670997314206
2024-07-09_09,83,38000,76000,0.1781,0.2210430411417541,0.042943041141754096
2024-07-09_09,84,57000,76000,0.3056,0.3133476939201354,0.007747693920135412
2024-07-09_09,85,-19000,95000,0.336015007,0.3016163994284058,-0.034398607571594186
2024-07-09_09,86,0,95000,0.346130775,0.30241707172393806,-0.043713703276061944
2024-07-09_09,87,19000,95000,0.337084999,0.3174686230665589,-0.01961637593344112
2024-07-09_10,0,-19000,-95000,0.314,0.3228210535394287,0.008821053539428692
2024-07-09_10,1,0,-95000,0.345,0.34212181720733637,-0.0028781827926636083
2024-07-09_10,2,19000,-95000,0.314,0.3085371375083008,-0.005462862491699194
2024-07-09_10,3,-57000,-76000,0.3479,0.34050085058212276,-0.007399149417877227
2024-07-09_10,4,-38000,-76000,0.3065,0.2934763985122375,-0.013023601487762493
2024-07-09_10,5,-19000,-76000,0.297641809,0.2818976951133423,-0.015744113886657696
2024-07-09_10,6,0,-76000,0.311929706,0.28489574369683845,-0.02703396230316152
2024-07-09_10,7,19000,-76000,0.29744779,0.28222836345700064,-0.015219426542999348
2024-07-09_10,8,38000,-76000,0.307,0.30129410279736324,-0.005705897202636756
2024-07-09_10,9,57000,-76000,0.3337,0.3340525871276856,0.00035258712768559963
2024-07-09_10,10,-76000,-57000,0.345,0.3331474255561828,-0.011852574443817154
2024-07-09_10,11,-57000,-57000,0.296364667,0.27505164563781737,-0.02131302136218266
2024-07-09_10,12,-38000,-57000,0.1781,0.23861517094851692,0.06051517094851691
2024-07-09_10,13,-19000,-57000,0.1694,0.4059765106144715,0.2365765106144715
2024-07-09_10,14,0,-57000,0.4062,0.39652364379006966,-0.009676356209930348
2024-07-09_10,15,19000,-57000,0.169,0.4086341212380675,0.23963412123806752
2024-07-09_10,16,38000,-57000,0.1781,0.23158998949728393,0.053489989497283924
2024-07-09_10,17,57000,-57000,0.293370549,0.2874000156349181,-0.005970533365081854
2024-07-09_10,18,76000,-57000,0.3215,0.3262652998924256,0.0047652998924255785
2024-07-09_10,19,-76000,-38000,0.3051,0.29168296068008415,-0.013417039319915836
2024-07-09_10,20,-57000,-38000,0.1753,0.354982010573059,0.179682010573059
2024-07-09_10,21,-38000,-38000,0.3911,0.38320188898175056,-0.007898111018249443
2024-07-09_10,22,-19000,-38000,0.3646,0.3559484020141297,-0.008651597985870285
2024-07-09_10,23,0,-38000,0.3557,0.346198400558136,-0.009501599441864017
2024-07-09_10,24,19000,-38000,0.3673,0.3592757245307312,-0.008024275469268816
2024-07-09_10,25,38000,-38000,0.3954,0.3866944557189942,-0.008705544281005784
2024-07-09_10,26,57000,-38000,0.1762,0.22321553930279547,0.04701553930279548
2024-07-09_10,27,76000,-38000,0.3046,0.2852444059322814,-0.019355594067718584
2024-07-09_10,28,-95000,-19000,0.3093,0.3003185159153443,-0.008981484084655711
2024-07-09_10,29,-76000,-19000,0.306549659,0.24439813219897455,-0.062151526801025425
2024-07-09_10,30,-57000,-19000,0.402,0.3927862648897096,-0.009213735110290444
2024-07-09_10,31,-38000,-19000,0.3578,0.3504347319702148,-0.00736526802978521
2024-07-09_10,32,-19000,-19000,0.33,0.32195718368148807,-0.008042816318511947
2024-07-09_10,33,0,-19000,0.3198,0.31097468217373647,-0.008825317826263501
2024-07-09_10,34,19000,-19000,0.334,0.3222443128859558,-0.011755687114044233
2024-07-09_10,35,38000,-19000,0.3632,0.3529277532895203,-0.010272246710479715
2024-07-09_10,36,57000,-19000,0.4092,0.39999594598666377,-0.009204054013336238
2024-07-09_10,37,76000,-19000,0.308429476,0.27134857331320195,-0.037080902686798034
2024-07-09_10,38,95000,-19000,0.3121,0.3039937669986268,-0.008106233001373198
2024-07-09_10,39,-95000,0,0.3225,0.32211219587326045,-0.0003878041267395549
2024-07-09_10,40,-76000,0,0.179,0.21494775422470092,0.03594775422470092
2024-07-09_10,41,-57000,0,0.3855,0.37860596329437257,-0.006894036705627438
2024-07-09_10,42,-38000,0,0.3428,0.3345562708286438,-0.008243729171356184
2024-07-09_10,43,-19000,0,0.3128,0.3024127210021972,-0.01038727899780284
2024-07-09_10,44,19000,0,0.3174,0.3062558987417603,-0.011144101258239725
2024-07-09_10,45,38000,0,0.3499,0.3409969905353394,-0.008903009464660605
2024-07-09_10,46,57000,0,0.3951,0.3872377569283143,-0.007862243071685704
2024-07-09_10,47,76000,0,0.1832,0.24417063672918693,0.06097063672918693
2024-07-09_10,48,95000,0,0.3159,0.3274646350860595,0.011564635086059483
2024-07-09_10,49,-95000,19000,0.3079,0.2910078332995911,-0.016892166700408884
2024-07-09_10,50,-76000,19000,0.179,0.22692860025833128,0.04792860025833129
2024-07-09_10,51,-57000,19000,0.3858,0.37908744617071544,-0.00671255382928454
2024-07-09_10,52,-38000,19000,0.3441,0.33486792643524166,-0.009232073564758358
2024-07-09_10,53,-19000,19000,0.3162,0.3079667909182433,-0.008233209081756676
2024-07-09_10,54,0,19000,0.3076,0.2981655004721375,-0.009434499527862461
2024-07-09_10,55,19000,19000,0.3203,0.3104459168562621,-0.009854083143737868
2024-07-09_10,56,38000,19000,0.3508,0.34361270086297613,-0.007187299137023873
2024-07-09_10,57,57000,19000,0.396,0.3881667738218384,-0.007833226178161623
2024-07-09_10,58,76000,19000,0.1837,0.22191911087734995,0.03821911087734994
2024-07-09_10,59,95000,19000,0.3112,0.30937606788793937,-0.0018239321120606111
2024-07-09_10,60,-76000,38000,0.306106171,0.2379853277018127,-0.0681208432981873
2024-07-09_10,61,-57000,38000,0.4034,0.3948670647297363,-0.008532935270263664
2024-07-09_10,62,-38000,38000,0.3617,0.35313887168499747,-0.008561128315002553
2024-07-09_10,63,-19000,38000,0.3376,0.32679202346035763,-0.010807976539642383
2024-07-09_10,64,0,38000,0.3289,0.31883011107595816,-0.01006988892404187
2024-07-09_10,65,19000,38000,0.3411,0.3336516786193542,-0.007448321380645828
2024-07-09_10,66,38000,38000,0.3685,0.3610755280162963,-0.007424471983703718
2024-07-09_10,67,57000,38000,0.4128,0.4057172303498535,-0.007082769650146481
2024-07-09_10,68,76000,38000,0.308850441,0.2889368802374268,-0.019913560762573168
2024-07-09_10,69,-76000,57000,0.3154,0.31535202131271367,-4.7978687286343025e-05
2024-07-09_10,70,-57000,57000,0.1771,0.26822542188174436,0.09112542188174436
2024-07-09_10,71,-38000,57000,0.3942,0.3851989545043639,-0.009001045495636073
2024-07-09_10,72,-19000,57000,0.3699,0.3619641297684937,-0.007935870231506326
2024-07-09_10,73,0,57000,0.3622,0.35282349435064697,-0.00937650564935305
2024-07-09_10,74,19000,57000,0.3729,0.3643489191114502,-0.008551080888549834
2024-07-09_10,75,38000,57000,0.3999,0.3946361806926575,-0.005263819307342488
2024-07-09_10,76,57000,57000,0.179,0.23730913277807608,0.05830913277807609
2024-07-09_10,77,76000,57000,0.3103,0.3103871176719666,8.711767196656339e-05
2024-07-09_10,78,-57000,76000,0.3084,0.2976205335617066,-0.010779466438293417
2024-07-09_10,79,-38000,76000,0.18,0.23243520681463625,0.05243520681463626
2024-07-09_10,80,-19000,76000,0.17,0.40907701997769164,0.23907701997769162
2024-07-09_10,81,0,76000,0.4101,0.39960443534851064,-0.010495564651489375
2024-07-09_10,82,19000,76000,0.1705,0.4127751062667542,0.24227510626675416
2024-07-09_10,83,38000,76000,0.1809,0.20403306330584714,0.023133063305847135
2024-07-09_10,84,57000,76000,0.3075,0.2914635370254517,-0.016036462974548304
2024-07-09_10,85,-19000,95000,0.287370858,0.2864523678331603,-0.0009184901668397027
2024-07-09_10,86,0,95000,0.307151628,0.2860680178642272,-0.021083610135772812
2024-07-09_10,87,19000,95000,0.287923338,0.2721362586163636,-0.015787079383636382
2024-07-11_01,0,-19000,-95000,0.3103,0.3158705999664917,0.005570599966491674
2024-07-11_01,1,0,-95000,0.3187,0.3351375471115112,0.01643754711151124
2024-07-11_01,2,19000,-95000,0.3093,0.3149055278402404,0.005605527840240376
2024-07-11_01,3,-57000,-76000,0.3187,0.3362874283790589,0.01758742837905891
2024-07-11_01,4,-38000,-76000,0.30629507,0.29171634508081046,-0.014578724919189545
2024-07-11_01,5,-19000,-76000,0.1828,0.2952830381232605,0.11248303812326052
2024-07-11_01,6,0,-76000,0.179,0.24947597455050663,0.07047597455050664
2024-07-11_01,7,19000,-76000,0.1828,0.3017713603075256,0.11897136030752561
2024-07-11_01,8,38000,-76000,0.284078457,0.3006045132177124,0.016526056217712415
2024-07-11_01,9,57000,-76000,0.3168,0.32918587465286264,0.012385874652862616
2024-07-11_01,10,-76000,-57000,0.3159,0.3237153186798096,0.007815318679809613
2024-07-11_01,11,-57000,-57000,0.1837,0.3059779463025514,0.12227794630255137
2024-07-11_01,12,-38000,-57000,0.4123,0.354964250816864,-0.057335749183136
2024-07-11_01,13,-19000,-57000,0.3855,0.3872514238767699,0.0017514238767699086
2024-07-11_01,14,0,-57000,0.3773,0.3814898481306763,0.004189848130676299
2024-07-11_01,15,19000,-57000,0.3879,0.3871990372951355,-0.0007009627048645273
2024-07-11_01,16,38000,-57000,0.169,0.3349883504845277,0.16598835048452767
2024-07-11_01,17,57000,-57000,0.306727779,0.3024962903658448,-0.004231488634155178
2024-07-11_01,18,76000,-57000,0.3159,0.3233973099708558,0.007497309970855792
2024-07-11_01,19,-76000,-38000,0.309715785,0.2864747446838989,-0.023241040316101136
2024-07-11_01,20,-57000,-38000,0.4035,0.3966428456517639,-0.0068571543482361386
2024-07-11_01,21,-38000,-38000,0.3607,0.3650006128786927,0.004300612878692656
2024-07-11_01,22,-19000,-38000,0.3339,0.3365155748186339,0.002615574818633948
2024-07-11_01,23,0,-38000,0.3242,0.32792940638443,0.003729406384430034
2024-07-11_01,24,19000,-38000,0.3371,0.34095063316311647,0.003850633163116457
2024-07-11_01,25,38000,-38000,0.3661,0.3694715811729432,0.0033715811729432277
2024-07-11_01,26,57000,-38000,0.4116,0.3924859367654725,-0.019114063234527523
2024-07-11_01,27,76000,-38000,0.304590013,0.2985310950401612,-0.0060589179598388165
2024-07-11_01,28,-95000,-19000,0.3056,0.30370816528213496,-0.0018918347178650263
2024-07-11_01,29,-76000,-19000,0.1734,0.21465124800180058,0.04125124800180058
2024-07-11_01,30,-57000,-19000,0.3697,0.3735168972713929,0.0038168972713929494
2024-07-11_01,31,-38000,-19000,0.3242,0.3293992281286011,0.00519922812860113
2024-07-11_01,32,-19000,-19000,0.2954,0.3004493878497314,0.005049387849731413
2024-07-11_01,33,0,-19000,0.2855,0.2896806756014405,0.004180675601440531
2024-07-11_01,34,19000,-19000,0.2995,0.3043744403237916,0.0048744403237915845
2024-07-11_01,35,38000,-19000,0.3312,0.33375076482647703,0.0025507648264770366
2024-07-11_01,36,57000,-19000,0.3793,0.38302505240078744,0.0037250524007874097
2024-07-11_01,37,76000,-19000,0.1781,0.22243588735775766,0.04433588735775765
2024-07-11_01,38,95000,-19000,0.3093,0.31275856451364126,0.003458564513641238
2024-07-11_01,39,-95000,0,0.3098,0.309279388999939,-0.0005206110000610109
2024-07-11_01,40,-76000,0,0.4124,0.3720799396530152,-0.040320060346984765
2024-07-11_01,41,-57000,0,0.3526,0.3566886322185363,0.004088632218536281
2024-07-11_01,42,-38000,0,0.3069,0.3115422604807738,0.004642260480773819
2024-07-11_01,43,-19000,0,0.277,0.28261162757031255,0.005611627570312527
2024-07-11_01,44,19000,0,0.2821,0.2863706567391662,0.0042706567391661565
2024-07-11_01,45,38000,0,0.3158,0.3185801027338868,0.002780102733886791
2024-07-11_01,46,57000,0,0.3648,0.3684461572712707,0.0036461572712707113
2024-07-11_01,47,76000,0,0.1725,0.23605480023422243,0.06355480023422244
2024-07-11_01,48,95000,0,0.3107,0.31403734130859373,0.0033373413085937553
2024-07-11_01,49,-95000,19000,0.326031842,0.2992397048934632,-0.02679213710653683
2024-07-11_01,50,-76000,19000,0.4122,0.35087975015194695,-0.061320249848053066
2024-07-11_01,51,-57000,19000,0.3522,0.3565830649269104,0.004383064926910374
2024-07-11_01,52,-38000,19000,0.3075,0.31198820591217036,0.004488205912170362
2024-07-11_01,53,-19000,19000,0.2797,0.28435563017538446,0.004655630175384451
2024-07-11_01,54,0,19000,0.2705,0.2757636629023743,0.005263662902374289
2024-07-11_01,55,19000,19000,0.2844,0.2893785156991271,0.004978515699127106
2024-07-11_01,56,38000,19000,0.3168,0.3202056831114808,0.0034056831114807617
2024-07-11_01,57,57000,19000,0.3657,0.3682411274328308,0.0025411274328307476
2024-07-11_01,58,76000,19000,0.1725,0.23356877038516233,0.06106877038516234
2024-07-11_01,59,95000,19000,0.3037,0.3015895482564086,-0.002110451743591424
2024-07-11_01,60,-76000,38000,0.1739,0.22723785784292594,0.05333785784292594
2024-07-11_01,61,-57000,38000,0.3689,0.3738085013299255,0.004908501329925485
2024-07-11_01,62,-38000,38000,0.3264,0.33141976620281977,0.005019766202819742
2024-07-11_01,63,-19000,38000,0.3002,0.3058841492029114,0.005684149202911382
2024-07-11_01,64,0,38000,0.292,0.2966850324416199,0.004685032441619941
2024-07-11_01,65,19000,38000,0.3052,0.3101489800971984,0.004948980097198352
2024-07-11_01,66,38000,38000,0.3363,0.34000734925823983,0.003707349258239845
2024-07-11_01,67,57000,38000,0.3825,0.3858992113633728,0.0033992113633727894
2024-07-11_01,68,76000,38000,0.1809,0.2530359053781739,0.07213590537817388
2024-07-11_01,69,-76000,57000,0.3028,0.3044343712806701,0.001634371280670066
2024-07-11_01,70,-57000,57000,0.4042,0.3848346575857544,-0.01936534241424559
2024-07-11_01,71,-38000,57000,0.3603,0.3641782038095094,0.003878203809509373
2024-07-11_01,72,-19000,57000,0.3355,0.3401103069788818,0.004610306978881762
2024-07-11_01,73,0,57000,0.3275,0.3307939038964538,0.003293903896453787
2024-07-11_01,74,19000,57000,0.3404,0.3431102848034058,0.0027102848034057936
2024-07-11_01,75,38000,57000,0.369,0.37313104727111823,0.004131047271118238
2024-07-11_01,76,57000,57000,0.1694,0.3748649935290833,0.20546499352908332
2024-07-11_01,77,76000,57000,0.3028,0.301984184551239,-0.0008158154487610259
2024-07-11_01,78,-57000,76000,0.33963091,0.29236401348114005,-0.04726689651885996
2024-07-11_01,79,-38000,76000,0.4127,0.36163274816140745,-0.051067251838592564
2024-07-11_01,80,-19000,76000,0.3857,0.38774717849908447,0.002047178499084479
2024-07-11_01,81,0,76000,0.3773,0.3802667050361632,0.0029667050361631975
2024-07-11_01,82,19000,76000,0.3897,0.3912087884562683,0.001508788456268284
2024-07-11_01,83,38000,76000,0.1701,0.3252299613967591,0.15512996139675908
2024-07-11_01,84,57000,76000,0.271000591,0.27819316940307615,0.007192578403076133
2024-07-11_01,85,-19000,95000,0.1837,0.28626543683700567,0.10256543683700567
2024-07-11_01,86,0,95000,0.1818,0.2891746549606322,0.10737465496063223
2024-07-11_01,87,19000,95000,0.1809,0.2725873499405822,0.0916873499405822
2024-07-11_02,0,-19000,-95000,0.3107,0.3257654382622375,0.015065438262237496
2024-07-11_02,1,0,-95000,0.3196,0.3431300433158875,0.023530043315887483
2024-07-11_02,2,19000,-95000,0.3093,0.3183279649553834,0.009027964955383383
2024-07-11_02,3,-57000,-76000,0.3206,0.3407904265403747,0.02019042654037473
2024-07-11_02,4,-38000,-76000,0.306922997,0.29733444808254994,-0.009588548917450035
2024-07-11_02,5,-19000,-76000,0.1818,0.288722348588379,0.10692234858837898
2024-07-11_02,6,0,-76000,0.1785,0.24943768364575192,0.07093768364575193
2024-07-11_02,7,19000,-76000,0.1828,0.2972042048604737,0.11440420486047373
2024-07-11_02,8,38000,-76000,0.284862605,0.2954594128297119,0.010596807829711896
2024-07-11_02,9,57000,-76000,0.3187,0.32701530208587637,0.008315302085876386
2024-07-11_02,10,-76000,-57000,0.3178,0.3142101524353027,-0.003589847564697324
2024-07-11_02,11,-57000,-57000,0.1832,0.2881003845352783,0.10490038453527831
2024-07-11_02,12,-38000,-57000,0.4121,0.320768441185608,-0.09133155881439203
2024-07-11_02,13,-19000,-57000,0.3855,0.3913249764586182,0.005824976458618181
2024-07-11_02,14,0,-57000,0.3774,0.38457060510314944,0.00717060510314943
2024-07-11_02,15,19000,-57000,0.3876,0.3934825236608581,0.005882523660858119
2024-07-11_02,16,38000,-57000,0.169,0.26468858519418337,0.09568858519418336
2024-07-11_02,17,57000,-57000,0.307483622,0.3005426562623901,-0.006940965737609939
2024-07-11_02,18,76000,-57000,0.3159,0.3223855709075927,0.006485570907592664
2024-07-11_02,19,-76000,-38000,0.310463366,0.27720988406909175,-0.03325348193090827
2024-07-11_02,20,-57000,-38000,0.4038,0.381891956446228,-0.021908043553772016
2024-07-11_02,21,-38000,-38000,0.3614,0.3678809227128905,0.0064809227128905245
2024-07-11_02,22,-19000,-38000,0.3347,0.34191514882946783,0.007215148829467832
2024-07-11_02,23,0,-38000,0.325,0.33193291748806764,0.006932917488067625
2024-07-11_02,24,19000,-38000,0.3377,0.3441986857133179,0.006498685713317909
2024-07-11_02,25,38000,-38000,0.3658,0.3715043281555175,0.0057043281555174685
2024-07-11_02,26,57000,-38000,0.4102,0.3807411182442626,-0.02945888175573741
2024-07-11_02,27,76000,-38000,0.305254728,0.2920846684154359,-0.013170059584564076
2024-07-11_02,28,-95000,-19000,0.3056,0.29475090850317387,-0.010849091496826113
2024-07-11_02,29,-76000,-19000,0.1725,0.2220305326872254,0.049530532687225404
2024-07-11_02,30,-57000,-19000,0.3705,0.3761566049277649,0.00565660492776493
2024-07-11_02,31,-38000,-19000,0.3261,0.33095860070739747,0.004858600707397465
2024-07-11_02,32,-19000,-19000,0.2972,0.3042966353687744,0.007096635368774362
2024-07-11_02,33,0,-19000,0.2867,0.2927864019239197,0.006086401923919682
2024-07-11_02,34,19000,-19000,0.3007,0.3073903586913451,0.0066903586913451
2024-07-11_02,35,38000,-19000,0.3313,0.33794964078131096,0.006649640781310973
2024-07-11_02,36,57000,-19000,0.3782,0.3836975726127625,0.0054975726127625135
2024-07-11_02,37,76000,-19000,0.1771,0.22255410469982917,0.04545410469982916
2024-07-11_02,38,95000,-19000,0.3084,0.3033425967198182,-0.0050574032801817825
2024-07-11_02,39,-95000,0,0.3117,0.3083556694030761,-0.00334433059692385
2024-07-11_02,40,-76000,0,0.4127,0.32613967995831294,-0.08656032004168707
2024-07-11_02,41,-57000,0,0.3535,0.35957601402459716,0.006076014024597176
2024-07-11_02,42,-38000,0,0.3083,0.3147383722112731,0.00643837221127308
2024-07-11_02,43,-19000,0,0.2787,0.28488859090716545,0.006188590907165448
2024-07-11_02,44,19000,0,0.283,0.29027898561935417,0.007278985619354195
2024-07-11_02,45,38000,0,0.3159,0.3236551708163147,0.00775517081631466
2024-07-11_02,46,57000,0,0.3636,0.36996574830920403,0.006365748309204056
2024-07-11_02,47,76000,0,0.1716,0.23172787616619872,0.06012787616619872
2024-07-11_02,48,95000,0,0.3075,0.3060971417427063,-0.0014028582572936932
2024-07-11_02,49,-95000,19000,0.32669405,0.30923308806845085,-0.017460961931549168
2024-07-11_02,50,-76000,19000,0.4127,0.30263873691568,-0.11006126308432002
2024-07-11_02,51,-57000,19000,0.3529,0.36023186337768553,0.0073318633776855435
2024-07-11_02,52,-38000,19000,0.3086,0.3158672834473266,0.0072672834473266334
2024-07-11_02,53,-19000,19000,0.281,0.28777554815655515,0.006775548156555122
2024-07-11_02,54,0,19000,0.2716,0.27897440385205075,0.007374403852050737
2024-07-11_02,55,19000,19000,0.2851,0.29169897707736214,0.006598977077362123
2024-07-11_02,56,38000,19000,0.3168,0.3227075496572571,0.005907549657257094
2024-07-11_02,57,57000,19000,0.3643,0.37043719127651986,0.006137191276519849
2024-07-11_02,58,76000,19000,0.1718,0.21707272977349845,0.045272729773498444
2024-07-11_02,59,95000,19000,0.3056,0.31506375982617185,0.00946375982617187
2024-07-11_02,60,-76000,38000,0.1743,0.23328387011651608,0.05898387011651607
2024-07-11_02,61,-57000,38000,0.3689,0.3780124871961974,0.009112487196197394
2024-07-11_02,62,-38000,38000,0.327,0.3343740343347472,0.007374034334747204
2024-07-11_02,63,-19000,38000,0.3011,0.30755748880648803,0.006457488806488054
2024-07-11_02,64,0,38000,0.2929,0.29959484806478875,0.006694848064788761
2024-07-11_02,65,19000,38000,0.3053,0.3132792266641846,0.007979226664184602
2024-07-11_02,66,38000,38000,0.3356,0.3429384849833985,0.007338484983398508
2024-07-11_02,67,57000,38000,0.3802,0.3881371982013244,0.007937198201324436
2024-07-11_02,68,76000,38000,0.179,0.2618581391194459,0.0828581391194459
2024-07-11_02,69,-76000,57000,0.3065,0.30275448141098016,-0.003745518589019836
2024-07-11_02,70,-57000,57000,0.4039,0.35389666344876103,-0.05000333655123895
2024-07-11_02,71,-38000,57000,0.3598,0.36598883891430667,0.00618883891430666
2024-07-11_02,72,-19000,57000,0.3356,0.3434816291153564,0.007881629115356392
2024-07-11_02,73,0,57000,0.3276,0.332156834899475,0.004556834899475004
2024-07-11_02,74,19000,57000,0.3397,0.34714078168762197,0.007440781687621967
2024-07-11_02,75,38000,57000,0.3673,0.37430051171569834,0.007000511715698321
2024-07-11_02,76,57000,57000,0.4139,0.33318199110369884,-0.08071800889630115
2024-07-11_02,77,76000,57000,0.304278513,0.3014968742370605,-0.0027816387629394645
2024-07-11_02,78,-57000,76000,0.2775,0.29229058799743646,0.014790587997436433
2024-07-11_02,79,-38000,76000,0.4113,0.31956867722726434,-0.09173132277273566
2024-07-11_02,80,-19000,76000,0.3841,0.3930111483064269,0.00891114830642692
2024-07-11_02,81,0,76000,0.3757,0.3829306652069091,0.007230665206909126
2024-07-11_02,82,19000,76000,0.3876,0.39528844764981086,0.007688447649810859
2024-07-11_02,83,38000,76000,0.1697,0.29756733419400017,0.12786733419400018
2024-07-11_02,84,57000,76000,0.30563501,0.28747416629791256,-0.018160843702087426
2024-07-11_02,85,-19000,95000,0.1809,0.2919258308392334,0.1110258308392334
2024-07-11_02,86,0,95000,0.1809,0.28493353624343865,0.10403353624343864
2024-07-11_02,87,19000,95000,0.1795,0.2737668763792114,0.09426687637921138
2024-07-11_03,0,-19000,-95000,0.3112,0.32734774785150145,0.01614774785150147
2024-07-11_03,1,0,-95000,0.3206,0.3416322019577027,0.021032201957702723
2024-07-11_03,2,19000,-95000,0.3112,0.3155446228796386,0.004344622879638604
2024-07-11_03,3,-57000,-76000,0.3393,0.34457622909545904,0.005276229095459051
2024-07-11_03,4,-38000,-76000,0.284612261,0.2993942776730958,0.01478201667309581
2024-07-11_03,5,-19000,-76000,0.1828,0.299068330516449,0.116268330516449
2024-07-11_03,6,0,-76000,0.1795,0.24963326162078858,0.07013326162078859
2024-07-11_03,7,19000,-76000,0.1828,0.3109935637339478,0.12819356373394783
2024-07-11_03,8,38000,-76000,0.282895797,0.2951450693619384,0.012249272361938401
2024-07-11_03,9,57000,-76000,0.3196,0.34109647235870355,0.021496472358703556
2024-07-11_03,10,-76000,-57000,0.3187,0.32022391700744635,0.0015239170074463626
2024-07-11_03,11,-57000,-57000,0.307080283,0.2945432272088624,-0.012537055791137619
2024-07-11_03,12,-38000,-57000,0.169,0.3218536136073302,0.1528536136073302
2024-07-11_03,13,-19000,-57000,0.3873,0.3922287151452637,0.004928715145263718
2024-07-11_03,14,0,-57000,0.3789,0.38406027160046396,0.00516027160046395
2024-07-11_03,15,19000,-57000,0.389,0.3934552353453675,0.004455235345367514
2024-07-11_03,16,38000,-57000,0.1695,0.2808800353076173,0.11138003530761728
2024-07-11_03,17,57000,-57000,0.306230051,0.3013242947262573,-0.0049057562737426785
2024-07-11_03,18,76000,-57000,0.3168,0.3359437104225158,0.01914371042251578
2024-07-11_03,19,-76000,-38000,0.302391197,0.28797262846813965,-0.014418568531860354
2024-07-11_03,20,-57000,-38000,0.4062,0.3966889845135497,-0.00951101548645028
2024-07-11_03,21,-38000,-38000,0.3632,0.3684958738458557,0.00529587384585567
2024-07-11_03,22,-19000,-38000,0.3356,0.34183267567407216,0.006232675674072152
2024-07-11_03,23,0,-38000,0.3267,0.33211444889157105,0.005414448891571055
2024-07-11_03,24,19000,-38000,0.3392,0.3437776789078979,0.0045776789078978974
2024-07-11_03,25,38000,-38000,0.3674,0.37260128221511835,0.005201282215118341
2024-07-11_03,26,57000,-38000,0.4122,0.3807199296774293,-0.03148007032257072
2024-07-11_03,27,76000,-38000,0.304084446,0.298224446444336,-0.005859999555664019
2024-07-11_03,28,-95000,-19000,0.3065,0.30507339603411865,-0.0014266039658813456
2024-07-11_03,29,-76000,-19000,0.1743,0.22093726250085455,0.04663726250085454
2024-07-11_03,30,-57000,-19000,0.3726,0.3762296503984681,0.0036296503984681316
2024-07-11_03,31,-38000,-19000,0.3275,0.3318525671459962,0.004352567145996189
2024-07-11_03,32,-19000,-19000,0.299,0.3045795910867004,0.0055795910867004195
2024-07-11_03,33,0,-19000,0.2888,0.2930338442517091,0.004233844251709085
2024-07-11_03,34,19000,-19000,0.3025,0.3073722668643799,0.004872266864379915
2024-07-11_03,35,38000,-19000,0.3333,0.338542030124237,0.005242030124237018
2024-07-11_03,36,57000,-19000,0.3804,0.3846648165431823,0.0042648165431822815
2024-07-11_03,37,76000,-19000,0.1785,0.22558998075778192,0.047089980757781924
2024-07-11_03,38,95000,-19000,0.3093,0.32062951804220585,0.011329518042205833
2024-07-11_03,39,-95000,0,0.3112,0.3183909329414367,0.007190932941436745
2024-07-11_03,40,-76000,0,0.1694,0.32671913224148563,0.15731913224148564
2024-07-11_03,41,-57000,0,0.3556,0.3607567034592285,0.005156703459228473
2024-07-11_03,42,-38000,0,0.3103,0.31546906688717646,0.005169066887176443
2024-07-11_03,43,-19000,0,0.281,0.28607291860165396,0.005072918601653931
2024-07-11_03,44,19000,0,0.2853,0.2921114127785034,0.0068114127785033896
2024-07-11_03,45,38000,0,0.3181,0.3236499961740418,0.0055499961740417825
2024-07-11_03,46,57000,0,0.3656,0.37005592733135995,0.004455927331359966
2024-07-11_03,47,76000,0,0.1729,0.2053004491485595,0.032400449148559496
2024-07-11_03,48,95000,0,0.3131,0.3124980747222901,-0.0006019252777099138
2024-07-11_03,49,-95000,19000,0.271194105,0.30145415286318966,0.030260047863189643
2024-07-11_03,50,-76000,19000,0.169,0.3171544653041076,0.1481544653041076
2024-07-11_03,51,-57000,19000,0.3551,0.3608998006395263,0.005799800639526287
2024-07-11_03,52,-38000,19000,0.3108,0.31594813069744876,0.005148130697448738
2024-07-11_03,53,-19000,19000,0.2838,0.287927817969696,0.004127817969696024
2024-07-11_03,54,0,19000,0.2743,0.28026413846697995,0.005964138466979962
2024-07-11_03,55,19000,19000,0.2875,0.2918326098153381,0.004332609815338118
2024-07-11_03,56,38000,19000,0.3188,0.32289460059710695,0.004094600597106979
2024-07-11_03,57,57000,19000,0.3666,0.3714209827801209,0.0048209827801209415
2024-07-11_03,58,76000,19000,0.1732,0.2333043703882447,0.060104370388244704
2024-07-11_03,59,95000,19000,0.3075,0.3053974145917664,-0.0021025854082336037
2024-07-11_03,60,-76000,38000,0.1757,0.23504754648461912,0.059347546484619124
2024-07-11_03,61,-57000,38000,0.3717,0.3781820280219421,0.006482028021942143
2024-07-11_03,62,-38000,38000,0.3297,0.3333897298156434,0.0036897298156434166
2024-07-11_03,63,-19000,38000,0.3036,0.30872279347650156,0.005122793476501575
2024-07-11_03,64,0,38000,0.2954,0.29889129155081173,0.003491291550811737
2024-07-11_03,65,19000,38000,0.3079,0.31192508177185063,0.004025081771850625
2024-07-11_03,66,38000,38000,0.3382,0.3433729388700866,0.005172938870086574
2024-07-11_03,67,57000,38000,0.3828,0.3881484242663573,0.005348424266357343
2024-07-11_03,68,76000,38000,0.1809,0.2689741511400452,0.08807415114004519
2024-07-11_03,69,-76000,57000,0.3079,0.30038916015625006,-0.00751083984374995
2024-07-11_03,70,-57000,57000,0.4072,0.3628952958069154,-0.04430470419308463
2024-07-11_03,71,-38000,57000,0.3625,0.3658196326107177,0.0033196326107177154
2024-07-11_03,72,-19000,57000,0.3384,0.34258206210293585,0.0041820621029358684
2024-07-11_03,73,0,57000,0.3302,0.33391762381634527,0.0037176238163452724
2024-07-11_03,74,19000,57000,0.3424,0.34685064002856447,0.00445064002856449
2024-07-11_03,75,38000,57000,0.3701,0.37479386352145383,0.004693863521453845
2024-07-11_03,76,57000,57000,0.17,0.31651823278540037,0.14651823278540035
2024-07-11_03,77,76000,57000,0.3046,0.29223554449081424,-0.012364455509185746
2024-07-11_03,78,-57000,76000,0.300635023,0.2987180843353272,-0.001916938664672796
2024-07-11_03,79,-38000,76000,0.169,0.3195544763638305,0.1505544763638305
2024-07-11_03,80,-19000,76000,0.3874,0.39190746447195424,0.0045074644719542145
2024-07-11_03,81,0,76000,0.3789,0.3841283677101135,0.0052283677101134796
2024-07-11_03,82,19000,76000,0.3909,0.39564997629147336,0.0047499762914733346
2024-07-11_03,83,38000,76000,0.171,0.2794098282041626,0.10840982820416259
2024-07-11_03,84,57000,76000,0.269547172,0.292937508392334,0.02339033639233401
2024-07-11_03,85,-19000,95000,0.1818,0.2847184253996886,0.10291842539968862
2024-07-11_03,86,0,95000,0.1828,0.29369786958694455,0.11089786958694456
2024-07-11_03,87,19000,95000,0.1814,0.27732316842318716,0.09592316842318716
2024-07-11_04,0,-19000,-95000,0.3112,0.3213304453464967,0.010130445346496708
2024-07-11_04,1,0,-95000,0.3393,0.3341761875152587,-0.005123812484741308
2024-07-11_04,2,19000,-95000,0.3121,0.3270131851320801,0.01491318513208012
2024-07-11_04,3,-57000,-76000,0.3426,0.3471972044944762,0.004597204494476204
2024-07-11_04,4,-38000,-76000,0.3028,0.3081506317548217,0.0053506317548217
2024-07-11_04,5,-19000,-76000,0.306988,0.27967844065280145,-0.02730955934719853
2024-07-11_04,6,0,-76000,0.1818,0.26052709163201904,0.07872709163201905
2024-07-11_04,7,19000,-76000,0.305172503,0.2760488718683778,-0.029123631131622196
2024-07-11_04,8,38000,-76000,0.3032,0.30141263042822275,-0.0017873695717772753
2024-07-11_04,9,57000,-76000,0.3215,0.33639037780761716,0.01489037780761715
2024-07-11_04,10,-76000,-57000,0.3225,0.3165772255897521,-0.005922774410247911
2024-07-11_04,11,-57000,-57000,0.313835602,0.28842308350845336,-0.025412518491546632
2024-07-11_04,12,-38000,-57000,0.171,0.24248262155889888,0.07148262155889887
2024-07-11_04,13,-19000,-57000,0.3945,0.3983319611108094,0.0038319611108093565
2024-07-11_04,14,0,-57000,0.3861,0.3934140250355225,0.007314025035522476
2024-07-11_04,15,19000,-57000,0.3962,0.40373559116952507,0.007535591169525069
2024-07-11_04,16,38000,-57000,0.1711,0.23503127761044307,0.06393127761044307
2024-07-11_04,17,57000,-57000,0.286362324,0.2764051326692809,-0.009957191330719095
2024-07-11_04,18,76000,-57000,0.3196,0.34205991201400754,0.022459912014007544
2024-07-11_04,19,-76000,-38000,0.307293945,0.28110188060180663,-0.026192064398193382
2024-07-11_04,20,-57000,-38000,0.4132,0.28710946628778067,-0.12609053371221934
2024-07-11_04,21,-38000,-38000,0.3706,0.37575404922415157,0.00515404922415158
2024-07-11_04,22,-19000,-38000,0.3444,0.3504807607685547,0.006080760768554738
2024-07-11_04,23,0,-38000,0.335,0.3421744953237915,0.007174495323791497
2024-07-11_04,24,19000,-38000,0.3468,0.3531221645071716,0.0063221645071716015
2024-07-11_04,25,38000,-38000,0.3747,0.3819217103004455,0.00722171030044555
2024-07-11_04,26,57000,-38000,0.1696,0.2724321838121948,0.1028321838121948
2024-07-11_04,27,76000,-38000,0.279911668,0.28621551463452155,0.006303846634521548
2024-07-11_04,28,-95000,-19000,0.3075,0.31379382706387327,0.00629382706387327
2024-07-11_04,29,-76000,-19000,0.1767,0.22683763515484623,0.05013763515484623
2024-07-11_04,30,-57000,-19000,0.3801,0.38772997119549557,0.007629971195495577
2024-07-11_04,31,-38000,-19000,0.3365,0.3413646806444093,0.004864680644409258
2024-07-11_04,32,-19000,-19000,0.307,0.31476003371914674,0.007760033719146742
2024-07-11_04,33,0,-19000,0.297,0.30461271014892577,0.007612710148925783
2024-07-11_04,34,19000,-19000,0.3104,0.31911384072161875,0.008713840721618737
2024-07-11_04,35,38000,-19000,0.3416,0.3489243372887878,0.0073243372887877856
2024-07-11_04,36,57000,-19000,0.3877,0.39370681006341557,0.00600681006341558
2024-07-11_04,37,76000,-19000,0.1814,0.2581757870361634,0.07677578703616339
2024-07-11_04,38,95000,-19000,0.3112,0.3170612667304382,0.0058612667304382415
2024-07-11_04,39,-95000,0,0.315,0.30250482158660885,-0.01249517841339115
2024-07-11_04,40,-76000,0,0.1706,0.23884216009857173,0.06824216009857173
2024-07-11_04,41,-57000,0,0.3631,0.37085495372818,0.007754953728180025
2024-07-11_04,42,-38000,0,0.3188,0.32561718667901607,0.006817186679016096
2024-07-11_04,43,-19000,0,0.2897,0.2978222166955262,0.008122216695526208
2024-07-11_04,44,19000,0,0.2938,0.30141319115487675,0.007613191154876742
2024-07-11_04,45,38000,0,0.3268,0.3346554827923889,0.007855482792388901
2024-07-11_04,46,57000,0,0.3731,0.37950008379348765,0.006400083793487665
2024-07-11_04,47,76000,0,0.1748,0.19137826811254888,0.016578268112548866
2024-07-11_04,48,95000,0,0.3145,0.3040089759826661,-0.010491024017333928
2024-07-11_04,49,-95000,19000,0.3037,0.303438114894928,-0.0002618851050720239
2024-07-11_04,50,-76000,19000,0.1706,0.2335147942010498,0.06291479420104981
2024-07-11_04,51,-57000,19000,0.3628,0.37141697075128177,0.00861697075128176
2024-07-11_04,52,-38000,19000,0.3193,0.32810632273471074,0.00880632273471077
2024-07-11_04,53,-19000,19000,0.2921,0.3003987196050415,0.008298719605041471
2024-07-11_04,54,0,19000,0.2834,0.29072283123645026,0.007322831236450278
2024-07-11_04,55,19000,19000,0.296,0.30347138109045413,0.007471381090454143
2024-07-11_04,56,38000,19000,0.3278,0.33469663781423953,0.006896637814239548
2024-07-11_04,57,57000,19000,0.3741,0.3827103099625855,0.008610309962585494
2024-07-11_04,58,76000,19000,0.1753,0.23663425030520635,0.06133425030520634
2024-07-11_04,59,95000,19000,0.3084,0.2923229450512086,-0.016077054948791414
2024-07-11_04,60,-76000,38000,0.1785,0.25202167282669063,0.07352167282669064
2024-07-11_04,61,-57000,38000,0.3792,0.3891384588503417,0.009938458850341725
2024-07-11_04,62,-38000,38000,0.338,0.34619324320486444,0.00819324320486442
2024-07-11_04,63,-19000,38000,0.3118,0.3216530406155089,0.009853040615508901
2024-07-11_04,64,0,38000,0.3039,0.31329375012335214,0.00939375012335214
2024-07-11_04,65,19000,38000,0.3164,0.3256643920190734,0.009264392019073364
2024-07-11_04,66,38000,38000,0.3463,0.35266030369305423,0.006360303693054237
2024-07-11_04,67,57000,38000,0.3905,0.39768290725671385,0.007182907256713833
2024-07-11_04,68,76000,38000,0.1837,0.27389052146743764,0.09019052146743764
2024-07-11_04,69,-76000,57000,0.3103,0.30097509651184073,-0.009324903488159286
2024-07-11_04,70,-57000,57000,0.1686,0.2827499236668092,0.11414992366680918
2024-07-11_04,71,-38000,57000,0.37,0.37908979523040776,0.00908979523040776
2024-07-11_04,72,-19000,57000,0.3464,0.35451295177066044,0.00811295177066046
2024-07-11_04,73,0,57000,0.3387,0.34769752317227165,0.008997523172271649
2024-07-11_04,74,19000,57000,0.3505,0.35853204445071407,0.008032044450714093
2024-07-11_04,75,38000,57000,0.3778,0.38439858417898565,0.0065985841789856226
2024-07-11_04,76,57000,57000,0.1714,0.2513189012843018,0.07991890128430179
2024-07-11_04,77,76000,57000,0.3075,0.292840243434906,-0.014659756565093995
2024-07-11_04,78,-57000,76000,0.270900889,0.30260552196502677,0.03170463296502679
2024-07-11_04,79,-38000,76000,0.1706,0.26230986932278433,0.09170986932278433
2024-07-11_04,80,-19000,76000,0.3947,0.40282742495904533,0.008127424959045337
2024-07-11_04,81,0,76000,0.3864,0.39365465364456176,0.007254653644561737
2024-07-11_04,82,19000,76000,0.3986,0.40512926454843146,0.006529264548431446
2024-07-11_04,83,38000,76000,0.1725,0.21457632451730357,0.04207632451730359
2024-07-11_04,84,57000,76000,0.272848427,0.27958744869232177,0.006739021692321767
2024-07-11_04,85,-19000,95000,0.1843,0.2917785775987549,0.10747857759875493
2024-07-11_04,86,0,95000,0.1854,0.28769786081314086,0.10229786081314085
2024-07-11_04,87,19000,95000,0.1832,0.2797190518332824,0.09651905183328238
2024-07-11_05,0,-19000,-95000,0.3126,0.3094231226670838,-0.0031768773329161615
2024-07-11_05,1,0,-95000,0.3435,0.32666537981033317,-0.01683462018966686
2024-07-11_05,2,19000,-95000,0.3117,0.30860941308956913,-0.003090586910430848
2024-07-11_05,3,-57000,-76000,0.3435,0.334656297492981,-0.008843702507019047
2024-07-11_05,4,-38000,-76000,0.3037,0.29441856251800536,-0.00928143748199467
2024-07-11_05,5,-19000,-76000,0.305323657,0.26970442226663205,-0.03561923473336798
2024-07-11_05,6,0,-76000,0.1823,0.23886014657168575,0.05656014657168576
2024-07-11_05,7,19000,-76000,0.305349134,0.26060954283596804,-0.04473959116403198
2024-07-11_05,8,38000,-76000,0.3037,0.29357689032104495,-0.010123109678955078
2024-07-11_05,9,57000,-76000,0.3243,0.3242814889907837,-1.8511009216293228e-05
2024-07-11_05,10,-76000,-57000,0.3225,0.3220793598175049,-0.00042064018249510227
2024-07-11_05,11,-57000,-57000,0.288166974,0.27578243284295656,-0.01238454115704346
2024-07-11_05,12,-38000,-57000,0.171,0.20979665238479606,0.03879665238479604
2024-07-11_05,13,-19000,-57000,0.3955,0.39743875049771127,0.0019387504977112502
2024-07-11_05,14,0,-57000,0.387,0.3889610162289734,0.001961016228973378
2024-07-11_05,15,19000,-57000,0.3975,0.3985740912914735,0.0010740912914734557
2024-07-11_05,16,38000,-57000,0.172,0.17676463195388803,0.004764631953888043
2024-07-11_05,17,57000,-57000,0.287147787,0.2858257127111816,-0.0013220742888183645
2024-07-11_05,18,76000,-57000,0.3196,0.3168961754798889,-0.0027038245201110866
2024-07-11_05,19,-76000,-38000,0.278965747,0.28978774293219,0.01082199593219002
2024-07-11_05,20,-57000,-38000,0.1694,0.2920218833120116,0.12262188331201163
2024-07-11_05,21,-38000,-38000,0.3715,0.37374855166635124,0.0022485516663512395
2024-07-11_05,22,-19000,-38000,0.3452,0.3468872660151061,0.0016872660151061036
2024-07-11_05,23,0,-38000,0.3359,0.33691189332122806,0.0010118933212280856
2024-07-11_05,24,19000,-38000,0.3479,0.3481160824008789,0.00021608240087889197
2024-07-11_05,25,38000,-38000,0.376,0.37693581495285033,0.0009358149528503334
2024-07-11_05,26,57000,-38000,0.1701,0.23599575023522945,0.06589575023522945
2024-07-11_05,27,76000,-38000,0.280483281,0.28535885773300174,0.004875576733001763
2024-07-11_05,28,-95000,-19000,0.3075,0.29776436267428585,-0.009735637325714142
2024-07-11_05,29,-76000,-19000,0.1776,0.16956750118133534,-0.008032498818664663
2024-07-11_05,30,-57000,-19000,0.3808,0.3829505393760071,0.0021505393760070657
2024-07-11_05,31,-38000,-19000,0.337,0.3390633721620484,0.0020633721620483825
2024-07-11_05,32,-19000,-19000,0.3079,0.31047462060754394,0.0025746206075439315
2024-07-11_05,33,0,-19000,0.2983,0.30022833706851193,0.0019283370685119205
2024-07-11_05,34,19000,-19000,0.3119,0.3130667988678284,0.0011667988678283892
2024-07-11_05,35,38000,-19000,0.3431,0.34325470044107065,0.00015470044107063208
2024-07-11_05,36,57000,-19000,0.3893,0.3899578581987915,0.0006578581987914944
2024-07-11_05,37,76000,-19000,0.18,0.2164713972583312,0.036471397258331206
2024-07-11_05,38,95000,-19000,0.3112,0.30350567855538935,-0.00769432144461063
2024-07-11_05,39,-95000,0,0.315,0.3074975254058838,-0.007502474594116182
2024-07-11_05,40,-76000,0,0.1715,0.19507584278097534,0.023575842780975326
2024-07-11_05,41,-57000,0,0.3643,0.36756787499319454,0.0032678749931945306
2024-07-11_05,42,-38000,0,0.3201,0.32342729797735603,0.0033272979773560363
2024-07-11_05,43,-19000,0,0.2907,0.29312881901443477,0.0024288190144347577
2024-07-11_05,44,19000,0,0.295,0.29631892196694953,0.0013189219669495489
2024-07-11_05,45,38000,0,0.3281,0.3300223493340455,0.0019223493340455033
2024-07-11_05,46,57000,0,0.375,0.37673926737182617,0.0017392673718261698
2024-07-11_05,47,76000,0,0.1757,0.15974932365121464,-0.01595067634878536
2024-07-11_05,48,95000,0,0.314,0.3092797618865968,-0.004720238113403219
2024-07-11_05,49,-95000,19000,0.3042,0.29597098720144654,-0.008229012798553481
2024-07-11_05,50,-76000,19000,0.171,0.18855130844708246,0.017551308447082442
2024-07-11_05,51,-57000,19000,0.3642,0.3660836030134278,0.0018836030134277704
2024-07-11_05,52,-38000,19000,0.3209,0.3230150000875549,0.0021150000875548858
2024-07-11_05,53,-19000,19000,0.2938,0.2954532463371582,0.0016532463371581874
2024-07-11_05,54,0,19000,0.2854,0.2878248988076477,0.002424898807647735
2024-07-11_05,55,19000,19000,0.2978,0.299744962555359,0.0019449625553589756
2024-07-11_05,56,38000,19000,0.3295,0.3301742373409118,0.0006742373409117652
2024-07-11_05,57,57000,19000,0.3757,0.37786036807751455,0.002160368077514574
2024-07-11_05,58,76000,19000,0.1762,0.17405304064556892,-0.0021469593544310717
2024-07-11_05,59,95000,19000,0.3084,0.30501249667007446,-0.0033875033299255453
2024-07-11_05,60,-76000,38000,0.1795,0.21746773913616946,0.037967739136169465
2024-07-11_05,61,-57000,38000,0.3809,0.3824698624093934,0.0015698624093933855
2024-07-11_05,62,-38000,38000,0.3397,0.34154375108242796,0.001843751082427958
2024-07-11_05,63,-19000,38000,0.3138,0.31525436048797606,0.0014543604879760363
2024-07-11_05,64,0,38000,0.3056,0.30721496149960337,0.0016149614996033845
2024-07-11_05,65,19000,38000,0.3182,0.31944323755484016,0.001243237554840182
2024-07-11_05,66,38000,38000,0.3482,0.34909716356771847,0.000897163567718462
2024-07-11_05,67,57000,38000,0.3926,0.3953242697246704,0.0027242697246703806
2024-07-11_05,68,76000,38000,0.1846,0.24065938208670046,0.05605938208670047
2024-07-11_05,69,-76000,57000,0.3103,0.3082896501541137,-0.002010349845886328
2024-07-11_05,70,-57000,57000,0.1696,0.23918146138668828,0.06958146138668828
2024-07-11_05,71,-38000,57000,0.3723,0.3746302946344604,0.0023302946344603837
2024-07-11_05,72,-19000,57000,0.3486,0.35010763090917973,0.0015076309091797135
2024-07-11_05,73,0,57000,0.341,0.3428018725784301,0.0018018725784300638
2024-07-11_05,74,19000,57000,0.3523,0.3538846968427125,0.0015846968427125074
2024-07-11_05,75,38000,57000,0.3798,0.38278964667050164,0.002989646670501611
2024-07-11_05,76,57000,57000,0.1718,0.19767688430364982,0.025876884303649816
2024-07-11_05,77,76000,57000,0.3084,0.3039650158882141,-0.004434984111785889
2024-07-11_05,78,-57000,76000,0.3018,0.2925040752410888,-0.009295924758911223
2024-07-11_05,79,-38000,76000,0.172,0.1896339480610656,0.017633948061065607
2024-07-11_05,80,-19000,76000,0.3975,0.3989661499967345,0.0014661499967345004
2024-07-11_05,81,0,76000,0.389,0.3898937695503235,0.0008937695503234977
2024-07-11_05,82,19000,76000,0.4012,0.4018375456907044,0.0006375456907043997
2024-07-11_05,83,38000,76000,0.1734,0.17704831790499886,0.0036483179049988657
2024-07-11_05,84,57000,76000,0.278495037,0.2870156602859497,0.008520623285949713
2024-07-11_05,85,-19000,95000,0.321768642,0.26364103824240104,-0.058127603757598956
2024-07-11_05,86,0,95000,0.331787419,0.26665836505889895,-0.06512905394110102
2024-07-11_05,87,19000,95000,0.323551406,0.25424588513711543,-0.06930552086288455
2024-07-11_06,0,-19000,-95000,0.3121,0.3236971084285889,0.01159710842858891
2024-07-11_06,1,0,-95000,0.345,0.3273952454566955,-0.017604754543304457
2024-07-11_06,2,19000,-95000,0.3131,0.3158865907910766,0.0027865907910766263
2024-07-11_06,3,-57000,-76000,0.3479,0.3255834308624268,-0.022316569137573183
2024-07-11_06,4,-38000,-76000,0.3056,0.28204226065759275,-0.023557739342407236
2024-07-11_06,5,-19000,-76000,0.309559358,0.27916777885107424,-0.030391579148925763
2024-07-11_06,6,0,-76000,0.1846,0.2565694918744508,0.07196949187445079
2024-07-11_06,7,19000,-76000,0.309528229,0.29403846374420173,-0.01548976525579826
2024-07-11_06,8,38000,-76000,0.3046,0.2941221159573364,-0.010477884042663588
2024-07-11_06,9,57000,-76000,0.3262,0.33811982316970823,0.011919823169708244
2024-07-11_06,10,-76000,-57000,0.3434,0.32461819324493413,-0.018781806755065855
2024-07-11_06,11,-57000,-57000,0.294451389,0.2997942865034484,0.005342897503448407
2024-07-11_06,12,-38000,-57000,0.1729,0.22762199014846796,0.05472199014846796
2024-07-11_06,13,-19000,-57000,0.4018,0.3993390243850403,-0.0024609756149596707
2024-07-11_06,14,0,-57000,0.3936,0.3913125004428406,-0.0022874995571594003
2024-07-11_06,15,19000,-57000,0.404,0.4007411324426575,-0.003258867557342504
2024-07-11_06,16,38000,-57000,0.1734,0.2205700703976745,0.04717007039767451
2024-07-11_06,17,57000,-57000,0.292053644,0.27695964408227547,-0.015093999917724532
2024-07-11_06,18,76000,-57000,0.3225,0.33601208372116087,0.013512083721160861
2024-07-11_06,19,-76000,-38000,0.285473944,0.2754775212354432,-0.009996422764556756
2024-07-11_06,20,-57000,-38000,0.171,0.3638527109875489,0.1928527109875489
2024-07-11_06,21,-38000,-38000,0.378,0.37663611591406254,-0.0013638840859374612
2024-07-11_06,22,-19000,-38000,0.3521,0.3494700147129821,-0.002629985287017911
2024-07-11_06,23,0,-38000,0.3431,0.3406062146474609,-0.002493785352539135
2024-07-11_06,24,19000,-38000,0.3547,0.3505958105458984,-0.0041041894541016255
2024-07-11_06,25,38000,-38000,0.3828,0.3786571208953857,-0.00414287910461425
2024-07-11_06,26,57000,-38000,0.1725,0.3023375589133912,0.12983755891339122
2024-07-11_06,27,76000,-38000,0.3018,0.2893703534834595,-0.012429646516540493
2024-07-11_06,28,-95000,-19000,0.3084,0.3058391305388184,-0.002560869461181614
2024-07-11_06,29,-76000,-19000,0.1804,0.20789096949914554,0.027490969499145534
2024-07-11_06,30,-57000,-19000,0.3878,0.3846101940375366,-0.0031898059624633768
2024-07-11_06,31,-38000,-19000,0.3447,0.3406510058970946,-0.004048994102905379
2024-07-11_06,32,-19000,-19000,0.3158,0.31186112245388786,-0.003938877546112163
2024-07-11_06,33,0,-19000,0.3058,0.30220636933938594,-0.0035936306606140778
2024-07-11_06,34,19000,-19000,0.3197,0.3149207492756958,-0.004779250724304185
2024-07-11_06,35,38000,-19000,0.3503,0.3454944445848389,-0.004805555415161089
2024-07-11_06,36,57000,-19000,0.3963,0.39130631508126834,-0.0049936849187316446
2024-07-11_06,37,76000,-19000,0.1842,0.21365901548516852,0.02945901548516852
2024-07-11_06,38,95000,-19000,0.3112,0.3139111558728942,0.002711155872894222
2024-07-11_06,39,-95000,0,0.3225,0.3102546144485474,-0.012245385551452603
2024-07-11_06,40,-76000,0,0.1725,0.25546705638919065,0.08296705638919066
2024-07-11_06,41,-57000,0,0.371,0.36677878687332144,-0.004221213126678558
2024-07-11_06,42,-38000,0,0.3281,0.3245283384389037,-0.0035716615610962843
2024-07-11_06,43,-19000,0,0.299,0.2951174224680786,-0.003882577531921394
2024-07-11_06,44,19000,0,0.3034,0.3010024645936584,-0.0023975354063415777
2024-07-11_06,45,38000,0,0.3365,0.3326003387635499,-0.003899661236450136
2024-07-11_06,46,57000,0,0.382,0.3777592237756653,-0.004240776224334719
2024-07-11_06,47,76000,0,0.179,0.20962948144876092,0.03062948144876093
2024-07-11_06,48,95000,0,0.3159,0.31568844347000113,-0.00021155652999887975
2024-07-11_06,49,-95000,19000,0.3065,0.2792317839864502,-0.027268216013549784
2024-07-11_06,50,-76000,19000,0.1739,0.24382888898086552,0.06992888898086552
2024-07-11_06,51,-57000,19000,0.3708,0.3688458937981567,-0.001954106201843331
2024-07-11_06,52,-38000,19000,0.3288,0.3270960206974487,-0.001703979302551284
2024-07-11_06,53,-19000,19000,0.3019,0.2984248592424317,-0.003475140757568329
2024-07-11_06,54,0,19000,0.2936,0.2871318939843446,-0.00646810601565545
2024-07-11_06,55,19000,19000,0.3058,0.29989446025967403,-0.005905539740325982
2024-07-11_06,56,38000,19000,0.3378,0.3309196558010865,-0.0068803441989134795
2024-07-11_06,57,57000,19000,0.3829,0.38046732439175424,-0.0024326756082457823
2024-07-11_06,58,76000,19000,0.179,0.20900145419363403,0.030001454193634036
2024-07-11_06,59,95000,19000,0.3093,0.3004171636365356,-0.00888283636346443
2024-07-11_06,60,-76000,38000,0.1823,0.22881961511813365,0.046519615118133656
2024-07-11_06,61,-57000,38000,0.3872,0.38680328492364513,-0.0003967150763548588
2024-07-11_06,62,-38000,38000,0.3467,0.34312359447845453,-0.003576405521545478
2024-07-11_06,63,-19000,38000,0.3217,0.3190629415351258,-0.0026370584648741646
2024-07-11_06,64,0,38000,0.3137,0.31056179202453604,-0.003138207975463936
2024-07-11_06,65,19000,38000,0.3266,0.3229998445036011,-0.0036001554963989157
2024-07-11_06,66,38000,38000,0.3553,0.3516113069447633,-0.0036886930552367247
2024-07-11_06,67,57000,38000,0.3997,0.3971093388617555,-0.002590661138244521
2024-07-11_06,68,76000,38000,0.303336797,0.2609311800786134,-0.04240561692138661
2024-07-11_06,69,-76000,57000,0.3131,0.3034195432662963,-0.009680456733703713
2024-07-11_06,70,-57000,57000,0.1707,0.2839471777226563,0.11324717772265633
2024-07-11_06,71,-38000,57000,0.3784,0.3757302950215149,-0.0026697049784851212
2024-07-11_06,72,-19000,57000,0.3554,0.35084183716842654,-0.0045581628315734535
2024-07-11_06,73,0,57000,0.3482,0.34366603553042596,-0.004533964469574048
2024-07-11_06,74,19000,57000,0.3595,0.35462169313262937,-0.004878306867370619
2024-07-11_06,75,38000,57000,0.3866,0.38467242082641606,-0.0019275791735839376
2024-07-11_06,76,57000,57000,0.1743,0.2483950659396057,0.07409506593960569
2024-07-11_06,77,76000,57000,0.3103,0.30481115427017214,-0.005488845729827885
2024-07-11_06,78,-57000,76000,0.3056,0.29696245288848866,-0.008637547111511323
2024-07-11_06,79,-38000,76000,0.1734,0.22181901558923345,0.04841901558923345
2024-07-11_06,80,-19000,76000,0.404,0.4005838536470032,-0.0034161463529968072
2024-07-11_06,81,0,76000,0.3958,0.39459187402725227,-0.00120812597274772
2024-07-11_06,82,19000,76000,0.4082,0.4039618799547424,-0.004238120045257587
2024-07-11_06,83,38000,76000,0.1767,0.22077628076525868,0.044076280765258685
2024-07-11_06,84,57000,76000,0.3028,0.2742501243591309,-0.028549875640869138
2024-07-11_06,85,-19000,95000,0.32786123,0.2699838252911071,-0.05787740470889291
2024-07-11_06,86,0,95000,0.338199226,0.27757615461349494,-0.06062307138650508
2024-07-11_06,87,19000,95000,0.329895585,0.2735127794287415,-0.056382805571258465
2024-07-11_07,0,-19000,-95000,0.3135,0.3230668739345397,0.0095668739345397
2024-07-11_07,1,0,-95000,0.3459,0.3365191834449768,-0.009380816555023208
2024-07-11_07,2,19000,-95000,0.314,0.3147364247080078,0.0007364247080077768
2024-07-11_07,3,-57000,-76000,0.348,0.3373484642028808,-0.010651535797119194
2024-07-11_07,4,-38000,-76000,0.306,0.29225384807391364,-0.013746151926086358
2024-07-11_07,5,-19000,-76000,0.327344845,0.301210936777893,-0.026133908222106983
2024-07-11_07,6,0,-76000,0.337042799,0.27109567799298095,-0.06594712100701905
2024-07-11_07,7,19000,-76000,0.328205595,0.30945859497314454,-0.018747000026855476
2024-07-11_07,8,38000,-76000,0.3065,0.28162549089422617,-0.024874509105773823
2024-07-11_07,9,57000,-76000,0.3375,0.3415944661140442,0.004094466114044182
2024-07-11_07,10,-76000,-57000,0.3393,0.33798140592575066,-0.0013185940742493352
2024-07-11_07,11,-57000,-57000,0.29798096,0.3004919982315979,0.002511038231597873
2024-07-11_07,12,-38000,-57000,0.1739,0.25368475599230966,0.07978475599230966
2024-07-11_07,13,-19000,-57000,0.4069,0.39902409565850827,-0.007875904341491713
2024-07-11_07,14,0,-57000,0.3985,0.3925178365859985,-0.00598216341400154
2024-07-11_07,15,19000,-57000,0.4088,0.40230885522195425,-0.006491144778045743
2024-07-11_07,16,38000,-57000,0.1753,0.23969342424774176,0.06439342424774175
2024-07-11_07,17,57000,-57000,0.299279772,0.2783948823389588,-0.020884889661041184
2024-07-11_07,18,76000,-57000,0.3225,0.32597691669464113,0.003476916694641119
2024-07-11_07,19,-76000,-38000,0.3028,0.2699698063597411,-0.03283019364025891
2024-07-11_07,20,-57000,-38000,0.1715,0.3626218621300048,0.1911218621300048
2024-07-11_07,21,-38000,-38000,0.3829,0.37854168510867314,-0.0043583148913268754
2024-07-11_07,22,-19000,-38000,0.357,0.3484124270967408,-0.008587572903259177
2024-07-11_07,23,0,-38000,0.3484,0.3401006416036072,-0.008299358396392786
2024-07-11_07,24,19000,-38000,0.3597,0.351080091650116,-0.00861990834988402
2024-07-11_07,25,38000,-38000,0.3877,0.3789845193862915,-0.00871548061370847
2024-07-11_07,26,57000,-38000,0.1739,0.3053721357200012,0.13147213572000122
2024-07-11_07,27,76000,-38000,0.3037,0.29323503915573124,-0.01046496084426879
2024-07-11_07,28,-95000,-19000,0.3093,0.2903682123584289,-0.018931787641571107
2024-07-11_07,29,-76000,-19000,0.1818,0.2323824211592712,0.050582421159271224
2024-07-11_07,30,-57000,-19000,0.3926,0.3843512196159362,-0.008248780384063792
2024-07-11_07,31,-38000,-19000,0.35,0.34200345010058597,-0.007996549899414007
2024-07-11_07,32,-19000,-19000,0.3217,0.3120575955503846,-0.009642404449615394
2024-07-11_07,33,0,-19000,0.3114,0.30183647614657594,-0.009563523853424072
2024-07-11_07,34,19000,-19000,0.3257,0.31638539378921515,-0.009314606210784837
2024-07-11_07,35,38000,-19000,0.3555,0.3449730063773193,-0.01052699362268067
2024-07-11_07,36,57000,-19000,0.4014,0.392034972019226,-0.009365027980773988
2024-07-11_07,37,76000,-19000,0.308141397,0.2273098812555543,-0.08083151574444569
2024-07-11_07,38,95000,-19000,0.3126,0.30903697270971686,-0.0035630272902831273
2024-07-11_07,39,-95000,0,0.3178,0.31747510147094726,-0.00032489852905276395
2024-07-11_07,40,-76000,0,0.1748,0.24826728664334108,0.07346728664334107
2024-07-11_07,41,-57000,0,0.376,0.3701652728107605,-0.005834727189239497
2024-07-11_07,42,-38000,0,0.3341,0.3249438909493103,-0.009156109050689698
2024-07-11_07,43,-19000,0,0.3046,0.2940155861989442,-0.010584413801055792
2024-07-11_07,44,19000,0,0.3091,0.29940193341491694,-0.009698066585083043
2024-07-11_07,45,38000,0,0.3419,0.33283701949575795,-0.009062980504242035
2024-07-11_07,46,57000,0,0.3872,0.3790280883018189,-0.0081719116981811
2024-07-11_07,47,76000,0,0.18,0.23189506320806874,0.05189506320806875
2024-07-11_07,48,95000,0,0.3168,0.32984756984710684,0.01304756984710681
2024-07-11_07,49,-95000,19000,0.3056,0.2848262692182617,-0.020773730781738275
2024-07-11_07,50,-76000,19000,0.1753,0.26526886969281005,0.08996886969281004
2024-07-11_07,51,-57000,19000,0.3761,0.37119517405966196,-0.004904825940338031
2024-07-11_07,52,-38000,19000,0.335,0.3253125285209961,-0.009687471479003895
2024-07-11_07,53,-19000,19000,0.3079,0.2995570977723998,-0.008342902227600202
2024-07-11_07,54,0,19000,0.2991,0.2890326588575134,-0.010067341142486586
2024-07-11_07,55,19000,19000,0.312,0.30136028147100835,-0.010639718528991648
2024-07-11_07,56,38000,19000,0.3432,0.33319914702362063,-0.01000085297637937
2024-07-11_07,57,57000,19000,0.3882,0.3799546348758851,-0.00824536512411489
2024-07-11_07,58,76000,19000,0.1809,0.22080286838894647,0.039902868388946466
2024-07-11_07,59,95000,19000,0.3098,0.3271426428607789,0.017342642860778856
2024-07-11_07,60,-76000,38000,0.1856,0.2384807168512879,0.05288071685128792
2024-07-11_07,61,-57000,38000,0.3931,0.3881028495888976,-0.00499715041110238
2024-07-11_07,62,-38000,38000,0.3528,0.345266209345398,-0.007533790654602024
2024-07-11_07,63,-19000,38000,0.3283,0.31897998203366096,-0.009320017966339023
2024-07-11_07,64,0,38000,0.3199,0.31072468402468867,-0.009175315975311349
2024-07-11_07,65,19000,38000,0.3329,0.3252000278175049,-0.007699972182495074
2024-07-11_07,66,38000,38000,0.3609,0.3543005905423584,-0.006599409457641592
2024-07-11_07,67,57000,38000,0.4052,0.3984290024500732,-0.006770997549926827
2024-07-11_07,68,76000,38000,0.308510203,0.2905139205679321,-0.017996282432067856
2024-07-11_07,69,-76000,57000,0.314,0.3144675215721131,0.0004675215721131054
2024-07-11_07,70,-57000,57000,0.1728,0.30511935772277843,0.13231935772277842
2024-07-11_07,71,-38000,57000,0.3848,0.3744114498646851,-0.010388550135314867
2024-07-11_07,72,-19000,57000,0.3612,0.3538605836486206,-0.007339416351379413
2024-07-11_07,73,0,57000,0.3542,0.344233351935028,-0.009966648064971995
2024-07-11_07,74,19000,57000,0.3652,0.3561495232168579,-0.009050476783142136
2024-07-11_07,75,38000,57000,0.3924,0.38487587347662355,-0.007524126523376473
2024-07-11_07,76,57000,57000,0.1767,0.24348554817379764,0.06678554817379764
2024-07-11_07,77,76000,57000,0.3107,0.30647966775894164,-0.004220332241058333
2024-07-11_07,78,-57000,76000,0.3065,0.31312486734390266,0.006624867343902663
2024-07-11_07,79,-38000,76000,0.1762,0.25434450378903195,0.07814450378903195
2024-07-11_07,80,-19000,76000,0.4107,0.40240651529476934,-0.00829348470523067
2024-07-11_07,81,0,76000,0.4019,0.39518696680068977,-0.006713033199310214
2024-07-11_07,82,19000,76000,0.4143,0.4033690580191651,-0.010930941980834885
2024-07-11_07,83,38000,76000,0.1781,0.20111282889724724,0.023012828897247234
2024-07-11_07,84,57000,76000,0.3046,0.2806812277793884,-0.02391877222061156
2024-07-11_07,85,-19000,95000,0.333326587,0.2804041771512451,-0.0529224098487549
2024-07-11_07,86,0,95000,0.343915114,0.28781140460968024,-0.05610370939031978
2024-07-11_07,87,19000,95000,0.335377563,0.2815700455481873,-0.05380751745181267
2024-07-11_08,0,-19000,-95000,0.3243,0.33021957034304816,0.005919570343048186
2024-07-11_08,1,0,-95000,0.3427,0.34262094411849975,-7.905588150025622e-05
2024-07-11_08,2,19000,-95000,0.3234,0.32828266956454466,0.004882669564544639
2024-07-11_08,3,-57000,-76000,0.3488,0.3483766710281373,-0.000423328971862702
2024-07-11_08,4,-38000,-76000,0.2985,0.2939111549234008,-0.0045888450765991795
2024-07-11_08,5,-19000,-76000,0.2826,0.2948972902171936,0.012297290217193557
2024-07-11_08,6,0,-76000,0.276,0.2936304457947694,0.017630445794769356
2024-07-11_08,7,19000,-76000,0.2826,0.2860696528129272,0.0034696528129271598
2024-07-11_08,8,38000,-76000,0.2981,0.2997555446594238,0.0016555446594238021
2024-07-11_08,9,57000,-76000,0.3381,0.34948369388580325,0.011383693885803237
2024-07-11_08,10,-76000,-57000,0.341,0.34527371282577524,0.004273712825775211
2024-07-11_08,11,-57000,-57000,0.2854,0.29920303761529543,0.013803037615295444
2024-07-11_08,12,-38000,-57000,0.208,0.20200688640600584,-0.005993113593994154
2024-07-11_08,13,-19000,-57000,0.4092,0.41080570597128285,0.0016057059712828448
2024-07-11_08,14,0,-57000,0.4014,0.4014985635625916,9.85635625916359e-05
2024-07-11_08,15,19000,-57000,0.4112,0.41129081982614135,9.081982614134176e-05
2024-07-11_08,16,38000,-57000,0.21,0.21121632126333623,0.0012163212633362341
2024-07-11_08,17,57000,-57000,0.2864,0.2924666406329346,0.006066640632934606
2024-07-11_08,18,76000,-57000,0.3328,0.34074982528686526,0.007949825286865275
2024-07-11_08,19,-76000,-38000,0.2927,0.2954718506737366,0.0027718506737365867
2024-07-11_08,20,-57000,-38000,0.2061,0.22089874414270017,0.01479874414270016
2024-07-11_08,21,-38000,-38000,0.3862,0.38625237085787956,5.2370857879568966e-05
2024-07-11_08,22,-19000,-38000,0.3596,0.3596811282441712,8.112824417122466e-05
2024-07-11_08,23,0,-38000,0.3507,0.35110553191619864,0.0004055319161986315
2024-07-11_08,24,19000,-38000,0.3627,0.36366644109982293,0.0009664410998229123
2024-07-11_08,25,38000,-38000,0.3912,0.39053704862594607,-0.0006629513740539217
2024-07-11_08,26,57000,-38000,0.209,0.2073436653750611,-0.0016563346249388877
2024-07-11_08,27,76000,-38000,0.2939,0.3016483154039611,0.007748315403961092
2024-07-11_08,28,-95000,-19000,0.3079,0.3118860216042786,0.003986021604278578
2024-07-11_08,29,-76000,-19000,0.2681,0.28535454023748774,0.017254540237487737
2024-07-11_08,30,-57000,-19000,0.396,0.39594078409567257,-5.921590432744761e-05
2024-07-11_08,31,-38000,-19000,0.3521,0.35213763047372426,3.763047372423722e-05
2024-07-11_08,32,-19000,-19000,0.3239,0.32336401626193245,-0.0005359837380675692
2024-07-11_08,33,0,-19000,0.3138,0.31389021543093865,9.021543093862272e-05
2024-07-11_08,34,19000,-19000,0.3277,0.32789825490588376,0.0001982549058837657
2024-07-11_08,35,38000,-19000,0.358,0.35887423231454463,0.0008742323145446429
2024-07-11_08,36,57000,-19000,0.4041,0.4036498983186645,-0.0004501016813355241
2024-07-11_08,37,76000,-19000,0.2756,0.2895853691697998,0.01398536916979981
2024-07-11_08,38,95000,-19000,0.3164,0.31605583193573006,-0.0003441680642699563
2024-07-11_08,39,-95000,0,0.3178,0.3200560852050781,0.0022560852050780844
2024-07-11_08,40,-76000,0,0.2081,0.20359807893704218,-0.0045019210629578255
2024-07-11_08,41,-57000,0,0.3795,0.3801267764073486,0.0006267764073485949
2024-07-11_08,42,-38000,0,0.336,0.3368808750349732,0.0008808750349731942
2024-07-11_08,43,-19000,0,0.3068,0.30736699372897336,0.0005669937289733418
2024-07-11_08,44,19000,0,0.3113,0.31170449041772463,0.00040449041772461225
2024-07-11_08,45,38000,0,0.3441,0.34517006290133656,0.0010700629013365437
2024-07-11_08,46,57000,0,0.3901,0.3899087401943053,-0.00019125980569467682
2024-07-11_08,47,76000,0,0.2617,0.24152690292526247,-0.020173097074737523
2024-07-11_08,48,95000,0,0.3168,0.32315807113647455,0.006358071136474519
2024-07-11_08,49,-95000,19000,0.3004,0.29763010027883907,-0.002769899721160929
2024-07-11_08,50,-76000,19000,0.209,0.2169605872583923,0.007960587258392299
2024-07-11_08,51,-57000,19000,0.3797,0.38080013930996714,0.001100139309967163
2024-07-11_08,52,-38000,19000,0.3371,0.33792284717248533,0.0008228471724853192
2024-07-11_08,53,-19000,19000,0.31,0.31070302898608393,0.0007030289860839312
2024-07-11_08,54,0,19000,0.3015,0.3022345250324401,0.000734525032440092
2024-07-11_08,55,19000,19000,0.3141,0.3151704538243407,0.0010704538243407336
2024-07-11_08,56,38000,19000,0.3455,0.3457664263414002,0.0002664263414002277
2024-07-11_08,57,57000,19000,0.3915,0.39202004277380365,0.0005200427738036306
2024-07-11_08,58,76000,19000,0.2643,0.26500207186560054,0.000702071865600562
2024-07-11_08,59,95000,19000,0.3051,0.3116956619715576,0.0065956619715576426
2024-07-11_08,60,-76000,38000,0.2718,0.2741695488198852,0.0023695488198852144
2024-07-11_08,61,-57000,38000,0.3965,0.3987412664225465,0.002241266422546462
2024-07-11_08,62,-38000,38000,0.3551,0.3574239826435852,0.0023239826435851874
2024-07-11_08,63,-19000,38000,0.3304,0.3317017614471436,0.0013017614471435568
2024-07-11_08,64,0,38000,0.3225,0.3230789265358276,0.0005789265358275841
2024-07-11_08,65,19000,38000,0.3347,0.3352878131081849,0.0005878131081848981
2024-07-11_08,66,38000,38000,0.3633,0.3646413312786865,0.001341331278686464
2024-07-11_08,67,57000,38000,0.4077,0.4082943178054199,0.0005943178054199083
2024-07-11_08,68,76000,38000,0.2807,0.2894907518076173,0.008790751807617292
2024-07-11_08,69,-76000,57000,0.306,0.31566065549850464,0.009660655498504644
2024-07-11_08,70,-57000,57000,0.209,0.20554184135510245,-0.003458158644897541
2024-07-11_08,71,-38000,57000,0.3881,0.38928743558428947,0.0011874355842894646
2024-07-11_08,72,-19000,57000,0.3641,0.3660277785320434,0.0019277785320434004
2024-07-11_08,73,0,57000,0.3567,0.35738821406103516,0.0006882140610351417
2024-07-11_08,74,19000,57000,0.368,0.3685646389122619,0.0005646389122618833
2024-07-11_08,75,38000,57000,0.3954,0.397354354564331,0.001954354564331018
2024-07-11_08,76,57000,57000,0.2093,0.1939994164822083,-0.015300583517791705
2024-07-11_08,77,76000,57000,0.3028,0.3046443344116212,0.0018443344116211846
2024-07-11_08,78,-57000,76000,0.2948,0.30657386779785156,0.011773867797851556
2024-07-11_08,79,-38000,76000,0.21,0.21807685416357425,0.00807685416357426
2024-07-11_08,80,-19000,76000,0.4126,0.41207044490289313,-0.000529555097106893
2024-07-11_08,81,0,76000,0.4042,0.40439015254974375,0.0001901525497437495
2024-07-11_08,82,19000,76000,0.4157,0.4170111360458375,0.001311136045837491
2024-07-11_08,83,38000,76000,0.2093,0.22219898159005735,0.01289898159005734
2024-07-11_08,84,57000,76000,0.2939,0.29818050870895396,0.004280508708953967
2024-07-11_08,85,-19000,95000,0.2821,0.2986081839917907,0.01650818399179066
2024-07-11_08,86,0,95000,0.285,0.30207121000289927,0.017071210002899295
2024-07-11_08,87,19000,95000,0.2826,0.3077662318771057,0.025166231877105705
2024-07-11_09,0,-19000,-95000,0.3253,0.3229610766949158,-0.002338923305084173
2024-07-11_09,1,0,-95000,0.3436,0.3492626202583313,0.005662620258331308
2024-07-11_09,2,19000,-95000,0.3253,0.3223324541826782,-0.0029675458173217817
2024-07-11_09,3,-57000,-76000,0.3479,0.35286872596740726,0.004968725967407273
2024-07-11_09,4,-38000,-76000,0.2995,0.3054321639876403,0.005932163987640293
2024-07-11_09,5,-19000,-76000,0.284,0.30515833472476195,0.021158334724761974
2024-07-11_09,6,0,-76000,0.2784,0.28730779300735465,0.00890779300735467
2024-07-11_09,7,19000,-76000,0.2845,0.2976258645032044,0.01312586450320441
2024-07-11_09,8,38000,-76000,0.299,0.2973120372881164,-0.001687962711883595
2024-07-11_09,9,57000,-76000,0.3402,0.33626447992324837,-0.003935520076751631
2024-07-11_09,10,-76000,-57000,0.3404,0.34479003162384037,0.004390031623840385
2024-07-11_09,11,-57000,-57000,0.2868,0.29328432174331676,0.006484321743316757
2024-07-11_09,12,-38000,-57000,0.2081,0.19986197292825314,-0.008238027071746867
2024-07-11_09,13,-19000,-57000,0.412,0.4036891397109681,-0.008310860289031885
2024-07-11_09,14,0,-57000,0.4043,0.39749724526290886,-0.006802754737091132
2024-07-11_09,15,19000,-57000,0.4143,0.4060982878197632,-0.008201712180236798
2024-07-11_09,16,38000,-57000,0.209,0.20730999990896604,-0.0016900000910339552
2024-07-11_09,17,57000,-57000,0.2878,0.29813040081063846,0.010330400810638463
2024-07-11_09,18,76000,-57000,0.3356,0.33087115364074715,-0.0047288463592528585
2024-07-11_09,19,-76000,-38000,0.2936,0.3007536407680359,0.007153640768035874
2024-07-11_09,20,-57000,-38000,0.207,0.22163103273687734,0.014631032736877353
2024-07-11_09,21,-38000,-38000,0.3887,0.38272262386029055,-0.005977376139709445
2024-07-11_09,22,-19000,-38000,0.3624,0.3559722107011414,-0.006427789298858622
2024-07-11_09,23,0,-38000,0.3536,0.3475706166176453,-0.006029383382354703
2024-07-11_09,24,19000,-38000,0.3657,0.3587890242929992,-0.006910975707000833
2024-07-11_09,25,38000,-38000,0.3943,0.38697551565170296,-0.007324484348297022
2024-07-11_09,26,57000,-38000,0.209,0.19787756217489627,-0.01112243782510372
2024-07-11_09,27,76000,-38000,0.2953,0.3013656130803528,0.006065613080352805
2024-07-11_09,28,-95000,-19000,0.3079,0.3117672954052735,0.0038672954052734743
2024-07-11_09,29,-76000,-19000,0.269,0.24687362681057734,-0.022126373189422677
2024-07-11_09,30,-57000,-19000,0.3986,0.3935971388399353,-0.005002861160064709
2024-07-11_09,31,-38000,-19000,0.3543,0.3492002845111999,-0.005099715488800116
2024-07-11_09,32,-19000,-19000,0.327,0.31986801154891964,-0.007131988451080373
2024-07-11_09,33,0,-19000,0.3171,0.3104599306897582,-0.006640069310241803
2024-07-11_09,34,19000,-19000,0.3313,0.32421950616262807,-0.007080493837371915
2024-07-11_09,35,38000,-19000,0.3612,0.3538566035933228,-0.007343396406677194
2024-07-11_09,36,57000,-19000,0.4075,0.4004094632439881,-0.0070905367560119
2024-07-11_09,37,76000,-19000,0.2784,0.2806438030794678,0.00224380307946781
2024-07-11_09,38,95000,-19000,0.3164,0.3194886240794679,0.003088624079467861
2024-07-11_09,39,-95000,0,0.3178,0.3253575041770935,0.007557504177093499
2024-07-11_09,40,-76000,0,0.2081,0.1959397850947876,-0.012160214905212408
2024-07-11_09,41,-57000,0,0.3823,0.37729562442611697,-0.005004375573883002
2024-07-11_09,42,-38000,0,0.3391,0.3342781664994201,-0.0048218335005799084
2024-07-11_09,43,-19000,0,0.3103,0.3041586277617492,-0.006141372238250842
2024-07-11_09,44,19000,0,0.3151,0.3075916317507019,-0.00750836824929807
2024-07-11_09,45,38000,0,0.3479,0.34004126235888665,-0.007858737641113334
2024-07-11_09,46,57000,0,0.3938,0.3871287178155518,-0.0066712821844481796
2024-07-11_09,47,76000,0,0.2657,0.21762922332281498,-0.04807077667718501
2024-07-11_09,48,95000,0,0.3187,0.3163275644302368,-0.002372435569763187
2024-07-11_09,49,-95000,19000,0.3007,0.30494466177966306,0.004244661779663039
2024-07-11_09,50,-76000,19000,0.2091,0.1982572434884644,-0.0108427565115356
2024-07-11_09,51,-57000,19000,0.3827,0.3769917274802246,-0.005708272519775404
2024-07-11_09,52,-38000,19000,0.3403,0.33395777138259897,-0.0063422286174010245
2024-07-11_09,53,-19000,19000,0.3138,0.3074708389598999,-0.0063291610401001175
2024-07-11_09,54,0,19000,0.3053,0.2985427708611146,-0.006757229138885434
2024-07-11_09,55,19000,19000,0.3183,0.31163044949114993,-0.006669550508850097
2024-07-11_09,56,38000,19000,0.3494,0.34285965935070806,-0.006540340649291931
2024-07-11_09,57,57000,19000,0.3952,0.3883656692755737,-0.006834330724426296
2024-07-11_09,58,76000,19000,0.2671,0.23268848187985225,-0.034411518120147755
2024-07-11_09,59,95000,19000,0.3065,0.3059838672086488,-0.0005161327913512093
2024-07-11_09,60,-76000,38000,0.2746,0.27196343180154425,-0.0026365681984557576
2024-07-11_09,61,-57000,38000,0.3995,0.3956295148518676,-0.00387048514813243
2024-07-11_09,62,-38000,38000,0.3587,0.35371450149847417,-0.0049854985015258535
2024-07-11_09,63,-19000,38000,0.3343,0.3284488531314087,-0.005851146868591284
2024-07-11_09,64,0,38000,0.3263,0.31950998142373654,-0.006790018576263435
2024-07-11_09,65,19000,38000,0.3389,0.33237074024130253,-0.006529259758697448
2024-07-11_09,66,38000,38000,0.3675,0.360574543151184,-0.006925456848816014
2024-07-11_09,67,57000,38000,0.4111,0.4044531473162536,-0.006646852683746429
2024-07-11_09,68,76000,38000,0.2826,0.28496877831469725,0.0023687783146972285
2024-07-11_09,69,-76000,57000,0.3063,0.31237990951538075,0.0060799095153807325
2024-07-11_09,70,-57000,57000,0.2081,0.19656374583813485,-0.011536254161865156
2024-07-11_09,71,-38000,57000,0.3912,0.38568007730972287,-0.005519922690277124
2024-07-11_09,72,-19000,57000,0.3677,0.3616842499855042,-0.006015750014495835
2024-07-11_09,73,0,57000,0.3604,0.35376025523010246,-0.006639744769897538
2024-07-11_09,74,19000,57000,0.372,0.3653373950064698,-0.006662604993530219
2024-07-11_09,75,38000,57000,0.3992,0.3916144016084899,-0.007585598391510073
2024-07-11_09,76,57000,57000,0.2093,0.18822501418887327,-0.02107498581112674
2024-07-11_09,77,76000,57000,0.3032,0.31464880876541135,0.011448808765411322
2024-07-11_09,78,-57000,76000,0.2948,0.3048417100906371,0.01004171009063709
2024-07-11_09,79,-38000,76000,0.21,0.20043150573272706,-0.009568494267272937
2024-07-11_09,80,-19000,76000,0.4159,0.4068295931417847,-0.009070406858215307
2024-07-11_09,81,0,76000,0.4078,0.4014074832916259,-0.006392516708374096
2024-07-11_09,82,19000,76000,0.4194,0.41114245846884145,-0.008257541531158541
2024-07-11_09,83,38000,76000,0.21,0.21029992273052978,0.0002999227305297836
2024-07-11_09,84,57000,76000,0.2948,0.30039197378158566,0.005591973781585657
2024-07-11_09,85,-19000,95000,0.284,0.2981992996159364,0.014199299615936412
2024-07-11_09,86,0,95000,0.2859,0.30921715803146355,0.02331715803146356
2024-07-11_09,87,19000,95000,0.284,0.30604789078659067,0.022047890786590696
2024-07-11_10,0,-19000,-95000,0.3229,0.3127211270863952,-0.010178872913604808
2024-07-11_10,1,0,-95000,0.3418,0.32516465778350834,-0.016635342216491655
2024-07-11_10,2,19000,-95000,0.3234,0.3064402597554321,-0.016959740244567922
2024-07-11_10,3,-57000,-76000,0.3464,0.3259981108665466,-0.020401889133453366
2024-07-11_10,4,-38000,-76000,0.2978,0.2891230611028748,-0.00867693889712523
2024-07-11_10,5,-19000,-76000,0.2812,0.28321705585995494,0.0020170558599549304
2024-07-11_10,6,0,-76000,0.2742,0.23832884163797008,-0.03587115836202992
2024-07-11_10,7,19000,-76000,0.2812,0.2896922280578309,0.008492228057830897
2024-07-11_10,8,38000,-76000,0.2976,0.28871252158956917,-0.008887478410430805
2024-07-11_10,9,57000,-76000,0.3387,0.3219260627746583,-0.016773937225341706
2024-07-11_10,10,-76000,-57000,0.3386,0.33092884550094603,-0.007671154499053978
2024-07-11_10,11,-57000,-57000,0.284,0.2764842805460206,-0.007515719453979386
2024-07-11_10,12,-38000,-57000,0.2072,0.2392308034598083,0.0320308034598083
2024-07-11_10,13,-19000,-57000,0.406,0.39738571379229737,-0.00861428620770266
2024-07-11_10,14,0,-57000,0.398,0.3881570542904358,-0.009842945709564233
2024-07-11_10,15,19000,-57000,0.4084,0.3992181695142212,-0.009181830485778808
2024-07-11_10,16,38000,-57000,0.209,0.20694970669842538,-0.002050293301574607
2024-07-11_10,17,57000,-57000,0.2854,0.2817783642686158,-0.0036216357313841874
2024-07-11_10,18,76000,-57000,0.3328,0.31695199556350717,-0.015848004436492813
2024-07-11_10,19,-76000,-38000,0.2915,0.2841554685082397,-0.007344531491760287
2024-07-11_10,20,-57000,-38000,0.205,0.2992326487688599,0.09423264876885992
2024-07-11_10,21,-38000,-38000,0.3822,0.37177663013409434,-0.01042336986590564
2024-07-11_10,22,-19000,-38000,0.3553,0.3455691342778626,-0.009730865722137383
2024-07-11_10,23,0,-38000,0.3461,0.3371923503049927,-0.008907649695007291
2024-07-11_10,24,19000,-38000,0.3587,0.3492288864351196,-0.009471113564880396
2024-07-11_10,25,38000,-38000,0.3877,0.37762481517791757,-0.010075184822082417
2024-07-11_10,26,57000,-38000,0.208,0.24431106957504278,0.03631106957504279
2024-07-11_10,27,76000,-38000,0.2934,0.27930233070269783,-0.014097669297302162
2024-07-11_10,28,-95000,-19000,0.3077,0.2975259667697143,-0.01017403323028565
2024-07-11_10,29,-76000,-19000,0.2643,0.19992522849014283,-0.06437477150985715
2024-07-11_10,30,-57000,-19000,0.3926,0.38245708446209714,-0.010142915537902863
2024-07-11_10,31,-38000,-19000,0.348,0.33829890913021843,-0.009701090869781548
2024-07-11_10,32,-19000,-19000,0.3192,0.309481305619812,-0.009718694380187964
2024-07-11_10,33,0,-19000,0.309,0.2996749203592224,-0.009325079640777612
2024-07-11_10,34,19000,-19000,0.3235,0.3125702671197814,-0.01092973288021859
2024-07-11_10,35,38000,-19000,0.3543,0.3442962184059144,-0.010003781594085603
2024-07-11_10,36,57000,-19000,0.4012,0.3904117958431397,-0.010788204156860326
2024-07-11_10,37,76000,-19000,0.2737,0.22757761410186772,-0.04612238589813228
2024-07-11_10,38,95000,-19000,0.315,0.3001850235028991,-0.014814976497100896
2024-07-11_10,39,-95000,0,0.3168,0.302456058883667,-0.014343941116333025
2024-07-11_10,40,-76000,0,0.2072,0.21004735964276122,0.002847359642761227
2024-07-11_10,41,-57000,0,0.3759,0.36620033669210805,-0.00969966330789196
2024-07-11_10,42,-38000,0,0.3317,0.3201354381698913,-0.011564561830108677
2024-07-11_10,43,-19000,0,0.3022,0.29220926161843863,-0.009990738381561393
2024-07-11_10,44,19000,0,0.3072,0.29550903276431284,-0.011690967235687133
2024-07-11_10,45,38000,0,0.3403,0.3285453762902222,-0.011754623709777812
2024-07-11_10,46,57000,0,0.3873,0.3757973163088073,-0.011502683691192672
2024-07-11_10,47,76000,0,0.21,0.1879417107132264,-0.022058289286773586
2024-07-11_10,48,95000,0,0.3182,0.3112484806060791,-0.0069515193939208575
2024-07-11_10,49,-95000,19000,0.299,0.292798930407013,-0.006201069592986996
2024-07-11_10,50,-76000,19000,0.2085,0.1964829803540039,-0.01201701964599608
2024-07-11_10,51,-57000,19000,0.3764,0.3654817287001648,-0.010918271299835192
2024-07-11_10,52,-38000,19000,0.3331,0.32229152723794563,-0.010808472762054377
2024-07-11_10,53,-19000,19000,0.3059,0.2945944730954895,-0.011305526904510532
2024-07-11_10,54,0,19000,0.2971,0.28645331066049184,-0.01064668933950813
2024-07-11_10,55,19000,19000,0.3102,0.2981418092538757,-0.012058190746124298
2024-07-11_10,56,38000,19000,0.3418,0.3301254806323852,-0.011674519367614766
2024-07-11_10,57,57000,19000,0.3885,0.3745688641761169,-0.013931135823883112
2024-07-11_10,58,76000,19000,0.2088,0.18122310463208002,-0.02757689536791999
2024-07-11_10,59,95000,19000,0.3051,0.2970284514606323,-0.008071548539367701
2024-07-11_10,60,-76000,38000,0.2709,0.22659573648883058,-0.044304263511169395
2024-07-11_10,61,-57000,38000,0.3939,0.3826838348948669,-0.011216165105133069
2024-07-11_10,62,-38000,38000,0.3519,0.3410611400245056,-0.010838859975494386
2024-07-11_10,63,-19000,38000,0.3269,0.3151689558622741,-0.01173104413772591
2024-07-11_10,64,0,38000,0.3187,0.3063445171510315,-0.01235548284896848
2024-07-11_10,65,19000,38000,0.3314,0.32018628227758783,-0.011213717722412142
2024-07-11_10,66,38000,38000,0.3603,0.3480077349575501,-0.012292265042449901
2024-07-11_10,67,57000,38000,0.4051,0.39299635077490236,-0.012103649225097657
2024-07-11_10,68,76000,38000,0.2793,0.2530883096472778,-0.026211690352722194
2024-07-11_10,69,-76000,57000,0.3051,0.30081357908248907,-0.004286420917510914
2024-07-11_10,70,-57000,57000,0.2069,0.24785776655297853,0.04095776655297853
2024-07-11_10,71,-38000,57000,0.3853,0.37304431381817627,-0.01225568618182371
2024-07-11_10,72,-19000,57000,0.361,0.348837441001953,-0.012162558998046968
2024-07-11_10,73,0,57000,0.3534,0.34113984542794795,-0.01226015457205204
2024-07-11_10,74,19000,57000,0.365,0.35332271484460454,-0.011677285155395456
2024-07-11_10,75,38000,57000,0.393,0.3799402884446106,-0.01305971155538943
2024-07-11_10,76,57000,57000,0.209,0.2150255303145141,0.00602553031451411
2024-07-11_10,77,76000,57000,0.3025,0.29239616680145253,-0.010103833198547463
2024-07-11_10,78,-57000,76000,0.2941,0.2910362119674683,-0.0030637880325316558
2024-07-11_10,79,-38000,76000,0.2091,0.20519018876226802,-0.003909811237731986
2024-07-11_10,80,-19000,76000,0.4109,0.3985334237552185,-0.012366576244781491
2024-07-11_10,81,0,76000,0.4026,0.38976254043579095,-0.012837459564209064
2024-07-11_10,82,19000,76000,0.4144,0.4030565315043029,-0.011343468495697118
2024-07-11_10,83,38000,76000,0.2081,0.21010448330444342,0.0020044833044434163
2024-07-11_10,84,57000,76000,0.2943,0.27122006702423085,-0.023079932975769157
2024-07-11_10,85,-19000,95000,0.2821,0.27981724124487295,-0.002282758755127068
2024-07-11_10,86,0,95000,0.284,0.27982511100769036,-0.004174888992309611
2024-07-11_10,87,19000,95000,0.2821,0.2766594098063966,-0.005440590193603434
2024-07-19_01,0,-19000,-95000,0.3107,0.3244389083363648,0.013738908336364819
2024-07-19_01,1,0,-95000,0.3215,0.35066455469131474,0.029164554691314737
2024-07-19_01,2,19000,-95000,0.3098,0.3262622463686218,0.016462246368621758
2024-07-19_01,3,-57000,-76000,0.3215,0.33717468042373655,0.015674680423736542
2024-07-19_01,4,-38000,-76000,0.2868,0.306174698652649,0.019374698652649014
2024-07-19_01,5,-19000,-76000,0.2643,0.3044011816333314,0.04010118163333143
2024-07-19_01,6,0,-76000,0.2091,0.23059725343679816,0.021497253436798147
2024-07-19_01,7,19000,-76000,0.2662,0.30401695870443723,0.03781695870443724
2024-07-19_01,8,38000,-76000,0.2878,0.29947098080731194,0.011670980807311937
2024-07-19_01,9,57000,-76000,0.3201,0.34434038944244394,0.024240389442443944
2024-07-19_01,10,-76000,-57000,0.3154,0.33089866895675657,0.015498668956756556
2024-07-19_01,11,-57000,-57000,0.2676,0.29925877522894284,0.03165877522894284
2024-07-19_01,12,-38000,-57000,0.4119,0.40699713050775155,-0.004902869492248441
2024-07-19_01,13,-19000,-57000,0.3858,0.38764375871850576,0.0018437587185057835
2024-07-19_01,14,0,-57000,0.3778,0.37839121772921747,0.0005912177292174414
2024-07-19_01,15,19000,-57000,0.3883,0.39059437590127555,0.0022943759012755693
2024-07-19_01,16,38000,-57000,0.4157,0.3473612431854247,-0.0683387568145753
2024-07-19_01,17,57000,-57000,0.2737,0.3058929293816224,0.03219292938162238
2024-07-19_01,18,76000,-57000,0.3164,0.34352243490219125,0.02712243490219124
2024-07-19_01,19,-76000,-38000,0.277,0.2999476356573487,0.022947635657348697
2024-07-19_01,20,-57000,-38000,0.4039,0.39151191688226317,-0.012388083117736814
2024-07-19_01,21,-38000,-38000,0.3605,0.36314865980230704,0.0026486598023070518
2024-07-19_01,22,-19000,-38000,0.3332,0.3353629970436707,0.002162997043670678
2024-07-19_01,23,0,-38000,0.3238,0.32588196797961433,0.002081967979614352
2024-07-19_01,24,19000,-38000,0.3363,0.3385492242525634,0.0022492242525634087
2024-07-19_01,25,38000,-38000,0.3662,0.3674185330390931,0.0012185330390930837
2024-07-19_01,26,57000,-38000,0.4113,0.39215080015023807,-0.019149199849761933
2024-07-19_01,27,76000,-38000,0.2835,0.28513538761254886,0.0016353876125488886
2024-07-19_01,28,-95000,-19000,0.2962,0.3054652843297119,0.009265284329711854
2024-07-19_01,29,-76000,-19000,0.2052,0.2264761936859131,0.021276193685913103
2024-07-19_01,30,-57000,-19000,0.3699,0.3719844612313232,0.0020844612313232203
2024-07-19_01,31,-38000,-19000,0.324,0.3295090366028748,0.005509036602874773
2024-07-19_01,32,-19000,-19000,0.2952,0.298163628666565,0.002963628666564966
2024-07-19_01,33,0,-19000,0.285,0.2895027862146302,0.004502786214630239
2024-07-19_01,34,19000,-19000,0.2991,0.30222091650589,0.0031209165058900257
2024-07-19_01,35,38000,-19000,0.3305,0.3335573444624633,0.0030573444624633073
2024-07-19_01,36,57000,-19000,0.3799,0.3788451630588989,-0.0010548369411010894
2024-07-19_01,37,76000,-19000,0.21,0.23699444651354984,0.026994446513549847
2024-07-19_01,38,95000,-19000,0.3018,0.33798921913150015,0.03618921913150014
2024-07-19_01,39,-95000,0,0.2978,0.3106379454612732,0.012837945461273204
2024-07-19_01,40,-76000,0,0.4117,0.3712177881749268,-0.04048221182507322
2024-07-19_01,41,-57000,0,0.3523,0.35646661881881714,0.004166618818817136
2024-07-19_01,42,-38000,0,0.3067,0.3084500795075378,0.001750079507537805
2024-07-19_01,43,-19000,0,0.2767,0.27906273830255124,0.002362738302551237
2024-07-19_01,44,19000,0,0.281,0.28561515221737666,0.004615152217376628
2024-07-19_01,45,38000,0,0.3149,0.31622658856103514,0.0013265885610351247
2024-07-19_01,46,57000,0,0.3643,0.36408583202819833,-0.000214167971801682
2024-07-19_01,47,76000,0,0.2064,0.2365784499710084,0.03017844997100841
2024-07-19_01,48,95000,0,0.3028,0.31348369779586793,0.010683697795867919
2024-07-19_01,49,-95000,19000,0.2864,0.29643878760845943,0.010038787608459443
2024-07-19_01,50,-76000,19000,0.4116,0.37562521837417606,-0.03597478162582396
2024-07-19_01,51,-57000,19000,0.3524,0.3544434394726562,0.0020434394726562277
2024-07-19_01,52,-38000,19000,0.3075,0.3092424880656739,0.0017424880656738972
2024-07-19_01,53,-19000,19000,0.2796,0.2824433112962341,0.002843311296234108
2024-07-19_01,54,0,19000,0.2706,0.274824869413147,0.004224869413146981
2024-07-19_01,55,19000,19000,0.2838,0.2862167988982238,0.0024167988982238264
2024-07-19_01,56,38000,19000,0.3161,0.3169473046443787,0.0008473046443787102
2024-07-19_01,57,57000,19000,0.3656,0.36464795133001715,-0.0009520486699828301
2024-07-19_01,58,76000,19000,0.2071,0.2351124282773438,0.028012428277343793
2024-07-19_01,59,95000,19000,0.2929,0.29640782178805547,0.0035078217880554763
2024-07-19_01,60,-76000,38000,0.207,0.2275581453373413,0.02055814533734132
2024-07-19_01,61,-57000,38000,0.3695,0.37095923733792113,0.0014592373379211376
2024-07-19_01,62,-38000,38000,0.3262,0.32815361278408806,0.0019536127840880657
2024-07-19_01,63,-19000,38000,0.2999,0.30219490174813846,0.002294901748138456
2024-07-19_01,64,0,38000,0.2914,0.29307837100045786,0.0016783710004578678
2024-07-19_01,65,19000,38000,0.3045,0.30599078250842293,0.0014907825084229387
2024-07-19_01,66,38000,38000,0.3355,0.33545588831863404,-4.4111681365976985e-05
2024-07-19_01,67,57000,38000,0.3829,0.3819367625846253,-0.0009632374153747403
2024-07-19_01,68,76000,38000,0.2089,0.24886243333160407,0.03996243333160407
2024-07-19_01,69,-76000,57000,0.284,0.30842526121139524,0.024425261211395266
2024-07-19_01,70,-57000,57000,0.4038,0.40210209211160275,-0.0016979078883972432
2024-07-19_01,71,-38000,57000,0.3606,0.3611311582329102,0.0005311582329102227
2024-07-19_01,72,-19000,57000,0.3352,0.3353705395380555,0.00017053953805551414
2024-07-19_01,73,0,57000,0.3271,0.32781152139019776,0.0007115213901977557
2024-07-19_01,74,19000,57000,0.3398,0.3404962600847472,0.0006962600847472133
2024-07-19_01,75,38000,57000,0.3692,0.36749315265371707,-0.0017068473462829026
2024-07-19_01,76,57000,57000,0.4157,0.37518990482269277,-0.04051009517730725
2024-07-19_01,77,76000,57000,0.2882,0.3069758801460265,0.01877588014602649
2024-07-19_01,78,-57000,76000,0.2732,0.3063034550666809,0.03310345506668089
2024-07-19_01,79,-38000,76000,0.4115,0.37614618034460445,-0.035353819655395524
2024-07-19_01,80,-19000,76000,0.3862,0.3873845828293456,0.0011845828293456373
2024-07-19_01,81,0,76000,0.3774,0.37869573621749875,0.001295736217498733
2024-07-19_01,82,19000,76000,0.3902,0.389913180144867,-0.00028681985513301367
2024-07-19_01,83,38000,76000,0.4192,0.3286340666405334,-0.09056593335946661
2024-07-19_01,84,57000,76000,0.277,0.2933618812561034,0.016361881256103383
2024-07-19_01,85,-19000,95000,0.21,0.29142177104287725,0.08142177104287726
2024-07-19_01,86,0,95000,0.2089,0.2913177111625671,0.0824177111625671
2024-07-19_01,87,19000,95000,0.2088,0.2919868503247376,0.08318685032473758
2024-07-19_02,0,-19000,-95000,0.315,0.3181677247649537,0.0031677247649536944
2024-07-19_02,1,0,-95000,0.3276,0.3277756294250489,0.00017562942504889545
2024-07-19_02,2,19000,-95000,0.314,0.33233527505422966,0.01833527505422966
2024-07-19_02,3,-57000,-76000,0.336,0.34113735942840573,0.005137359428405708
2024-07-19_02,4,-38000,-76000,0.2925,0.3078871875451661,0.015387187545166103
2024-07-19_02,5,-19000,-76000,0.2709,0.3051053712277221,0.0342053712277221
2024-07-19_02,6,0,-76000,0.2617,0.22987954303713987,-0.03182045696286012
2024-07-19_02,7,19000,-76000,0.2718,0.2973227179261779,0.02552271792617794
2024-07-19_02,8,38000,-76000,0.2901,0.3084109961028443,0.018310996102844257
2024-07-19_02,9,57000,-76000,0.3253,0.3566311056137086,0.03133110561370861
2024-07-19_02,10,-76000,-57000,0.3281,0.34578610448837277,0.017686104488372767
2024-07-19_02,11,-57000,-57000,0.2756,0.32338279560675054,0.04778279560675053
2024-07-19_02,12,-38000,-57000,0.42,0.3868935765288697,-0.0331064234711303
2024-07-19_02,13,-19000,-57000,0.3937,0.3879975291226807,-0.005702470877319288
2024-07-19_02,14,0,-57000,0.3855,0.3790422183534241,-0.0064577816465759
2024-07-19_02,15,19000,-57000,0.3954,0.3909436196745606,-0.00445638032543938
2024-07-19_02,16,38000,-57000,0.4215,0.3436002047727662,-0.07789979522723378
2024-07-19_02,17,57000,-57000,0.2765,0.2935803946300355,0.017080394630035467
2024-07-19_02,18,76000,-57000,0.3187,0.3461046869277955,0.02740468692779552
2024-07-19_02,19,-76000,-38000,0.2835,0.30945591990234367,0.025955919902343694
2024-07-19_02,20,-57000,-38000,0.4127,0.37859990187942505,-0.03410009812057496
2024-07-19_02,21,-38000,-38000,0.3699,0.36471401289654537,-0.005185987103454637
2024-07-19_02,22,-19000,-38000,0.3426,0.3359875456512451,-0.006612454348754904
2024-07-19_02,23,0,-38000,0.3329,0.32616321457315056,-0.006736785426849412
2024-07-19_02,24,19000,-38000,0.3447,0.33982110413653555,-0.004878895863464461
2024-07-19_02,25,38000,-38000,0.3735,0.36769527740478525,-0.005804722595214751
2024-07-19_02,26,57000,-38000,0.4167,0.41179070925234984,-0.004909290747650175
2024-07-19_02,27,76000,-38000,0.285,0.2884428043707885,0.0034428043707885325
2024-07-19_02,28,-95000,-19000,0.3002,0.3054576875659485,0.005257687565948466
2024-07-19_02,29,-76000,-19000,0.2083,0.21510192964608765,0.00680192964608764
2024-07-19_02,30,-57000,-19000,0.3796,0.37185894790603635,-0.007741052093963641
2024-07-19_02,31,-38000,-19000,0.3345,0.33045176374200436,-0.004048236257995663
2024-07-19_02,32,-19000,-19000,0.3059,0.3002551451347657,-0.005644854865234306
2024-07-19_02,33,0,-19000,0.2953,0.28935812379632564,-0.005941876203674368
2024-07-19_02,34,19000,-19000,0.3087,0.30358668979223635,-0.005113310207763622
2024-07-19_02,35,38000,-19000,0.3391,0.332750302451416,-0.006349697548583999
2024-07-19_02,36,57000,-19000,0.3866,0.379195385131073,-0.0074046148689270175
2024-07-19_02,37,76000,-19000,0.2092,0.22104815946694956,0.01184815946694956
2024-07-19_02,38,95000,-19000,0.3051,0.33443394886892697,0.029333948868926984
2024-07-19_02,39,-95000,0,0.3063,0.324413317489624,0.01811331748962397
2024-07-19_02,40,-76000,0,0.4212,0.35821200544281007,-0.06298799455718995
2024-07-19_02,41,-57000,0,0.3625,0.35738900325393685,-0.0051109967460631345
2024-07-19_02,42,-38000,0,0.318,0.311626316834259,-0.006373683165740995
2024-07-19_02,43,-19000,0,0.288,0.28101261047872916,-0.006987389521270815
2024-07-19_02,44,19000,0,0.2915,0.2856453699874877,-0.005854630012512296
2024-07-19_02,45,38000,0,0.3243,0.3171799367503356,-0.0071200632496643546
2024-07-19_02,46,57000,0,0.3716,0.3654001689672852,-0.006199831032714764
2024-07-19_02,47,76000,0,0.2078,0.23389226131066887,0.026092261310668857
2024-07-19_02,48,95000,0,0.3053,0.32981433076858524,0.024514330768585224
2024-07-19_02,49,-95000,19000,0.2939,0.3073048405220947,0.01340484052209473
2024-07-19_02,50,-76000,19000,0.2051,0.3397750195657959,0.13467501956579592
2024-07-19_02,51,-57000,19000,0.3626,0.35647755434097284,-0.0061224456590271426
2024-07-19_02,52,-38000,19000,0.318,0.3116307998036194,-0.006369200196380598
2024-07-19_02,53,-19000,19000,0.2902,0.28559833138385016,-0.0046016686161498566
2024-07-19_02,54,0,19000,0.2813,0.27287785779476925,-0.008422142205230743
2024-07-19_02,55,19000,19000,0.2935,0.2867474133861083,-0.006752586613891665
2024-07-19_02,56,38000,19000,0.3247,0.3159690585240784,-0.008730941475921572
2024-07-19_02,57,57000,19000,0.3723,0.36604746153048695,-0.006252538469513069
2024-07-19_02,58,76000,19000,0.2081,0.24069286725933847,0.032592867259338465
2024-07-19_02,59,95000,19000,0.2962,0.3142574722008973,0.018057472200897262
2024-07-19_02,60,-76000,38000,0.2089,0.2252797853558961,0.016379785355896098
2024-07-19_02,61,-57000,38000,0.38,0.3758133958383789,-0.004186604161621088
2024-07-19_02,62,-38000,38000,0.3367,0.3296719047475891,-0.007028095252410882
2024-07-19_02,63,-19000,38000,0.3106,0.3041340492433777,-0.006465950756622263
2024-07-19_02,64,0,38000,0.3017,0.2942117036233216,-0.007488296376678416
2024-07-19_02,65,19000,38000,0.314,0.3086653043254395,-0.005334695674560519
2024-07-19_02,66,38000,38000,0.3433,0.33759354564709465,-0.0057064543529053435
2024-07-19_02,67,57000,38000,0.389,0.3826792660031433,-0.006320733996856731
2024-07-19_02,68,76000,38000,0.2653,0.26074333947827144,-0.004556660521728539
2024-07-19_02,69,-76000,57000,0.2967,0.306679996585846,0.009979996585845974
2024-07-19_02,70,-57000,57000,0.4146,0.4211151852984618,0.00651518529846179
2024-07-19_02,71,-38000,57000,0.3701,0.36193983519702155,-0.008160164802978431
2024-07-19_02,72,-19000,57000,0.345,0.3374653351315613,-0.0075346648684386786
2024-07-19_02,73,0,57000,0.3362,0.32837482957067876,-0.007825170429321238
2024-07-19_02,74,19000,57000,0.3477,0.3427926973522033,-0.0049073026477967074
2024-07-19_02,75,38000,57000,0.3759,0.3706111903310241,-0.005288809668975936
2024-07-19_02,76,57000,57000,0.4213,0.36813718241079707,-0.05316281758920294
2024-07-19_02,77,76000,57000,0.2925,0.29905291309356685,0.00655291309356687
2024-07-19_02,78,-57000,76000,0.2845,0.3258178559303284,0.04131785593032844
2024-07-19_02,79,-38000,76000,0.4214,0.3459381431707458,-0.07546185682925421
2024-07-19_02,80,-19000,76000,0.3953,0.3864131451498718,-0.00888685485012819
2024-07-19_02,81,0,76000,0.3857,0.37870927324295045,-0.006990726757049537
2024-07-19_02,82,19000,76000,0.3972,0.3903019843524169,-0.006898015647583078
2024-07-19_02,83,38000,76000,0.2057,0.3073255792066041,0.10162557920660409
2024-07-19_02,84,57000,76000,0.2817,0.2882405709266662,0.0065405709266662115
2024-07-19_02,85,-19000,95000,0.27,0.28056319315905753,0.010563193159057516
2024-07-19_02,86,0,95000,0.2704,0.3018202947616577,0.03142029476165775
2024-07-19_02,87,19000,95000,0.2704,0.2808142826781006,0.010414282678100628
2024-07-19_03,0,-19000,-95000,0.3168,0.3225393071357421,0.0057393071357420555
2024-07-19_03,1,0,-95000,0.3318,0.3269858082771302,-0.004814191722869787
2024-07-19_03,2,19000,-95000,0.3168,0.3124881188311768,-0.0043118811688232506
2024-07-19_03,3,-57000,-76000,0.3419,0.3409273390769958,-0.0009726609230041872
2024-07-19_03,4,-38000,-76000,0.2925,0.2843915512387085,-0.008108448761291465
2024-07-19_03,5,-19000,-76000,0.2728,0.2976493583554076,0.024849358355407636
2024-07-19_03,6,0,-76000,0.2634,0.2472520137798766,-0.016147986220123423
2024-07-19_03,7,19000,-76000,0.2728,0.2783610287695617,0.0055610287695617155
2024-07-19_03,8,38000,-76000,0.2906,0.2921381020261231,0.0015381020261230893
2024-07-19_03,9,57000,-76000,0.3281,0.32564213094711314,-0.002457869052886863
2024-07-19_03,10,-76000,-57000,0.3346,0.3028326396942138,-0.031767360305786196
2024-07-19_03,11,-57000,-57000,0.2775,0.2715943001489258,-0.005905699851074198
2024-07-19_03,12,-38000,-57000,0.4205,0.2899665337151185,-0.1305334662848815
2024-07-19_03,13,-19000,-57000,0.3939,0.395829699052185,0.001929699052185041
2024-07-19_03,14,0,-57000,0.3855,0.3862531258111268,0.000753125811126798
2024-07-19_03,15,19000,-57000,0.3955,0.39635487155511484,0.0008548715551148223
2024-07-19_03,16,38000,-57000,0.2041,0.2559579259253235,0.05185792592532351
2024-07-19_03,17,57000,-57000,0.2775,0.2892901640124512,0.011790164012451199
2024-07-19_03,18,76000,-57000,0.3225,0.3232292157173158,0.0007292157173157676
2024-07-19_03,19,-76000,-38000,0.2859,0.27400841834054557,-0.01189158165945442
2024-07-19_03,20,-57000,-38000,0.4132,0.3110683951697082,-0.10213160483029182
2024-07-19_03,21,-38000,-38000,0.3699,0.3682376296822816,-0.0016623703177184312
2024-07-19_03,22,-19000,-38000,0.342,0.34261555654177855,0.000615556541778528
2024-07-19_03,23,0,-38000,0.3324,0.33413273578341673,0.0017327357834167612
2024-07-19_03,24,19000,-38000,0.3445,0.346812802985321,0.0023128029853210497
2024-07-19_03,25,38000,-38000,0.3736,0.37425252017974864,0.0006525201797486502
2024-07-19_03,26,57000,-38000,0.4172,0.31666600016210933,-0.10053399983789069
2024-07-19_03,27,76000,-38000,0.2864,0.27490065305157474,-0.011499346948425249
2024-07-19_03,28,-95000,-19000,0.3018,0.30602506009436037,0.004225060094360356
2024-07-19_03,29,-76000,-19000,0.2082,0.21586986603036495,0.007669866030364958
2024-07-19_03,30,-57000,-19000,0.3798,0.3800427556746522,0.00024275567465215087
2024-07-19_03,31,-38000,-19000,0.3342,0.33595910439843757,0.001759104398437572
2024-07-19_03,32,-19000,-19000,0.305,0.30676126700756834,0.0017612670075683456
2024-07-19_03,33,0,-19000,0.2945,0.297148025972229,0.002648025972229018
2024-07-19_03,34,19000,-19000,0.3081,0.31116849762402343,0.0030684976240234474
2024-07-19_03,35,38000,-19000,0.3388,0.3400441556896667,0.0012441556896667372
2024-07-19_03,36,57000,-19000,0.3866,0.3853354221041565,-0.0012645778958434994
2024-07-19_03,37,76000,-19000,0.2089,0.22553640729754632,0.016636407297546313
2024-07-19_03,38,95000,-19000,0.3072,0.3105134469326476,0.0033134469326476235
2024-07-19_03,39,-95000,0,0.3098,0.3026591982841492,-0.0071408017158507975
2024-07-19_03,40,-76000,0,0.2036,0.27656723049176024,0.07296723049176024
2024-07-19_03,41,-57000,0,0.3627,0.3643510374638672,0.0016510374638671887
2024-07-19_03,42,-38000,0,0.3173,0.31979413068286133,0.0024941306828613063
2024-07-19_03,43,-19000,0,0.2873,0.2897386790611878,0.0024386790611877762
2024-07-19_03,44,19000,0,0.2909,0.2932208199580688,0.0023208199580688205
2024-07-19_03,45,38000,0,0.3238,0.3269982974735717,0.0031982974735716985
2024-07-19_03,46,57000,0,0.3718,0.373599685711975,0.0017996857119749743
2024-07-19_03,47,76000,0,0.2081,0.19384675964465337,-0.014253240355346641
2024-07-19_03,48,95000,0,0.3079,0.30059271984100344,-0.007307280158996565
2024-07-19_03,49,-95000,19000,0.2948,0.31367411405505374,0.018874114055053737
2024-07-19_03,50,-76000,19000,0.2049,0.26473141405374145,0.059831414053741455
2024-07-19_03,51,-57000,19000,0.3626,0.36405515033782954,0.0014551503378295583
2024-07-19_03,52,-38000,19000,0.3179,0.31987721781274403,0.0019772178127440143
2024-07-19_03,53,-19000,19000,0.2899,0.2916795043623046,0.001779504362304618
2024-07-19_03,54,0,19000,0.2807,0.28327102376129143,0.0025710237612914244
2024-07-19_03,55,19000,19000,0.2934,0.2963489492203675,0.0029489492203674805
2024-07-19_03,56,38000,19000,0.3248,0.32751876275491343,0.0027187627549134508
2024-07-19_03,57,57000,19000,0.3726,0.3754538432437744,0.002853843243774412
2024-07-19_03,58,76000,19000,0.209,0.2023772895302125,-0.0066227104697874906
2024-07-19_03,59,95000,19000,0.2985,0.292564452234253,-0.005935547765747007
2024-07-19_03,60,-76000,38000,0.2089,0.20863565324295041,-0.0002643467570495883
2024-07-19_03,61,-57000,38000,0.3801,0.3813652166732482,0.0012652166732481929
2024-07-19_03,62,-38000,38000,0.3365,0.3367310226012268,0.00023102260122676022
2024-07-19_03,63,-19000,38000,0.3103,0.31109639446856696,0.0007963944685669411
2024-07-19_03,64,0,38000,0.3017,0.3040325288680725,0.002332528868072503
2024-07-19_03,65,19000,38000,0.3141,0.31828598929037466,0.00418598929037467
2024-07-19_03,66,38000,38000,0.3437,0.34657641701913455,0.0028764170191345473
2024-07-19_03,67,57000,38000,0.3897,0.39134317154360954,0.001643171543609545
2024-07-19_03,68,76000,38000,0.2685,0.23442552186248777,-0.03407447813751224
2024-07-19_03,69,-76000,57000,0.2995,0.2836523387908936,-0.015847661209106412
2024-07-19_03,70,-57000,57000,0.4157,0.30902521639099123,-0.10667478360900878
2024-07-19_03,71,-38000,57000,0.3706,0.37126722373092647,0.0006672237309264806
2024-07-19_03,72,-19000,57000,0.3453,0.3460615334121093,0.0007615334121093276
2024-07-19_03,73,0,57000,0.3369,0.33856087636114496,0.0016608763611449806
2024-07-19_03,74,19000,57000,0.3486,0.34954560556140146,0.0009456055614014414
2024-07-19_03,75,38000,57000,0.377,0.37695757908639527,-4.242091360473488e-05
2024-07-19_03,76,57000,57000,0.2057,0.30239688766772455,0.09669688766772455
2024-07-19_03,77,76000,57000,0.296,0.3109176507949829,0.014917650794982917
2024-07-19_03,78,-57000,76000,0.2887,0.298462006855011,0.009762006855010996
2024-07-19_03,79,-38000,76000,0.2057,0.27843510366201785,0.07273510366201785
2024-07-19_03,80,-19000,76000,0.3968,0.39354542640914913,-0.003254573590850851
2024-07-19_03,81,0,76000,0.3873,0.3867885040283203,-0.0005114959716796541
2024-07-19_03,82,19000,76000,0.3993,0.3967609867502746,-0.002539013249725386
2024-07-19_03,83,38000,76000,0.207,0.23170522083581546,0.024705220835815472
2024-07-19_03,84,57000,76000,0.2859,0.2689825645446777,-0.01691743545532226
2024-07-19_03,85,-19000,95000,0.2742,0.26106167516113277,-0.013138324838867232
2024-07-19_03,86,0,95000,0.277,0.23704649677276612,-0.0399535032272339
2024-07-19_03,87,19000,95000,0.2775,0.254858059242981,-0.02264194075701903
2024-07-19_04,0,-19000,-95000,0.3234,0.4214591051215515,0.09805910512155147
2024-07-19_04,1,0,-95000,0.341,0.39907168226242073,0.05807168226242071
2024-07-19_04,2,19000,-95000,0.3229,0.42914576431472784,0.10624576431472782
2024-07-19_04,3,-57000,-76000,0.35,0.4361564947128296,0.0861564947128296
2024-07-19_04,4,-38000,-76000,0.2964,0.3862405568241578,0.08984055682415781
2024-07-19_04,5,-19000,-76000,0.2779,0.3894228694044799,0.11152286940447992
2024-07-19_04,6,0,-76000,0.2709,0.3469762680761719,0.0760762680761719
2024-07-19_04,7,19000,-76000,0.2779,0.39305544483343513,0.11515544483343515
2024-07-19_04,8,38000,-76000,0.2953,0.3888266818591004,0.0935266818591004
2024-07-19_04,9,57000,-76000,0.3377,0.4461704878807067,0.10847048788070668
2024-07-19_04,10,-76000,-57000,0.3412,0.43515966663360595,0.09395966663360594
2024-07-19_04,11,-57000,-57000,0.2821,0.3942858302885437,0.11218583028854368
2024-07-19_04,12,-38000,-57000,0.2052,0.4303550119169921,0.2251550119169921
2024-07-19_04,13,-19000,-57000,0.4011,0.392223911900238,-0.008876088099762036
2024-07-19_04,14,0,-57000,0.3925,0.38018440413653565,-0.012315595863464368
2024-07-19_04,15,19000,-57000,0.4025,0.3943330033110657,-0.008166996688934336
2024-07-19_04,16,38000,-57000,0.2075,0.3970876056697692,0.1895876056697692
2024-07-19_04,17,57000,-57000,0.2821,0.4037434667797546,0.12164346677975457
2024-07-19_04,18,76000,-57000,0.3323,0.4416361837387084,0.1093361837387084
2024-07-19_04,19,-76000,-38000,0.2892,0.3697605938619385,0.08056059386193848
2024-07-19_04,20,-57000,-38000,0.4204,0.418743860995636,-0.00165613900436401
2024-07-19_04,21,-38000,-38000,0.3773,0.36753096896148674,-0.009769031038513287
2024-07-19_04,22,-19000,-38000,0.3497,0.34082910977459724,-0.008870890225402772
2024-07-19_04,23,0,-38000,0.3401,0.3296854115357666,-0.010414588464233432
2024-07-19_04,24,19000,-38000,0.352,0.33951399235269175,-0.012486007647308228
2024-07-19_04,25,38000,-38000,0.3809,0.3704938082695006,-0.010406191730499392
2024-07-19_04,26,57000,-38000,0.2057,0.3765931243746643,0.1708931243746643
2024-07-19_04,27,76000,-38000,0.2906,0.38755822026412967,0.09695822026412965
2024-07-19_04,28,-95000,-19000,0.3051,0.3584875943595581,0.053387594359558144
2024-07-19_04,29,-76000,-19000,0.2089,0.35081687046737675,0.14191687046737675
2024-07-19_04,30,-57000,-19000,0.3877,0.37145994603973387,-0.01624005396026612
2024-07-19_04,31,-38000,-19000,0.3423,0.32901638179071035,-0.013283618209289638
2024-07-19_04,32,-19000,-19000,0.3134,0.30056830163928216,-0.012831698360717847
2024-07-19_04,33,0,-19000,0.3026,0.2939180007252198,-0.008681999274780194
2024-07-19_04,34,19000,-19000,0.3162,0.30164908008056646,-0.014550919919433525
2024-07-19_04,35,38000,-19000,0.3468,0.3329926412607116,-0.0138073587392884
2024-07-19_04,36,57000,-19000,0.3944,0.3837953392218323,-0.010604660778167685
2024-07-19_04,37,76000,-19000,0.2685,0.3458603538912963,0.07736035389129631
2024-07-19_04,38,95000,-19000,0.3131,0.4186256860941773,0.10552568609417728
2024-07-19_04,39,-95000,0,0.3159,0.3499965183258057,0.03409651832580568
2024-07-19_04,40,-76000,0,0.2071,0.4058990650800781,0.1987990650800781
2024-07-19_04,41,-57000,0,0.3706,0.3589777059351197,-0.0116222940648803
2024-07-19_04,42,-38000,0,0.3258,0.3178081801046142,-0.007991819895385777
2024-07-19_04,43,-19000,0,0.296,0.2846292729687805,-0.011370727031219496
2024-07-19_04,44,19000,0,0.2995,0.2848160192622986,-0.014683980737701385
2024-07-19_04,45,38000,0,0.3324,0.32454115253732296,-0.00785884746267701
2024-07-19_04,46,57000,0,0.3798,0.3674296610335388,-0.012370338966461225
2024-07-19_04,47,76000,0,0.21,0.29145275225054923,0.08145275225054924
2024-07-19_04,48,95000,0,0.3145,0.4189577261924744,0.1044577261924744
2024-07-19_04,49,-95000,19000,0.3,0.3758909542831421,0.07589095428314213
2024-07-19_04,50,-76000,19000,0.208,0.3749808628262329,0.1669808628262329
2024-07-19_04,51,-57000,19000,0.3709,0.3595440300252991,-0.011355969974700897
2024-07-19_04,52,-38000,19000,0.3267,0.3189973392139587,-0.007702660786041315
2024-07-19_04,53,-19000,19000,0.2988,0.28729989421868907,-0.011500105781310943
2024-07-19_04,54,0,19000,0.2899,0.2739379646990967,-0.015962035300903288
2024-07-19_04,55,19000,19000,0.3022,0.2945157223733521,-0.007684277626647917
2024-07-19_04,56,38000,19000,0.3335,0.3219455542998353,-0.011554445700164728
2024-07-19_04,57,57000,19000,0.3808,0.3674266419968566,-0.013373358003143432
2024-07-19_04,58,76000,19000,0.2091,0.30060727629763795,0.09150727629763794
2024-07-19_04,59,95000,19000,0.3035,0.3628983152406007,0.059398315240600685
2024-07-19_04,60,-76000,38000,0.2681,0.3056788184649658,0.0375788184649658
2024-07-19_04,61,-57000,38000,0.3883,0.3755426344432067,-0.012757365556793299
2024-07-19_04,62,-38000,38000,0.3451,0.3323903438929443,-0.012709656107055711
2024-07-19_04,63,-19000,38000,0.3195,0.3027622426140748,-0.0167377573859252
2024-07-19_04,64,0,38000,0.3108,0.2973060573180848,-0.013493942681915227
2024-07-19_04,65,19000,38000,0.323,0.31190032673712165,-0.011099673262878362
2024-07-19_04,66,38000,38000,0.3523,0.34307264297262563,-0.009227357027374372
2024-07-19_04,67,57000,38000,0.3977,0.3836554310356446,-0.014044568964355408
2024-07-19_04,68,76000,38000,0.2756,0.3482511096654053,0.07265110966540528
2024-07-19_04,69,-76000,57000,0.3053,0.3898082209587097,0.08450822095870969
2024-07-19_04,70,-57000,57000,0.205,0.43231645829095466,0.22731645829095468
2024-07-19_04,71,-38000,57000,0.379,0.3602560984676819,-0.018743901532318086
2024-07-19_04,72,-19000,57000,0.3539,0.3436295610198974,-0.010270438980102603
2024-07-19_04,73,0,57000,0.3454,0.3316633683429566,-0.013736631657043363
2024-07-19_04,74,19000,57000,0.357,0.34308609047839345,-0.013913909521606538
2024-07-19_04,75,38000,57000,0.3852,0.37772987951333614,-0.007470120486663845
2024-07-19_04,76,57000,57000,0.208,0.41425916771044924,0.20625916771044925
2024-07-19_04,77,76000,57000,0.3009,0.3821576095581054,0.0812576095581054
2024-07-19_04,78,-57000,76000,0.2948,0.4175932837486267,0.12279328374862669
2024-07-19_04,79,-38000,76000,0.2085,0.3883373224013671,0.1798373224013671
2024-07-19_04,80,-19000,76000,0.405,0.38449717225915525,-0.020502827740844776
2024-07-19_04,81,0,76000,0.3956,0.3832758136749268,-0.012324186325073205
2024-07-19_04,82,19000,76000,0.4073,0.39120791359875495,-0.016092086401245043
2024-07-19_04,83,38000,76000,0.209,0.3540706760091248,0.1450706760091248
2024-07-19_04,84,57000,76000,0.2976,0.34134773979187005,0.04374773979187008
2024-07-19_04,85,-19000,95000,0.2812,0.37173892380725093,0.09053892380725093
2024-07-19_04,86,0,95000,0.2835,0.3815782137870789,0.09807821378707893
2024-07-19_04,87,19000,95000,0.2821,0.3329325314118958,0.05083253141189581
2024-07-19_05,0,-19000,-95000,0.3225,0.36533820924581906,0.04283820924581905
2024-07-19_05,1,0,-95000,0.3419,0.3703110438346864,0.0284110438346864
2024-07-19_05,2,19000,-95000,0.3225,0.3623657535987548,0.03986575359875477
2024-07-19_05,3,-57000,-76000,0.3484,0.4093781906127929,0.060978190612792915
2024-07-19_05,4,-38000,-76000,0.2967,0.33192785681674186,0.03522785681674184
2024-07-19_05,5,-19000,-76000,0.2784,0.32246066128103634,0.04406066128103636
2024-07-19_05,6,0,-76000,0.2704,0.27714824810726935,0.006748248107269372
2024-07-19_05,7,19000,-76000,0.2784,0.31706358566772463,0.038663585667724654
2024-07-19_05,8,38000,-76000,0.2957,0.34464853359118663,0.048948533591186616
2024-07-19_05,9,57000,-76000,0.3402,0.3699416308403014,0.029741630840301403
2024-07-19_05,10,-76000,-57000,0.341,0.36051674661636346,0.019516746616363434
2024-07-19_05,11,-57000,-57000,0.2821,0.32911908873205564,0.047019088732055625
2024-07-19_05,12,-38000,-57000,0.2061,0.37745049709973144,0.17135049709973144
2024-07-19_05,13,-19000,-57000,0.4014,0.39423913487591555,-0.007160865124084426
2024-07-19_05,14,0,-57000,0.393,0.3867934935642394,-0.006206506435760595
2024-07-19_05,15,19000,-57000,0.4032,0.39917672795095815,-0.004023272049041848
2024-07-19_05,16,38000,-57000,0.2071,0.37311301339984126,0.16601301339984126
2024-07-19_05,17,57000,-57000,0.2831,0.32862481568899526,0.045524815688995246
2024-07-19_05,18,76000,-57000,0.3342,0.35813752698898305,0.02393752698898305
2024-07-19_05,19,-76000,-38000,0.2896,0.32942411728686527,0.039824117286865246
2024-07-19_05,20,-57000,-38000,0.4208,0.37406894078469843,-0.046731059215301574
2024-07-19_05,21,-38000,-38000,0.3776,0.3707115526777953,-0.006888447322204672
2024-07-19_05,22,-19000,-38000,0.3501,0.34439221622695926,-0.005707783773040764
2024-07-19_05,23,0,-38000,0.3405,0.33295500271121226,-0.007544997288787769
2024-07-19_05,24,19000,-38000,0.3528,0.34612400787191766,-0.006675992128082342
2024-07-19_05,25,38000,-38000,0.3819,0.3752848892211913,-0.006615110778808719
2024-07-19_05,26,57000,-38000,0.2052,0.40476693965560906,0.19956693965560907
2024-07-19_05,27,76000,-38000,0.2915,0.32141868020931996,0.02991868020931998
2024-07-19_05,28,-95000,-19000,0.3056,0.34685294001766964,0.04125294001766966
2024-07-19_05,29,-76000,-19000,0.2082,0.2703484334643249,0.062148433464324915
2024-07-19_05,30,-57000,-19000,0.3881,0.380572496462799,-0.007527503537200997
2024-07-19_05,31,-38000,-19000,0.3425,0.33614872527795403,-0.006351274722045996
2024-07-19_05,32,-19000,-19000,0.3137,0.30809645676666264,-0.005603543233337338
2024-07-19_05,33,0,-19000,0.3029,0.29608158060363765,-0.006818419396362352
2024-07-19_05,34,19000,-19000,0.3169,0.3096157548853149,-0.007284245114685117
2024-07-19_05,35,38000,-19000,0.3476,0.3415699434526063,-0.006030056547393747
2024-07-19_05,36,57000,-19000,0.3952,0.38652681041262826,-0.008673189587371732
2024-07-19_05,37,76000,-19000,0.27,0.2986572385906068,0.02865723859060676
2024-07-19_05,38,95000,-19000,0.314,0.35975334024560546,0.045753340245605456
2024-07-19_05,39,-95000,0,0.3164,0.3618869032859803,0.04548690328598026
2024-07-19_05,40,-76000,0,0.2071,0.3671001421088257,0.16000014210882568
2024-07-19_05,41,-57000,0,0.3713,0.36504925316036985,-0.006250746839630172
2024-07-19_05,42,-38000,0,0.3263,0.3176654347341308,-0.008634565265869198
2024-07-19_05,43,-19000,0,0.2963,0.28889385222387687,-0.00740614777612314
2024-07-19_05,44,19000,0,0.3,0.29457709716378777,-0.005422902836212218
2024-07-19_05,45,38000,0,0.3331,0.3268235493297118,-0.006276450670288203
2024-07-19_05,46,57000,0,0.3809,0.37295919490090945,-0.007940805099090564
2024-07-19_05,47,76000,0,0.2093,0.2587086575810853,0.049408657581085286
2024-07-19_05,48,95000,0,0.3159,0.3634747327804566,0.0475747327804566
2024-07-19_05,49,-95000,19000,0.2985,0.33429487144540404,0.03579487144540405
2024-07-19_05,50,-76000,19000,0.208,0.3419403598643188,0.13394035986431882
2024-07-19_05,51,-57000,19000,0.3715,0.3650652360251465,-0.006434763974853486
2024-07-19_05,52,-38000,19000,0.3274,0.32201872129278564,-0.0053812787072143875
2024-07-19_05,53,-19000,19000,0.2995,0.28769264698910524,-0.01180735301089475
2024-07-19_05,54,0,19000,0.2905,0.28215730008859263,-0.008342699911407347
2024-07-19_05,55,19000,19000,0.3031,0.2948032390670776,-0.008296760932922365
2024-07-19_05,56,38000,19000,0.3343,0.32817793579113763,-0.0061220642088623545
2024-07-19_05,57,57000,19000,0.3821,0.3722108161171569,-0.0098891838828431
2024-07-19_05,58,76000,19000,0.21,0.25908902893371577,0.04908902893371578
2024-07-19_05,59,95000,19000,0.3042,0.3255429761393127,0.021342976139312686
2024-07-19_05,60,-76000,38000,0.2676,0.2880172695258484,0.02041726952584838
2024-07-19_05,61,-57000,38000,0.3888,0.37820725332687377,-0.010592746673126208
2024-07-19_05,62,-38000,38000,0.346,0.33807838808065793,-0.007921611919342042
2024-07-19_05,63,-19000,38000,0.32,0.31233343864004515,-0.00766656135995486
2024-07-19_05,64,0,38000,0.3117,0.3026399825434265,-0.009060017456573477
2024-07-19_05,65,19000,38000,0.324,0.3175915054915466,-0.006408494508453433
2024-07-19_05,66,38000,38000,0.3533,0.34476123131243885,-0.008538768687561149
2024-07-19_05,67,57000,38000,0.399,0.39225193100201405,-0.006748068997985968
2024-07-19_05,68,76000,38000,0.276,0.2884326668572692,0.012432666857269181
2024-07-19_05,69,-76000,57000,0.3042,0.3219614194869995,0.017761419486999497
2024-07-19_05,70,-57000,57000,0.2057,0.38598169558563233,0.18028169558563234
2024-07-19_05,71,-38000,57000,0.3796,0.3696174698645325,-0.009982530135467516
2024-07-19_05,72,-19000,57000,0.3547,0.34551937947174083,-0.009180620528259187
2024-07-19_05,73,0,57000,0.3465,0.3368311758844911,-0.0096688241155089
2024-07-19_05,74,19000,57000,0.3583,0.3500527929569701,-0.008247207043029892
2024-07-19_05,75,38000,57000,0.3866,0.3782798507554932,-0.008320149244506803
2024-07-19_05,76,57000,57000,0.2082,0.39934475933242797,0.19114475933242797
2024-07-19_05,77,76000,57000,0.3023,0.3477402383804322,0.04544023838043221
2024-07-19_05,78,-57000,76000,0.2936,0.3186776207923889,0.0250776207923889
2024-07-19_05,79,-38000,76000,0.2078,0.3567717003918762,0.1489717003918762
2024-07-19_05,80,-19000,76000,0.4051,0.391210022608551,-0.013889977391449038
2024-07-19_05,81,0,76000,0.3962,0.38552182607650753,-0.010678173923492462
2024-07-19_05,82,19000,76000,0.4084,0.39508753768011484,-0.013312462319885143
2024-07-19_05,83,38000,76000,0.2072,0.3185196848955689,0.11131968489556893
2024-07-19_05,84,57000,76000,0.2925,0.3018866235733033,0.009386623573303332
2024-07-19_05,85,-19000,95000,0.2793,0.2999022516434936,0.020602251643493608
2024-07-19_05,86,0,95000,0.2831,0.2761868803977966,-0.006913119602203421
2024-07-19_05,87,19000,95000,0.2817,0.29559077474526974,0.01389077474526973
2024-07-19_06,0,-19000,-95000,0.3248,0.32892206710269156,0.0041220671026915845
2024-07-19_06,1,0,-95000,0.3446,0.34942113914489736,0.004821139144897346
2024-07-19_06,2,19000,-95000,0.3243,0.34529378873443606,0.02099378873443608
2024-07-19_06,3,-57000,-76000,0.3495,0.3461409641265869,-0.0033590358734130743
2024-07-19_06,4,-38000,-76000,0.2981,0.29351117040716557,-0.004588829592834409
2024-07-19_06,5,-19000,-76000,0.2798,0.2773169316072692,-0.0024830683927307695
2024-07-19_06,6,0,-76000,0.2728,0.27357815509796146,0.0007781550979614749
2024-07-19_06,7,19000,-76000,0.2812,0.272573412044983,-0.008626587955017029
2024-07-19_06,8,38000,-76000,0.2967,0.3102124196811218,0.013512419681121768
2024-07-19_06,9,57000,-76000,0.341,0.3602733138084411,0.01927331380844105
2024-07-19_06,10,-76000,-57000,0.3421,0.345092458820343,0.0029924588203429914
2024-07-19_06,11,-57000,-57000,0.284,0.2948157384360046,0.01081573843600464
2024-07-19_06,12,-38000,-57000,0.2065,0.21235741624987803,0.005857416249878039
2024-07-19_06,13,-19000,-57000,0.4037,0.40392356400399776,0.000223564003997756
2024-07-19_06,14,0,-57000,0.3954,0.39386480744024666,-0.0015351925597533178
2024-07-19_06,15,19000,-57000,0.4056,0.4063099034247437,0.0007099034247436964
2024-07-19_06,16,38000,-57000,0.2081,0.21484607524841315,0.0067460752484131414
2024-07-19_06,17,57000,-57000,0.2845,0.3022607011230469,0.01776070112304695
2024-07-19_06,18,76000,-57000,0.336,0.3467113497734069,0.010711349773406875
2024-07-19_06,19,-76000,-38000,0.2915,0.29652323401550285,0.005023234015502864
2024-07-19_06,20,-57000,-38000,0.2049,0.37406353885479726,0.16916353885479726
2024-07-19_06,21,-38000,-38000,0.3802,0.3799947689921874,-0.00020523100781255632
2024-07-19_06,22,-19000,-38000,0.3524,0.35433492930929567,0.0019349293092956743
2024-07-19_06,23,0,-38000,0.3429,0.3449503331300965,0.0020503331300965044
2024-07-19_06,24,19000,-38000,0.3551,0.35515423144409186,5.423144409183456e-05
2024-07-19_06,25,38000,-38000,0.3843,0.38470490007400504,0.00040490007400506567
2024-07-19_06,26,57000,-38000,0.2071,0.23778983769485484,0.030689837694854838
2024-07-19_06,27,76000,-38000,0.2927,0.29815642729193126,0.005456427291931243
2024-07-19_06,28,-95000,-19000,0.3065,0.3112199697535095,0.004719969753509523
2024-07-19_06,29,-76000,-19000,0.2625,0.23699352199832158,-0.025506478001678434
2024-07-19_06,30,-57000,-19000,0.3908,0.38988596914230356,-0.000914030857696424
2024-07-19_06,31,-38000,-19000,0.3453,0.3459459447609863,0.0006459447609862834
2024-07-19_06,32,-19000,-19000,0.3162,0.31663828911590586,0.0004382891159058766
2024-07-19_06,33,0,-19000,0.3057,0.30870081411038197,0.003000814110381944
2024-07-19_06,34,19000,-19000,0.3197,0.3202496479584962,0.0005496479584962133
2024-07-19_06,35,38000,-19000,0.3503,0.3507319441279908,0.00043194412799080206
2024-07-19_06,36,57000,-19000,0.3982,0.3979924863575135,-0.00020751364248650095
2024-07-19_06,37,76000,-19000,0.2728,0.267579545431488,-0.005220454568512001
2024-07-19_06,38,95000,-19000,0.3168,0.3339542681382446,0.017154268138244555
2024-07-19_06,39,-95000,0,0.3178,0.34428408536911015,0.026484085369110122
2024-07-19_06,40,-76000,0,0.2079,0.23067177807983397,0.022771778079833965
2024-07-19_06,41,-57000,0,0.3741,0.3723902022181702,-0.0017097977818297805
2024-07-19_06,42,-38000,0,0.329,0.3307772849487305,0.0017772849487304732
2024-07-19_06,43,-19000,0,0.2991,0.2997885128772584,0.000688512877258407
2024-07-19_06,44,19000,0,0.3033,0.30373601987902843,0.0004360198790284153
2024-07-19_06,45,38000,0,0.3364,0.33550938659362783,-0.0008906134063721427
2024-07-19_06,46,57000,0,0.3841,0.3815854302695312,-0.0025145697304688186
2024-07-19_06,47,76000,0,0.21,0.21698569982879645,0.00698569982879646
2024-07-19_06,48,95000,0,0.3187,0.32154430551528934,0.002844305515289358
2024-07-19_06,49,-95000,19000,0.2995,0.30053419783148194,0.0010341978314819533
2024-07-19_06,50,-76000,19000,0.209,0.2021310082901917,-0.0068689917098082864
2024-07-19_06,51,-57000,19000,0.3743,0.37487405109436045,0.0005740510943604282
2024-07-19_06,52,-38000,19000,0.3304,0.33072542987066655,0.00032542987066652707
2024-07-19_06,53,-19000,19000,0.3028,0.30262007595593254,-0.00017992404406746987
2024-07-19_06,54,0,19000,0.2938,0.2930043514455567,-0.0007956485544433067
2024-07-19_06,55,19000,19000,0.3065,0.3065847053489379,8.470534893789683e-05
2024-07-19_06,56,38000,19000,0.3379,0.3383256943168029,0.0004256943168029492
2024-07-19_06,57,57000,19000,0.3855,0.38563093891693123,0.0001309389169312225
2024-07-19_06,58,76000,19000,0.2089,0.2149331409348756,0.006033140934875586
2024-07-19_06,59,95000,19000,0.3056,0.29470807277545163,-0.010891927224548348
2024-07-19_06,60,-76000,38000,0.2704,0.26182872767230214,-0.008571272327697832
2024-07-19_06,61,-57000,38000,0.392,0.3946928636353455,0.0026928636353454882
2024-07-19_06,62,-38000,38000,0.3495,0.3503884776657715,0.0008884776657715476
2024-07-19_06,63,-19000,38000,0.3236,0.32568422681011966,0.0020842268101196604
2024-07-19_06,64,0,38000,0.3152,0.31494693484426883,-0.00025306515573114696
2024-07-19_06,65,19000,38000,0.3278,0.3278550549016419,5.505490164192661e-05
2024-07-19_06,66,38000,38000,0.357,0.3558963642847901,-0.001103635715209883
2024-07-19_06,67,57000,38000,0.4024,0.40157599921789555,-0.0008240007821044282
2024-07-19_06,68,76000,38000,0.2789,0.2686918690595703,-0.01020813094042966
2024-07-19_06,69,-76000,57000,0.3065,0.3191351650238037,0.012635165023803685
2024-07-19_06,70,-57000,57000,0.2071,0.2482533421088562,0.041153342108856183
2024-07-19_06,71,-38000,57000,0.3832,0.38243047455587775,-0.0007695254441222321
2024-07-19_06,72,-19000,57000,0.3584,0.358177442242279,-0.00022255775772100916
2024-07-19_06,73,0,57000,0.3503,0.35162753588235485,0.0013275358823548467
2024-07-19_06,74,19000,57000,0.3621,0.3599447288323365,-0.002155271167663453
2024-07-19_06,75,38000,57000,0.3901,0.3883981414299926,-0.0017018585700073752
2024-07-19_06,76,57000,57000,0.2086,0.22687437419308476,0.018274374193084753
2024-07-19_06,77,76000,57000,0.3037,0.3050841878890991,0.0013841878890990533
2024-07-19_06,78,-57000,76000,0.2953,0.3185489533424377,0.023248953342437706
2024-07-19_06,79,-38000,76000,0.2091,0.20970642438293452,0.0006064243829345117
2024-07-19_06,80,-19000,76000,0.4082,0.4042556110053406,-0.003944388994659431
2024-07-19_06,81,0,76000,0.3996,0.3975878591537476,-0.002012140846252397
2024-07-19_06,82,19000,76000,0.4116,0.4089867369458924,-0.0026132630541076396
2024-07-19_06,83,38000,76000,0.2091,0.22751596202496338,0.018415962024963373
2024-07-19_06,84,57000,76000,0.2943,0.28584827890396114,-0.008451721096038867
2024-07-19_06,85,-19000,95000,0.2812,0.28162744485668956,0.0004274448566895517
2024-07-19_06,86,0,95000,0.285,0.29710330915451055,0.012103309154510578
2024-07-19_06,87,19000,95000,0.284,0.2740101127003174,-0.009989887299682587
2024-07-19_07,0,-19000,-95000,0.3281,0.43880624887683095,0.11070624887683095
2024-07-19_07,1,0,-95000,0.3446,0.47158497810363764,0.12698497810363762
2024-07-19_07,2,19000,-95000,0.3229,0.45540239759695433,0.1325023975969543
2024-07-19_07,3,-57000,-76000,0.3501,0.45761410722732543,0.1075141072273254
2024-07-19_07,4,-38000,-76000,0.299,0.4126099991238099,0.11360999912380992
2024-07-19_07,5,-19000,-76000,0.2812,0.35341543424105826,0.07221543424105825
2024-07-19_07,6,0,-76000,0.2742,0.3752498601684875,0.1010498601684875
2024-07-19_07,7,19000,-76000,0.2812,0.3807528624665222,0.09955286246652217
2024-07-19_07,8,38000,-76000,0.2976,0.4499530130240783,0.15235301302407833
2024-07-19_07,9,57000,-76000,0.3427,0.4547037506103515,0.1120037506103515
2024-07-19_07,10,-76000,-57000,0.3434,0.4801547361373901,0.13675473613739014
2024-07-19_07,11,-57000,-57000,0.285,0.3878031380030822,0.10280313800308222
2024-07-19_07,12,-38000,-57000,0.2071,0.3594962344713135,0.1523962344713135
2024-07-19_07,13,-19000,-57000,0.4057,0.4052271776097107,-0.00047282239028928474
2024-07-19_07,14,0,-57000,0.3972,0.40052554513964833,0.0033255451396483338
2024-07-19_07,15,19000,-57000,0.4075,0.41201335334133904,0.004513353341339066
2024-07-19_07,16,38000,-57000,0.2081,0.3362001594456483,0.1281001594456483
2024-07-19_07,17,57000,-57000,0.2854,0.3876421947565307,0.10224219475653074
2024-07-19_07,18,76000,-57000,0.3375,0.49450564622879023,0.1570056462287902
2024-07-19_07,19,-76000,-38000,0.2925,0.4193874743858337,0.1268874743858337
2024-07-19_07,20,-57000,-38000,0.2049,0.385787404942749,0.180887404942749
2024-07-19_07,21,-38000,-38000,0.3818,0.38650195183792113,0.004701951837921159
2024-07-19_07,22,-19000,-38000,0.3547,0.3572975195700683,0.002597519570068263
2024-07-19_07,23,0,-38000,0.3454,0.35140279733642577,0.00600279733642578
2024-07-19_07,24,19000,-38000,0.3575,0.3600954300919801,0.0025954300919801
2024-07-19_07,25,38000,-38000,0.3867,0.391184868812561,0.004484868812560994
2024-07-19_07,26,57000,-38000,0.208,0.3047562582096863,0.09675625820968634
2024-07-19_07,27,76000,-38000,0.2939,0.40372861104254154,0.10982861104254155
2024-07-19_07,28,-95000,-19000,0.307,0.3968969702874756,0.08989697028747562
2024-07-19_07,29,-76000,-19000,0.2653,0.35569306441397097,0.09039306441397099
2024-07-19_07,30,-57000,-19000,0.3929,0.3958013282026367,0.002901328202636666
2024-07-19_07,31,-38000,-19000,0.3476,0.3509408197630004,0.00334081976300038
2024-07-19_07,32,-19000,-19000,0.3187,0.32174798901776125,0.0030479890177612656
2024-07-19_07,33,0,-19000,0.3083,0.31365786306390375,0.005357863063903734
2024-07-19_07,34,19000,-19000,0.3224,0.324230506935028,0.0018305069350279535
2024-07-19_07,35,38000,-19000,0.3531,0.35607107701364127,0.0029710770136412434
2024-07-19_07,36,57000,-19000,0.4006,0.40249437001113897,0.0018943700111389572
2024-07-19_07,37,76000,-19000,0.2742,0.40141366097094733,0.12721366097094733
2024-07-19_07,38,95000,-19000,0.3187,0.4588483119135742,0.14014831191357424
2024-07-19_07,39,-95000,0,0.3192,0.4251127551078796,0.10591275510787962
2024-07-19_07,40,-76000,0,0.2078,0.3650162712067566,0.1572162712067566
2024-07-19_07,41,-57000,0,0.3763,0.3809662612944946,0.0046662612944946
2024-07-19_07,42,-38000,0,0.3314,0.3338745357769166,0.002474535776916642
2024-07-19_07,43,-19000,0,0.3014,0.30695784317489627,0.005557843174896271
2024-07-19_07,44,19000,0,0.3055,0.30617509898779294,0.0006750989877929436
2024-07-19_07,45,38000,0,0.3388,0.3414360320243226,0.00263603202432261
2024-07-19_07,46,57000,0,0.3863,0.38576860917364497,-0.0005313908263550049
2024-07-19_07,47,76000,0,0.21,0.338957267828186,0.12895726782818603
2024-07-19_07,48,95000,0,0.3196,0.4328656257629395,0.11326562576293953
2024-07-19_07,49,-95000,19000,0.3,0.41448631962908933,0.11448631962908934
2024-07-19_07,50,-76000,19000,0.209,0.28237775516033936,0.07337775516033937
2024-07-19_07,51,-57000,19000,0.3771,0.37944936079470826,0.002349360794708266
2024-07-19_07,52,-38000,19000,0.3332,0.3317996943546142,-0.001400305645385791
2024-07-19_07,53,-19000,19000,0.3054,0.3089378980297852,0.0035378980297852136
2024-07-19_07,54,0,19000,0.2966,0.29769791391726685,0.0010979139172668795
2024-07-19_07,55,19000,19000,0.3095,0.31094247182473755,0.0014424718247375568
2024-07-19_07,56,38000,19000,0.341,0.34412265040118406,0.003122650401184035
2024-07-19_07,57,57000,19000,0.3884,0.3916043412261352,0.0032043412261351656
2024-07-19_07,58,76000,19000,0.2617,0.3768172183256835,0.1151172183256835
2024-07-19_07,59,95000,19000,0.3063,0.3815205993407287,0.07522059934072867
2024-07-19_07,60,-76000,38000,0.2728,0.41292808687521365,0.14012808687521366
2024-07-19_07,61,-57000,38000,0.3945,0.3984156512639161,0.003915651263916076
2024-07-19_07,62,-38000,38000,0.352,0.3589371617851258,0.006937161785125823
2024-07-19_07,63,-19000,38000,0.3266,0.3287168655727539,0.002116865572753923
2024-07-19_07,64,0,38000,0.3182,0.32032103636080933,0.0021210363608093474
2024-07-19_07,65,19000,38000,0.3308,0.33460361821118156,0.003803618211181581
2024-07-19_07,66,38000,38000,0.3601,0.3612520320864563,0.0011520320864563116
2024-07-19_07,67,57000,38000,0.4054,0.40516895580917356,-0.0002310441908264238
2024-07-19_07,68,76000,38000,0.2803,0.37816554273455805,0.09786554273455805
2024-07-19_07,69,-76000,57000,0.306,0.43051389131546025,0.12451389131546026
2024-07-19_07,70,-57000,57000,0.208,0.3313045165669861,0.12330451656698613
2024-07-19_07,71,-38000,57000,0.3857,0.38937520121078495,0.003675201210784962
2024-07-19_07,72,-19000,57000,0.361,0.3617330682333375,0.0007330682333375194
2024-07-19_07,73,0,57000,0.3533,0.35770566912451174,0.004405669124511735
2024-07-19_07,74,19000,57000,0.3652,0.3648410505131836,-0.0003589494868164178
2024-07-19_07,75,38000,57000,0.3932,0.3951451575421754,0.0019451575421753908
2024-07-19_07,76,57000,57000,0.21,0.3453338652188416,0.13533386521884158
2024-07-19_07,77,76000,57000,0.3046,0.4240817217826842,0.11948172178268424
2024-07-19_07,78,-57000,76000,0.2953,0.4296886054039002,0.13438860540390019
2024-07-19_07,79,-38000,76000,0.21,0.36264619166540535,0.15264619166540536
2024-07-19_07,80,-19000,76000,0.411,0.4125030686142883,0.0015030686142883387
2024-07-19_07,81,0,76000,0.4025,0.40327499332427974,0.0007749933242797158
2024-07-19_07,82,19000,76000,0.4145,0.4134623928581238,-0.0010376071418761734
2024-07-19_07,83,38000,76000,0.2093,0.37839761000408934,0.16909761000408932
2024-07-19_07,84,57000,76000,0.2948,0.37657836961746205,0.08177836961746204
2024-07-19_07,85,-19000,95000,0.2812,0.38967622256335455,0.10847622256335454
2024-07-19_07,86,0,95000,0.2864,0.40442005815505977,0.11802005815505978
2024-07-19_07,87,19000,95000,0.32983161,0.3876589911910706,0.057827381191070615
2024-07-19_08,0,-19000,-95000,0.3335,0.32927776348947146,-0.004222236510528554
2024-07-19_08,1,0,-95000,0.3532,0.3387853801727294,-0.014414619827270603
2024-07-19_08,2,19000,-95000,0.3324,0.34415456842492675,0.011754568424926781
2024-07-19_08,3,-57000,-76000,0.3565,0.34433239498138435,-0.012167605018615635
2024-07-19_08,4,-38000,-76000,0.3017,0.3071011574577027,0.005401157457702699
2024-07-19_08,5,-19000,-76000,0.2854,0.3077679389433594,0.022367938943359422
2024-07-19_08,6,0,-76000,0.2794,0.28331214954385375,0.003912149543853771
2024-07-19_08,7,19000,-76000,0.299,0.29292239347378546,-0.00607760652621453
2024-07-19_08,8,38000,-76000,0.3011,0.31343457205404657,0.012334572054046589
2024-07-19_08,9,57000,-76000,0.3494,0.35955666933059693,0.010156669330596946
2024-07-19_08,10,-76000,-57000,0.351,0.3417746404647828,-0.009225359535217192
2024-07-19_08,11,-57000,-57000,0.2887,0.2861320809782104,-0.0025679190217895997
2024-07-19_08,12,-38000,-57000,0.4373,0.23386270590298452,-0.2034372940970155
2024-07-19_08,13,-19000,-57000,0.4115,0.4107788703915711,-0.0007211296084288499
2024-07-19_08,14,0,-57000,0.4037,0.4038047803708191,0.00010478037081912417
2024-07-19_08,15,19000,-57000,0.4318,0.4198117581694947,-0.011988241830505342
2024-07-19_08,16,38000,-57000,0.4448,0.2343636871854553,-0.21043631281454467
2024-07-19_08,17,57000,-57000,0.289,0.307812788851654,0.018812788851653994
2024-07-19_08,18,76000,-57000,0.3456,0.34730261001586915,0.0017026100158691326
2024-07-19_08,19,-76000,-38000,0.2958,0.2954128326217347,-0.00038716737826532954
2024-07-19_08,20,-57000,-38000,0.4303,0.2564057016597596,-0.1738942983402404
2024-07-19_08,21,-38000,-38000,0.3882,0.3848199737003173,-0.0033800262996827035
2024-07-19_08,22,-19000,-38000,0.3609,0.3600771244814758,-0.0008228755185242242
2024-07-19_08,23,0,-38000,0.3515,0.3530017536473389,0.0015017536473388993
2024-07-19_08,24,19000,-38000,0.3647,0.3680628291690673,0.003362829169067272
2024-07-19_08,25,38000,-38000,0.4096,0.40461658868789674,-0.004983411312103281
2024-07-19_08,26,57000,-38000,0.4364,0.24985784600131233,-0.18654215399868768
2024-07-19_08,27,76000,-38000,0.2964,0.306099155182312,0.009699155182312014
2024-07-19_08,28,-95000,-19000,0.3117,0.30531989646026614,-0.006380103539733839
2024-07-19_08,29,-76000,-19000,0.4577,0.24133663721191412,-0.21636336278808588
2024-07-19_08,30,-57000,-19000,0.399,0.3953400266269531,-0.0036599733730469097
2024-07-19_08,31,-38000,-19000,0.3542,0.3503606096687928,-0.0038393903312072264
2024-07-19_08,32,-19000,-19000,0.325,0.3217559635774232,-0.0032440364225768126
2024-07-19_08,33,0,-19000,0.3139,0.3133588917832031,-0.0005411082167969261
2024-07-19_08,34,19000,-19000,0.3282,0.32862108338995366,0.00042108338995366923
2024-07-19_08,35,38000,-19000,0.3602,0.3642686742134704,0.004068674213470402
2024-07-19_08,36,57000,-19000,0.4095,0.40980144036203003,0.00030144036203005875
2024-07-19_08,37,76000,-19000,0.2789,0.25917652034588623,-0.01972347965411375
2024-07-19_08,38,95000,-19000,0.3204,0.312290927804016,-0.008109072195984002
2024-07-19_08,39,-95000,0,0.327,0.32115753402709957,-0.005842465972900446
2024-07-19_08,40,-76000,0,0.4411,0.21050524871112053,-0.23059475128887946
2024-07-19_08,41,-57000,0,0.383,0.37852613092291265,-0.004473869077087356
2024-07-19_08,42,-38000,0,0.3385,0.3329566612234802,-0.005543338776519802
2024-07-19_08,43,-19000,0,0.3078,0.3032643148623353,-0.0045356851376647245
2024-07-19_08,44,19000,0,0.3115,0.3073756645326844,-0.00412433546731561
2024-07-19_08,45,38000,0,0.3455,0.34551328167294315,1.328167294317728e-05
2024-07-19_08,46,57000,0,0.3926,0.39018346843325813,-0.002416531566741875
2024-07-19_08,47,76000,0,0.4508,0.23640545877621455,-0.21439454122378543
2024-07-19_08,48,95000,0,0.3259,0.29929579086303715,-0.026604209136962875
2024-07-19_08,49,-95000,19000,0.3038,0.30716618589535516,0.003366185895355145
2024-07-19_08,50,-76000,19000,0.442,0.21211810486938476,-0.22988189513061524
2024-07-19_08,51,-57000,19000,0.3834,0.377700225657257,-0.0056997743427429914
2024-07-19_08,52,-38000,19000,0.3398,0.3343631914439087,-0.005436808556091299
2024-07-19_08,53,-19000,19000,0.3114,0.30560598043582154,-0.005794019564178465
2024-07-19_08,54,0,19000,0.302,0.2981972700208435,-0.003802729979156483
2024-07-19_08,55,19000,19000,0.315,0.3104152044399109,-0.004584795560089117
2024-07-19_08,56,38000,19000,0.3469,0.34452566090118397,-0.002374339098816014
2024-07-19_08,57,57000,19000,0.3936,0.38965047523703,-0.0039495247629700025
2024-07-19_08,58,76000,19000,0.4524,0.22864076436386105,-0.22375923563613898
2024-07-19_08,59,95000,19000,0.3095,0.3036429713719482,-0.005857028628051819
2024-07-19_08,60,-76000,38000,0.2772,0.255869698546936,-0.021330301453064027
2024-07-19_08,61,-57000,38000,0.4005,0.3946658675566712,-0.00583413244332881
2024-07-19_08,62,-38000,38000,0.3582,0.3520755199494019,-0.0061244800505981245
2024-07-19_08,63,-19000,38000,0.3324,0.32669008308047487,-0.005709916919525104
2024-07-19_08,64,0,38000,0.3235,0.31772564114797963,-0.005774358852020378
2024-07-19_08,65,19000,38000,0.3362,0.33145310506478887,-0.004746894935211132
2024-07-19_08,66,38000,38000,0.3654,0.35972769517788694,-0.005672304822113061
2024-07-19_08,67,57000,38000,0.4096,0.4038962192913207,-0.005703780708679329
2024-07-19_08,68,76000,38000,0.2835,0.27525717857580556,-0.008242821424194413
2024-07-19_08,69,-76000,57000,0.3108,0.31026310272216806,-0.0005368972778319603
2024-07-19_08,70,-57000,57000,0.4348,0.23923144593838508,-0.19556855406161494
2024-07-19_08,71,-38000,57000,0.3915,0.3844848515316468,-0.007015148468353216
2024-07-19_08,72,-19000,57000,0.3666,0.35996383110379027,-0.006636168896209715
2024-07-19_08,73,0,57000,0.3582,0.35078786761038216,-0.007412132389617854
2024-07-19_08,74,19000,57000,0.3698,0.3632493280281066,-0.006550671971893407
2024-07-19_08,75,38000,57000,0.3977,0.391529606788269,-0.006170393211731018
2024-07-19_08,76,57000,57000,0.4421,0.22446106777468877,-0.21763893222531122
2024-07-19_08,77,76000,57000,0.3059,0.30787498168945304,0.001974981689453037
2024-07-19_08,78,-57000,76000,0.3005,0.3010675365447999,0.000567536544799907
2024-07-19_08,79,-38000,76000,0.4433,0.2188016336115417,-0.22449836638845833
2024-07-19_08,80,-19000,76000,0.4156,0.40658022631326296,-0.009019773686737065
2024-07-19_08,81,0,76000,0.4063,0.3984566158294678,-0.007843384170532208
2024-07-19_08,82,19000,76000,0.4183,0.4094354195294494,-0.00886458047055061
2024-07-19_08,83,38000,76000,0.4472,0.20317090979620356,-0.24402909020379643
2024-07-19_08,84,57000,76000,0.2987,0.30454296283721916,0.0058429628372191345
2024-07-19_08,85,-19000,95000,0.2854,0.2955166571761474,0.010116657176147403
2024-07-19_08,86,0,95000,0.2903,0.282384139919281,-0.007915860080718984
2024-07-19_08,87,19000,95000,0.2854,0.30657709617373663,0.021177096173736643
2024-07-19_09,0,-19000,-95000,0.333,0.32044399012060554,-0.01255600987939448
2024-07-19_09,1,0,-95000,0.3549,0.3311242888450623,-0.023775711154937706
2024-07-19_09,2,19000,-95000,0.339,0.31319326826589955,-0.025806731734100474
2024-07-19_09,3,-57000,-76000,0.3565,0.3392454094886779,-0.01725459051132211
2024-07-19_09,4,-38000,-76000,0.3027,0.30168044548327644,-0.0010195545167235864
2024-07-19_09,5,-19000,-76000,0.2865,0.2975033339904174,0.011003333990417419
2024-07-19_09,6,0,-76000,0.2802,0.22704244688592534,-0.05315755311407466
2024-07-19_09,7,19000,-76000,0.2865,0.3091997458226319,0.0226997458226319
2024-07-19_09,8,38000,-76000,0.3017,0.2998503312812806,-0.0018496687187194438
2024-07-19_09,9,57000,-76000,0.35,0.32444857301712027,-0.02555142698287971
2024-07-19_09,10,-76000,-57000,0.3521,0.3336155123710631,-0.018484487628936896
2024-07-19_09,11,-57000,-57000,0.2892,0.2886573661764831,-0.0005426338235169359
2024-07-19_09,12,-38000,-57000,0.439,0.22391533491247562,-0.21508466508752438
2024-07-19_09,13,-19000,-57000,0.4134,0.4007025815779113,-0.012697418422088713
2024-07-19_09,14,0,-57000,0.4054,0.3914276121697997,-0.013972387830200272
2024-07-19_09,15,19000,-57000,0.415,0.401755092576477,-0.013244907423522967
2024-07-19_09,16,38000,-57000,0.4411,0.1831303742161865,-0.2579696257838135
2024-07-19_09,17,57000,-57000,0.2898,0.29396992263336186,0.0041699226333618555
2024-07-19_09,18,76000,-57000,0.3472,0.3244804018974303,-0.022719598102569682
2024-07-19_09,19,-76000,-38000,0.2964,0.29635949577166754,-4.050422833246081e-05
2024-07-19_09,20,-57000,-38000,0.4318,0.2796966670985108,-0.1521033329014892
2024-07-19_09,21,-38000,-38000,0.3897,0.3762874936453553,-0.013412506354644693
2024-07-19_09,22,-19000,-38000,0.3631,0.3503204413116454,-0.012779558688354564
2024-07-19_09,23,0,-38000,0.3539,0.34041678389785757,-0.013483216102142426
2024-07-19_09,24,19000,-38000,0.3658,0.3508484180075684,-0.014951581992431628
2024-07-19_09,25,38000,-38000,0.3942,0.3808786148071288,-0.013321385192871182
2024-07-19_09,26,57000,-38000,0.4364,0.21883029805242926,-0.21756970194757075
2024-07-19_09,27,76000,-38000,0.2964,0.2916673061244812,-0.004732693875518779
2024-07-19_09,28,-95000,-19000,0.3114,0.3109293298840028,-0.0004706701159972182
2024-07-19_09,29,-76000,-19000,0.459,0.18910695401376332,-0.2698930459862367
2024-07-19_09,30,-57000,-19000,0.4006,0.38624831919317626,-0.014351680806823752
2024-07-19_09,31,-38000,-19000,0.3557,0.3422574133757019,-0.013442586624298092
2024-07-19_09,32,-19000,-19000,0.3267,0.3127696533984681,-0.013930346601531918
2024-07-19_09,33,0,-19000,0.316,0.3034586490767823,-0.012541350923217676
2024-07-19_09,34,19000,-19000,0.3302,0.3163006987799073,-0.013899301220092697
2024-07-19_09,35,38000,-19000,0.3609,0.3467300620434266,-0.014169937956573397
2024-07-19_09,36,57000,-19000,0.4074,0.3932997517629395,-0.014100248237060464
2024-07-19_09,37,76000,-19000,0.2778,0.21103984452600089,-0.0667601554739991
2024-07-19_09,38,95000,-19000,0.3215,0.30799427964456183,-0.013505720355438178
2024-07-19_09,39,-95000,0,0.3324,0.32051618432998663,-0.011883815670013342
2024-07-19_09,40,-76000,0,0.4422,0.18414563603491207,-0.2580543639650879
2024-07-19_09,41,-57000,0,0.3845,0.37059380429943856,-0.013906195700561452
2024-07-19_09,42,-38000,0,0.3399,0.3262741851959534,-0.013625814804046565
2024-07-19_09,43,-19000,0,0.3089,0.29604059868600463,-0.012859401313995378
2024-07-19_09,44,19000,0,0.3135,0.29871412781301876,-0.014785872186981242
2024-07-19_09,45,38000,0,0.3474,0.3315731212171631,-0.015826878782836895
2024-07-19_09,46,57000,0,0.394,0.37940581612420665,-0.014594183875793365
2024-07-19_09,47,76000,0,0.4519,0.1801812172278443,-0.2717187827721557
2024-07-19_09,48,95000,0,0.3281,0.3139200552940369,-0.014179944705963121
2024-07-19_09,49,-95000,19000,0.3043,0.31072945292208853,0.006429452922088519
2024-07-19_09,50,-76000,19000,0.4433,0.1757753199985963,-0.2675246800014037
2024-07-19_09,51,-57000,19000,0.3851,0.3703118727695618,-0.014788127230438208
2024-07-19_09,52,-38000,19000,0.3413,0.3260101493824463,-0.015289850617553669
2024-07-19_09,53,-19000,19000,0.313,0.29826164699594115,-0.014738353004058846
2024-07-19_09,54,0,19000,0.3039,0.2891377579335632,-0.014762242066436781
2024-07-19_09,55,19000,19000,0.3169,0.30104793797192375,-0.015852062028076264
2024-07-19_09,56,38000,19000,0.349,0.33155774011630257,-0.01744225988369741
2024-07-19_09,57,57000,19000,0.3955,0.37765019659954824,-0.01784980340045178
2024-07-19_09,58,76000,19000,0.4537,0.17797516356420906,-0.27572483643579093
2024-07-19_09,59,95000,19000,0.3095,0.31016969536987316,0.0006696953698731578
2024-07-19_09,60,-76000,38000,0.2783,0.2224802687674865,-0.05581973123251349
2024-07-19_09,61,-57000,38000,0.402,0.38557883361828615,-0.01642116638171387
2024-07-19_09,62,-38000,38000,0.36,0.3433036429961853,-0.016696357003814666
2024-07-19_09,63,-19000,38000,0.3345,0.31765637423413096,-0.016843625765869064
2024-07-19_09,64,0,38000,0.3258,0.31021691133032236,-0.015583088669677614
2024-07-19_09,65,19000,38000,0.3385,0.3231616584164123,-0.015338341583587711
2024-07-19_09,66,38000,38000,0.3676,0.35097264542837525,-0.01662735457162473
2024-07-19_09,67,57000,38000,0.412,0.3971047014787292,-0.01489529852127075
2024-07-19_09,68,76000,38000,0.2843,0.23868416450192265,-0.04561583549807735
2024-07-19_09,69,-76000,57000,0.3139,0.30457333612442006,-0.009326663875579955
2024-07-19_09,70,-57000,57000,0.4368,0.20285576299148556,-0.23394423700851447
2024-07-19_09,71,-38000,57000,0.3932,0.3770132095769958,-0.016186790423004194
2024-07-19_09,72,-19000,57000,0.3687,0.35159201087417613,-0.017107989125823897
2024-07-19_09,73,0,57000,0.3608,0.3439971377411499,-0.016802862258850082
2024-07-19_09,74,19000,57000,0.3725,0.356119797936554,-0.01638020206344598
2024-07-19_09,75,38000,57000,0.4002,0.3828367254898377,-0.017363274510162285
2024-07-19_09,76,57000,57000,0.4442,0.1895694337573548,-0.2546305662426452
2024-07-19_09,77,76000,57000,0.3067,0.30644543676376346,-0.0002545632362365158
2024-07-19_09,78,-57000,76000,0.3024,0.2985639362335204,-0.0038360637664796027
2024-07-19_09,79,-38000,76000,0.4448,0.19009551003576663,-0.25470448996423334
2024-07-19_09,80,-19000,76000,0.4179,0.4036149341004638,-0.014285065899536209
2024-07-19_09,81,0,76000,0.4093,0.3948089362144471,-0.014491063785552871
2024-07-19_09,82,19000,76000,0.4211,0.40511753107043447,-0.015982468929565508
2024-07-19_09,83,38000,76000,0.4499,0.19284371102627573,-0.2570562889737243
2024-07-19_09,84,57000,76000,0.2996,0.28698350696563724,-0.012616493034362741
2024-07-19_09,85,-19000,95000,0.2871,0.291627843475708,0.004527843475708004
2024-07-19_09,86,0,95000,0.292,0.2973644019126893,0.005364401912689332
2024-07-19_09,87,19000,95000,0.36788276,0.27410008458795176,-0.09378267541204821
2024-07-19_10,0,-19000,-95000,0.3368,0.3489053180040589,0.012105318004058896
2024-07-19_10,1,0,-95000,0.3554,0.3676890457153321,0.012289045715332125
2024-07-19_10,2,19000,-95000,0.3357,0.34736576015621945,0.011665760156219451
2024-07-19_10,3,-57000,-76000,0.3587,0.3659437333106994,0.007243733310699385
2024-07-19_10,4,-38000,-76000,0.3047,0.3182690495968934,0.013569049596893368
2024-07-19_10,5,-19000,-76000,0.2887,0.31048701294039915,0.021787012940399142
2024-07-19_10,6,0,-76000,0.2832,0.30643421255914305,0.02323421255914304
2024-07-19_10,7,19000,-76000,0.2887,0.30621175621261587,0.01751175621261586
2024-07-19_10,8,38000,-76000,0.303,0.3169890133112794,0.013989013311279386
2024-07-19_10,9,57000,-76000,0.3521,0.3582782319068909,0.006178231906890874
2024-07-19_10,10,-76000,-57000,0.3565,0.3619015847206115,0.00540158472061153
2024-07-19_10,11,-57000,-57000,0.292,0.30551760333395395,0.013517603333953965
2024-07-19_10,12,-38000,-57000,0.4433,0.22463736268679813,-0.2186626373132019
2024-07-19_10,13,-19000,-57000,0.4177,0.4141555449024048,-0.0035444550975952116
2024-07-19_10,14,0,-57000,0.41,0.40670473585006706,-0.0032952641499329194
2024-07-19_10,15,19000,-57000,0.4188,0.4156808203703002,-0.0031191796296998198
2024-07-19_10,16,38000,-57000,0.4442,0.21988593027972403,-0.22431406972027595
2024-07-19_10,17,57000,-57000,0.2909,0.3062674212234191,0.015367421223419109
2024-07-19_10,18,76000,-57000,0.3478,0.3424698880195618,-0.005330111980438201
2024-07-19_10,19,-76000,-38000,0.2979,0.31250598423294074,0.014605984232940739
2024-07-19_10,20,-57000,-38000,0.436,0.24277409812359618,-0.19322590187640382
2024-07-19_10,21,-38000,-38000,0.3944,0.3925599620056457,-0.0018400379943542822
2024-07-19_10,22,-19000,-38000,0.3674,0.3642859032398682,-0.0031140967601318015
2024-07-19_10,23,0,-38000,0.3583,0.3566553910223389,-0.0016446089776611106
2024-07-19_10,24,19000,-38000,0.37,0.3666307599689025,-0.003369240031097509
2024-07-19_10,25,38000,-38000,0.3982,0.3950676491737366,-0.003132350826263397
2024-07-19_10,26,57000,-38000,0.44,0.21431809764941412,-0.22568190235058588
2024-07-19_10,27,76000,-38000,0.2984,0.3090035948187866,0.010603594818786588
2024-07-19_10,28,-95000,-19000,0.3122,0.3256059069727173,0.013405906972717319
2024-07-19_10,29,-76000,-19000,0.4616,0.27868944332690426,-0.18291055667309575
2024-07-19_10,30,-57000,-19000,0.4042,0.4022108243373108,-0.001989175662689191
2024-07-19_10,31,-38000,-19000,0.3598,0.3579661404689636,-0.0018338595310364303
2024-07-19_10,32,-19000,-19000,0.3311,0.3294056817557678,-0.001694318244232218
2024-07-19_10,33,0,-19000,0.3207,0.3184444638771362,-0.002255536122863777
2024-07-19_10,34,19000,-19000,0.3346,0.33104834627023316,-0.003551653729766846
2024-07-19_10,35,38000,-19000,0.3651,0.3617021625734864,-0.0033978374265135614
2024-07-19_10,36,57000,-19000,0.4113,0.4077017463692323,-0.0035982536307677115
2024-07-19_10,37,76000,-19000,0.2821,0.2928866907781067,0.010786690778106678
2024-07-19_10,38,95000,-19000,0.3232,0.3279598033572082,0.004759803357208214
2024-07-19_10,39,-95000,0,0.3335,0.34305949239730826,0.009559492397308245
2024-07-19_10,40,-76000,0,0.4453,0.21047007130529782,-0.23482992869470215
2024-07-19_10,41,-57000,0,0.3882,0.3850408237089844,-0.0031591762910155863
2024-07-19_10,42,-38000,0,0.3439,0.3423666610651246,-0.0015333389348753945
2024-07-19_10,43,-19000,0,0.3138,0.31209339087478627,-0.0017066091252137539
2024-07-19_10,44,19000,0,0.3181,0.3149942960027772,-0.0031057039972228195
2024-07-19_10,45,38000,0,0.3516,0.3481327308192139,-0.0034672691807861034
2024-07-19_10,46,57000,0,0.3979,0.39540797940328987,-0.0024920205967101094
2024-07-19_10,47,76000,0,0.4558,0.25523703956646737,-0.2005629604335326
2024-07-19_10,48,95000,0,0.3303,0.33339084281921383,0.003090842819213846
2024-07-19_10,49,-95000,19000,0.3051,0.32859958982553095,0.023499589825530964
2024-07-19_10,50,-76000,19000,0.4464,0.21852997262673957,-0.22787002737326045
2024-07-19_10,51,-57000,19000,0.3888,0.3856936190331115,-0.003106380966888478
2024-07-19_10,52,-38000,19000,0.3455,0.3424020429619752,-0.00309795703802479
2024-07-19_10,53,-19000,19000,0.3176,0.31521905722149657,-0.0023809427785034254
2024-07-19_10,54,0,19000,0.3084,0.3070263223600769,-0.001373677639923132
2024-07-19_10,55,19000,19000,0.3213,0.3186526466228332,-0.0026473533771667612
2024-07-19_10,56,38000,19000,0.3534,0.34929147143289185,-0.004108528567108138
2024-07-19_10,57,57000,19000,0.3994,0.3956784745254822,-0.0037215254745177617
2024-07-19_10,58,76000,19000,0.4576,0.2655466517799072,-0.1920533482200928
2024-07-19_10,59,95000,19000,0.3111,0.3370124097723084,0.02591240977230841
2024-07-19_10,60,-76000,38000,0.2802,0.2900759903215333,0.009875990321533301
2024-07-19_10,61,-57000,38000,0.4059,0.4010037158966979,-0.004896284103302062
2024-07-19_10,62,-38000,38000,0.3642,0.3598870373631591,-0.004312962636840945
2024-07-19_10,63,-19000,38000,0.339,0.3361873010892029,-0.0028126989107971068
2024-07-19_10,64,0,38000,0.3304,0.32701436842822273,-0.0033856315717772922
2024-07-19_10,65,19000,38000,0.3429,0.3394456106386414,-0.0034543893613585563
2024-07-19_10,66,38000,38000,0.3718,0.36760793458206176,-0.004192065417938262
2024-07-19_10,67,57000,38000,0.4158,0.4109141060637207,-0.004885893936279306
2024-07-19_10,68,76000,38000,0.2865,0.3116936921772462,0.025193692177246207
2024-07-19_10,69,-76000,57000,0.3149,0.3302960585594177,0.015396058559417669
2024-07-19_10,70,-57000,57000,0.44,0.21051464166018685,-0.22948535833981315
2024-07-19_10,71,-38000,57000,0.3975,0.39215675416732787,-0.00534324583267215
2024-07-19_10,72,-19000,57000,0.3731,0.3683173759927063,-0.004782624007293679
2024-07-19_10,73,0,57000,0.3649,0.3602110443848572,-0.00468895561514282
2024-07-19_10,74,19000,57000,0.3766,0.37161870470800773,-0.00498129529199226
2024-07-19_10,75,38000,57000,0.4039,0.39918712456188965,-0.004712875438110331
2024-07-19_10,76,57000,57000,0.4477,0.21342090873635855,-0.23427909126364144
2024-07-19_10,77,76000,57000,0.3081,0.32811198015213017,0.020011980152130182
2024-07-19_10,78,-57000,76000,0.303,0.31018747797012325,0.007187477970123257
2024-07-19_10,79,-38000,76000,0.4483,0.22870074651754768,-0.2195992534824523
2024-07-19_10,80,-19000,76000,0.4216,0.41509315072845454,-0.006506849271545434
2024-07-19_10,81,0,76000,0.413,0.40936671504974376,-0.0036332849502562214
2024-07-19_10,82,19000,76000,0.4247,0.4179010675887147,-0.006798932411285319
2024-07-19_10,83,38000,76000,0.4531,0.22348357569738764,-0.22961642430261237
2024-07-19_10,84,57000,76000,0.3007,0.3142710067749024,0.013571006774902361
2024-07-19_10,85,-19000,95000,0.2887,0.3000748037540284,0.011374803754028384
2024-07-19_10,86,0,95000,0.292,0.30572884092330943,0.013728840923309449
2024-07-19_10,87,19000,95000,0.2882,0.3185365651079102,0.030336565107910163
2024-08-01_01,0,-19000,-95000,0.3182,0.3180126403756409,-0.0001873596243590625
2024-08-01_01,1,0,-95000,0.333,0.3338238949775696,0.0008238949775695725
2024-08-01_01,2,19000,-95000,0.3171,0.31601803763180536,-0.0010819623681946333
2024-08-01_01,3,-57000,-76000,0.3324,0.3364635740280151,0.0040635740280151045
2024-08-01_01,4,-38000,-76000,0.2909,0.29404773603039547,0.003147736030395476
2024-08-01_01,5,-19000,-76000,0.4587,0.3013988898818969,-0.1573011101181031
2024-08-01_01,6,0,-76000,0.451,0.27825296116329956,-0.17274703883670045
2024-08-01_01,7,19000,-76000,0.4599,0.30002178579251093,-0.15987821420748904
2024-08-01_01,8,38000,-76000,0.2909,0.28454726630258187,-0.0063527336974181225
2024-08-01_01,9,57000,-76000,0.3248,0.31608729305267325,-0.008712706947326732
2024-08-01_01,10,-76000,-57000,0.3237,0.3144862090110778,-0.009213790988922166
2024-08-01_01,11,-57000,-57000,0.4619,0.28968731765536493,-0.17221268234463505
2024-08-01_01,12,-38000,-57000,0.4189,0.4268388734768982,0.0079388734768982
2024-08-01_01,13,-19000,-57000,0.3935,0.39206817776907354,-0.0014318222309264717
2024-08-01_01,14,0,-57000,0.386,0.3848473116108093,-0.0011526883891906925
2024-08-01_01,15,19000,-57000,0.3959,0.3945913493700868,-0.0013086506299131995
2024-08-01_01,16,38000,-57000,0.4202,0.39306788111138924,-0.02713211888861078
2024-08-01_01,17,57000,-57000,0.4625,0.3130044640459899,-0.1494955359540101
2024-08-01_01,18,76000,-57000,0.3215,0.3210310214996337,-0.0004689785003663127
2024-08-01_01,19,-76000,-38000,0.2821,0.29019907121942135,0.008099071219421328
2024-08-01_01,20,-57000,-38000,0.4101,0.41946808136456304,0.009368081364563019
2024-08-01_01,21,-38000,-38000,0.3684,0.36914519617138675,0.0007451961713867417
2024-08-01_01,22,-19000,-38000,0.341,0.3410356978379516,3.56978379515982e-05
2024-08-01_01,23,0,-38000,0.3317,0.3302794110783691,-0.0014205889216308831
2024-08-01_01,24,19000,-38000,0.3437,0.34296557413204964,-0.0007344258679503612
2024-08-01_01,25,38000,-38000,0.3722,0.37087624015808096,-0.0013237598419190144
2024-08-01_01,26,57000,-38000,0.4158,0.41266537624566646,-0.003134623754333543
2024-08-01_01,27,76000,-38000,0.2854,0.29026517081765757,0.0048651708176575825
2024-08-01_01,28,-95000,-19000,0.2995,0.2988221979554748,-0.0006778020445251665
2024-08-01_01,29,-76000,-19000,0.4341,0.2525350526566772,-0.1815649473433228
2024-08-01_01,30,-57000,-19000,0.3761,0.3781332652938538,0.0020332652938538365
2024-08-01_01,31,-38000,-19000,0.3314,0.3322104748512573,0.0008104748512573479
2024-08-01_01,32,-19000,-19000,0.3025,0.3035581415352173,0.0010581415352173273
2024-08-01_01,33,0,-19000,0.2922,0.2920594703157653,-0.00014052968423472478
2024-08-01_01,34,19000,-19000,0.3061,0.3071918090094299,0.0010918090094299004
2024-08-01_01,35,38000,-19000,0.3371,0.336082280666687,-0.0010177193333130163
2024-08-01_01,36,57000,-19000,0.3853,0.38415174438809196,-0.0011482556119080112
2024-08-01_01,37,76000,-19000,0.4457,0.23926024868698126,-0.20643975131301873
2024-08-01_01,38,95000,-19000,0.3073,0.2917639590319214,-0.01553604096807859
2024-08-01_01,39,-95000,0,0.3037,0.30789574575424195,0.00419574575424192
2024-08-01_01,40,-76000,0,0.4168,0.41205893261138926,-0.004741067388610742
2024-08-01_01,41,-57000,0,0.3585,0.35996781317102045,0.00146781317102046
2024-08-01_01,42,-38000,0,0.3135,0.3158857501071166,0.002385750107116613
2024-08-01_01,43,-19000,0,0.2838,0.28516340154052733,0.0013634015405273314
2024-08-01_01,44,19000,0,0.2886,0.2887052660405578,0.00010526604055777211
2024-08-01_01,45,38000,0,0.3225,0.32299817372705086,0.0004981737270508546
2024-08-01_01,46,57000,0,0.3708,0.3697426828409729,-0.0010573171590271269
2024-08-01_01,47,76000,0,0.431,0.2598153429823913,-0.1711846570176087
2024-08-01_01,48,95000,0,0.31,0.3067727996826173,-0.003227200317382717
2024-08-01_01,49,-95000,19000,0.2906,0.29455254190588387,0.003952541905883844
2024-08-01_01,50,-76000,19000,0.4163,0.4119753206859742,-0.004324679314025803
2024-08-01_01,51,-57000,19000,0.358,0.35974538240890497,0.001745382408904983
2024-08-01_01,52,-38000,19000,0.3139,0.3164370626002502,0.0025370626002501617
2024-08-01_01,53,-19000,19000,0.2864,0.28650053313897694,0.00010053313897695482
2024-08-01_01,54,0,19000,0.2778,0.277412849972168,-0.00038715002783201724
2024-08-01_01,55,19000,19000,0.2912,0.29175200520925904,0.0005520052092590211
2024-08-01_01,56,38000,19000,0.3234,0.32198220980392467,-0.0014177901960753525
2024-08-01_01,57,57000,19000,0.372,0.3720797721967468,7.977219674681901e-05
2024-08-01_01,58,76000,19000,0.4326,0.2581312412769776,-0.17446875872302237
2024-08-01_01,59,95000,19000,0.2984,0.2982875404114991,-0.00011245958850092386
2024-08-01_01,60,-76000,38000,0.4348,0.27808491210928343,-0.1567150878907166
2024-08-01_01,61,-57000,38000,0.3743,0.37637972278704823,0.0020797227870482105
2024-08-01_01,62,-38000,38000,0.3322,0.333560500960022,0.001360500960021993
2024-08-01_01,63,-19000,38000,0.3067,0.30632699370837413,-0.00037300629162584364
2024-08-01_01,64,0,38000,0.2986,0.2977015924440307,-0.0008984075559692606
2024-08-01_01,65,19000,38000,0.3119,0.311026728139038,-0.0008732718609620327
2024-08-01_01,66,38000,38000,0.3423,0.3410154119374389,-0.0012845880625610984
2024-08-01_01,67,57000,38000,0.3886,0.38878635267510986,0.00018635267510985765
2024-08-01_01,68,76000,38000,0.4517,0.26721274901089487,-0.18448725098910512
2024-08-01_01,69,-76000,57000,0.2917,0.29200265998840336,0.00030265998840334207
2024-08-01_01,70,-57000,57000,0.408,0.41785354973406985,0.009853549734069877
2024-08-01_01,71,-38000,57000,0.365,0.36662132352374277,0.0016213235237427792
2024-08-01_01,72,-19000,57000,0.341,0.3408471043657837,-0.00015289563421633234
2024-08-01_01,73,0,57000,0.3333,0.33138232665231326,-0.0019176733476867214
2024-08-01_01,74,19000,57000,0.3461,0.34478316051907343,-0.0013168394809265904
2024-08-01_01,75,38000,57000,0.375,0.3744365125665283,-0.0005634874334716766
2024-08-01_01,76,57000,57000,0.421,0.42685973009094247,0.005859730090942483
2024-08-01_01,77,76000,57000,0.2947,0.2937269570350647,-0.0009730429649353334
2024-08-01_01,78,-57000,76000,0.281,0.28691862220764164,0.005918622207641611
2024-08-01_01,79,-38000,76000,0.4155,0.4243271655858154,0.008827165585815422
2024-08-01_01,80,-19000,76000,0.39,0.3909957425872803,0.0009957425872803016
2024-08-01_01,81,0,76000,0.382,0.38197379798889153,-2.6202011108478196e-05
2024-08-01_01,82,19000,76000,0.395,0.39384134810879523,-0.0011586518912047872
2024-08-01_01,83,38000,76000,0.4249,0.3571148038786012,-0.06778519612139883
2024-08-01_01,84,57000,76000,0.286,0.28906629104614256,0.0030662910461425885
2024-08-01_01,85,-19000,95000,0.4526,0.29385606132086184,-0.15874393867913816
2024-08-01_01,86,0,95000,0.4545,0.2960007140159606,-0.1584992859840394
2024-08-01_01,87,19000,95000,0.4521,0.2895753393091125,-0.1625246606908875
2024-08-01_02,0,-19000,-95000,0.3149,0.35739461707650766,0.042494617076507646
2024-08-01_02,1,0,-95000,0.3308,0.3551729410171509,0.02437294101715093
2024-08-01_02,2,19000,-95000,0.3149,0.3525234771383057,0.03762347713830566
2024-08-01_02,3,-57000,-76000,0.333,0.3477000923156739,0.014700092315673874
2024-08-01_02,4,-38000,-76000,0.2909,0.33211467411975093,0.04121467411975094
2024-08-01_02,5,-19000,-76000,0.4558,0.28395591879684456,-0.17184408120315542
2024-08-01_02,6,0,-76000,0.4473,0.272567503241516,-0.17473249675848396
2024-08-01_02,7,19000,-76000,0.4565,0.31072245799240106,-0.14577754200759896
2024-08-01_02,8,38000,-76000,0.2895,0.3219728437304077,0.03247284373040771
2024-08-01_02,9,57000,-76000,0.3204,0.35977061672210686,0.039370616722106844
2024-08-01_02,10,-76000,-57000,0.3248,0.35336944770812995,0.02856944770812997
2024-08-01_02,11,-57000,-57000,0.4601,0.3058015184622802,-0.1542984815377198
2024-08-01_02,12,-38000,-57000,0.4154,0.422762424017334,0.007362424017334002
2024-08-01_02,13,-19000,-57000,0.3901,0.3944415818595275,0.004341581859527488
2024-08-01_02,14,0,-57000,0.3817,0.3867012768312379,0.005001276831237911
2024-08-01_02,15,19000,-57000,0.3923,0.39410856985818477,0.001808569858184783
2024-08-01_02,16,38000,-57000,0.4165,0.3773221774681397,-0.03917782253186031
2024-08-01_02,17,57000,-57000,0.4578,0.31583952764480583,-0.14196047235519416
2024-08-01_02,18,76000,-57000,0.316,0.3408714143753051,0.0248714143753051
2024-08-01_02,19,-76000,-38000,0.281,0.3033089114899292,0.022308911489929195
2024-08-01_02,20,-57000,-38000,0.4071,0.42222340540197756,0.015123405401977541
2024-08-01_02,21,-38000,-38000,0.3651,0.37169933469128424,0.006599334691284264
2024-08-01_02,22,-19000,-38000,0.3372,0.3436781705361023,0.006478170536102279
2024-08-01_02,23,0,-38000,0.3276,0.3313297789128724,0.0037297789128724057
2024-08-01_02,24,19000,-38000,0.34,0.3439470730193177,0.003947073019317682
2024-08-01_02,25,38000,-38000,0.3686,0.3724799363136291,0.0038799363136290954
2024-08-01_02,26,57000,-38000,0.4115,0.42521188379803476,0.013711883798034785
2024-08-01_02,27,76000,-38000,0.2813,0.32127704099383547,0.03997704099383548
2024-08-01_02,28,-95000,-19000,0.2979,0.3315421569022827,0.03364215690228273
2024-08-01_02,29,-76000,-19000,0.4328,0.2442456636868897,-0.1885543363131103
2024-08-01_02,30,-57000,-19000,0.3737,0.3799647378943787,0.006264737894378702
2024-08-01_02,31,-38000,-19000,0.3284,0.33444287658648686,0.006042876586486834
2024-08-01_02,32,-19000,-19000,0.2996,0.30442170911053457,0.004821709110534589
2024-08-01_02,33,0,-19000,0.289,0.2930460630882874,0.0040460630882874216
2024-08-01_02,34,19000,-19000,0.3027,0.30703597082543954,0.004335970825439517
2024-08-01_02,35,38000,-19000,0.3334,0.3382580297182618,0.004858029718261825
2024-08-01_02,36,57000,-19000,0.3811,0.3850934897015075,0.00399348970150748
2024-08-01_02,37,76000,-19000,0.44,0.2752930226356811,-0.16470697736431889
2024-08-01_02,38,95000,-19000,0.3038,0.33543861519497686,0.03163861519497685
2024-08-01_02,39,-95000,0,0.3054,0.3235306038856507,0.018130603885650687
2024-08-01_02,40,-76000,0,0.4155,0.4077904888544921,-0.007709511145507886
2024-08-01_02,41,-57000,0,0.3566,0.3614717728436889,0.0048717728436889485
2024-08-01_02,42,-38000,0,0.3113,0.3162498474626769,0.004949847462676904
2024-08-01_02,43,-19000,0,0.2811,0.28484010961157225,0.0037401096115722288
2024-08-01_02,44,19000,0,0.2849,0.2903981009560548,0.005498100956054797
2024-08-01_02,45,38000,0,0.3184,0.32387963060568237,0.005479630605682351
2024-08-01_02,46,57000,0,0.3664,0.3714669690813599,0.0050669690813598955
2024-08-01_02,47,76000,0,0.4251,0.2502074878584899,-0.17489251214151008
2024-08-01_02,48,95000,0,0.3039,0.34181635389328013,0.03791635389328013
2024-08-01_02,49,-95000,19000,0.2895,0.32470751497991945,0.035207514979919474
2024-08-01_02,50,-76000,19000,0.4154,0.3982940134476014,-0.01710598655239859
2024-08-01_02,51,-57000,19000,0.3561,0.3615266122088623,0.005426612208862258
2024-08-01_02,52,-38000,19000,0.3118,0.31589185903024286,0.004091859030242839
2024-08-01_02,53,-19000,19000,0.2838,0.2867560011486512,0.0029560011486511883
2024-08-01_02,54,0,19000,0.2746,0.2796377005936279,0.005037700593627903
2024-08-01_02,55,19000,19000,0.2874,0.2906003043029479,0.0032003043029479317
2024-08-01_02,56,38000,19000,0.3191,0.32375750718862917,0.004657507188629173
2024-08-01_02,57,57000,19000,0.3672,0.3704418327031249,0.0032418327031248917
2024-08-01_02,58,76000,19000,0.4264,0.26529155257522574,-0.16110844742477426
2024-08-01_02,59,95000,19000,0.2944,0.3272345135418091,0.03283451354180911
2024-08-01_02,60,-76000,38000,0.435,0.25043566038775644,-0.18456433961224356
2024-08-01_02,61,-57000,38000,0.3724,0.3756759719111633,0.0032759719111633
2024-08-01_02,62,-38000,38000,0.3298,0.3347045454640809,0.004904545464080923
2024-08-01_02,63,-19000,38000,0.3039,0.30915531006976327,0.005255310069763264
2024-08-01_02,64,0,38000,0.2954,0.2991824412255555,0.0037824412255554885
2024-08-01_02,65,19000,38000,0.308,0.312491427862732,0.004491427862731989
2024-08-01_02,66,38000,38000,0.3378,0.341712443833313,0.003912443833313017
2024-08-01_02,67,57000,38000,0.3833,0.3870460218391114,0.0037460218391114353
2024-08-01_02,68,76000,38000,0.4442,0.28269050695159903,-0.16150949304840095
2024-08-01_02,69,-76000,57000,0.2942,0.31701045484542845,0.02281045484542843
2024-08-01_02,70,-57000,57000,0.4068,0.4299367911593628,0.02313679115936279
2024-08-01_02,71,-38000,57000,0.3629,0.3673935035620728,0.004493503562072787
2024-08-01_02,72,-19000,57000,0.338,0.3422323899788209,0.004232389978820861
2024-08-01_02,73,0,57000,0.3299,0.33363707271984855,0.003737072719848522
2024-08-01_02,74,19000,57000,0.3417,0.3464449448926392,0.0047449448926392135
2024-08-01_02,75,38000,57000,0.3705,0.3733856036045533,0.0028856036045533107
2024-08-01_02,76,57000,57000,0.4151,0.41820916314678946,0.00310916314678944
2024-08-01_02,77,76000,57000,0.2892,0.31449543552398684,0.02529543552398683
2024-08-01_02,78,-57000,76000,0.2821,0.3151632472991943,0.0330632472991943
2024-08-01_02,79,-38000,76000,0.4135,0.41286432967056275,-0.0006356703294372323
2024-08-01_02,80,-19000,76000,0.3869,0.3916967671770324,0.004796767177032368
2024-08-01_02,81,0,76000,0.3783,0.3840254064559936,0.005725406455993565
2024-08-01_02,82,19000,76000,0.3906,0.394333667126892,0.003733667126891993
2024-08-01_02,83,38000,76000,0.419,0.3126707402447815,-0.10632925975521851
2024-08-01_02,84,57000,76000,0.2794,0.29417090730667117,0.014770907306671188
2024-08-01_02,85,-19000,95000,0.4468,0.2749327522503051,-0.17186724774969486
2024-08-01_02,86,0,95000,0.4489,0.2716870423316955,-0.17721295766830453
2024-08-01_02,87,19000,95000,0.4454,0.2848156802507018,-0.1605843197492982
2024-08-01_03,0,-19000,-95000,0.316,0.33161926402947994,0.01561926402947994
2024-08-01_03,1,0,-95000,0.3324,0.3364995979309082,0.00409959793090825
2024-08-01_03,2,19000,-95000,0.3193,0.32336231820919803,0.004062318209198057
2024-08-01_03,3,-57000,-76000,0.3363,0.3567309058189392,0.020430905818939193
2024-08-01_03,4,-38000,-76000,0.2912,0.3171036060769654,0.025903606076965402
2024-08-01_03,5,-19000,-76000,0.4563,0.2971269907384033,-0.15917300926159667
2024-08-01_03,6,0,-76000,0.4477,0.26858868802258296,-0.17911131197741703
2024-08-01_03,7,19000,-76000,0.4573,0.30189529191134645,-0.15540470808865353
2024-08-01_03,8,38000,-76000,0.2903,0.3001620998533021,0.009862099853302109
2024-08-01_03,9,57000,-76000,0.3232,0.3386864838600159,0.015486483860015887
2024-08-01_03,10,-76000,-57000,0.3259,0.3468078649520874,0.02090786495208735
2024-08-01_03,11,-57000,-57000,0.4615,0.2957772697925416,-0.16572273020745842
2024-08-01_03,12,-38000,-57000,0.4176,0.2867425738795777,-0.13085742612042234
2024-08-01_03,13,-19000,-57000,0.3917,0.3980946966067811,0.006394696606781103
2024-08-01_03,14,0,-57000,0.3837,0.392115930894928,0.008415930894928036
2024-08-01_03,15,19000,-57000,0.3936,0.4006759517626648,0.007075951762664789
2024-08-01_03,16,38000,-57000,0.4191,0.25984443873449714,-0.15925556126550283
2024-08-01_03,17,57000,-57000,0.461,0.3020464417611084,-0.15895355823889162
2024-08-01_03,18,76000,-57000,0.3193,0.3322295126914978,0.012929512691497835
2024-08-01_03,19,-76000,-38000,0.2824,0.3006018247200928,0.018201824720092796
2024-08-01_03,20,-57000,-38000,0.4098,0.3358465187162476,-0.0739534812837524
2024-08-01_03,21,-38000,-38000,0.3674,0.3781385065937499,0.010738506593749919
2024-08-01_03,22,-19000,-38000,0.3404,0.34964524544290154,0.009245245442901562
2024-08-01_03,23,0,-38000,0.3307,0.3401850833805238,0.009485083380523784
2024-08-01_03,24,19000,-38000,0.343,0.35072816691995246,0.007728166919952428
2024-08-01_03,25,38000,-38000,0.3717,0.38042415952682496,0.008724159526824982
2024-08-01_03,26,57000,-38000,0.4142,0.34210861262060543,-0.07209138737939458
2024-08-01_03,27,76000,-38000,0.2832,0.29518868687167354,0.011988686871673537
2024-08-01_03,28,-95000,-19000,0.2993,0.320500869736267,0.021200869736267003
2024-08-01_03,29,-76000,-19000,0.4357,0.2610043819441834,-0.17469561805581657
2024-08-01_03,30,-57000,-19000,0.3772,0.386435228422638,0.00923522842263802
2024-08-01_03,31,-38000,-19000,0.3322,0.340627983679779,0.008427983679778983
2024-08-01_03,32,-19000,-19000,0.3033,0.31319482357254036,0.009894823572540346
2024-08-01_03,33,0,-19000,0.2928,0.301522437215088,0.008722437215087975
2024-08-01_03,34,19000,-19000,0.3066,0.3153047037373047,0.008704703737304698
2024-08-01_03,35,38000,-19000,0.3371,0.34454736937796016,0.007447369377960145
2024-08-01_03,36,57000,-19000,0.3843,0.3926249887402955,0.008324988740295525
2024-08-01_03,37,76000,-19000,0.443,0.2664502422055359,-0.17654975779446408
2024-08-01_03,38,95000,-19000,0.3053,0.31769366721878045,0.012393667218780435
2024-08-01_03,39,-95000,0,0.307,0.32713396644592274,0.020133966445922746
2024-08-01_03,40,-76000,0,0.4184,0.2978625268116455,-0.1205374731883545
2024-08-01_03,41,-57000,0,0.3602,0.3696976314307252,0.009497631430725184
2024-08-01_03,42,-38000,0,0.3153,0.3251311108283692,0.009831110828369183
2024-08-01_03,43,-19000,0,0.2854,0.2948993799861146,0.009499379986114609
2024-08-01_03,44,19000,0,0.2893,0.29897258673147586,0.009672586731475863
2024-08-01_03,45,38000,0,0.3225,0.3308210468201904,0.008321046820190414
2024-08-01_03,46,57000,0,0.37,0.37713083410998527,0.0071308341099852735
2024-08-01_03,47,76000,0,0.4285,0.23152298305029295,-0.19697701694970704
2024-08-01_03,48,95000,0,0.3065,0.3164480874061584,0.009948087406158379
2024-08-01_03,49,-95000,19000,0.2914,0.30717217194934077,0.015772171949340774
2024-08-01_03,50,-76000,19000,0.4184,0.2927685731257019,-0.12563142687429807
2024-08-01_03,51,-57000,19000,0.3599,0.36990207992370605,0.010002079923706053
2024-08-01_03,52,-38000,19000,0.3158,0.3235884031772156,0.007788403177215575
2024-08-01_03,53,-19000,19000,0.2879,0.2961435721401673,0.008243572140167299
2024-08-01_03,54,0,19000,0.2792,0.2887691723766479,0.009569172376647894
2024-08-01_03,55,19000,19000,0.2918,0.30075203657223515,0.008952036572235145
2024-08-01_03,56,38000,19000,0.3233,0.3311868063230592,0.007886806323059214
2024-08-01_03,57,57000,19000,0.371,0.37981126230560314,0.00881126230560314
2024-08-01_03,58,76000,19000,0.4294,0.2668664083263854,-0.16253359167361459
2024-08-01_03,59,95000,19000,0.2969,0.31087875164678946,0.013978751646789467
2024-08-01_03,60,-76000,38000,0.4381,0.24600425789682,-0.19209574210317998
2024-08-01_03,61,-57000,38000,0.3761,0.3842746552167968,0.008174655216796833
2024-08-01_03,62,-38000,38000,0.334,0.3418185091077881,0.007818509107788085
2024-08-01_03,63,-19000,38000,0.308,0.31592013411840814,0.00792013411840814
2024-08-01_03,64,0,38000,0.2995,0.30878029221447756,0.00928029221447757
2024-08-01_03,65,19000,38000,0.3122,0.32302319361370846,0.010823193613708482
2024-08-01_03,66,38000,38000,0.3421,0.35181288421020507,0.009712884210205053
2024-08-01_03,67,57000,38000,0.3873,0.39468629322283943,0.007386293222839457
2024-08-01_03,68,76000,38000,0.448,0.28796398847299187,-0.16003601152700814
2024-08-01_03,69,-76000,57000,0.2966,0.3092095452308654,0.012609545230865438
2024-08-01_03,70,-57000,57000,0.4106,0.3383224741207276,-0.07227752587927244
2024-08-01_03,71,-38000,57000,0.3672,0.37725929657659907,0.010059296576599042
2024-08-01_03,72,-19000,57000,0.3422,0.3513649141690369,0.00916491416903692
2024-08-01_03,73,0,57000,0.3338,0.34301896389660635,0.00921896389660637
2024-08-01_03,74,19000,57000,0.3461,0.35533122923742666,0.009231229237426641
2024-08-01_03,75,38000,57000,0.3744,0.38279198314547735,0.008391983145477344
2024-08-01_03,76,57000,57000,0.4191,0.28211396034725955,-0.13698603965274042
2024-08-01_03,77,76000,57000,0.2923,0.3131959221839904,0.02089592218399039
2024-08-01_03,78,-57000,76000,0.2854,0.3004996973037719,0.01509969730377192
2024-08-01_03,79,-38000,76000,0.4177,0.30908719148553465,-0.10861280851446536
2024-08-01_03,80,-19000,76000,0.3913,0.3989019832787475,0.007601983278747504
2024-08-01_03,81,0,76000,0.3822,0.39377727632522586,0.011577276325225871
2024-08-01_03,82,19000,76000,0.3944,0.4009703985071107,0.00657039850711072
2024-08-01_03,83,38000,76000,0.4228,0.2637947558442688,-0.1590052441557312
2024-08-01_03,84,57000,76000,0.2832,0.3046926043510436,0.02149260435104361
2024-08-01_03,85,-19000,95000,0.4517,0.29685477924243164,-0.15484522075756835
2024-08-01_03,86,0,95000,0.4547,0.30360748891830447,-0.15109251108169552
2024-08-01_03,87,19000,95000,0.4492,0.2856005476306458,-0.1635994523693542
2024-08-01_04,0,-19000,-95000,0.3199,0.3333925737907104,0.013492573790710394
2024-08-01_04,1,0,-95000,0.3385,0.34715011959075937,0.008650119590759342
2024-08-01_04,2,19000,-95000,0.3204,0.326242200964447,0.005842200964446986
2024-08-01_04,3,-57000,-76000,0.3396,0.35055164623260504,0.010951646232605028
2024-08-01_04,4,-38000,-76000,0.2947,0.3054086357377015,0.010708635737701477
2024-08-01_04,5,-19000,-76000,0.4627,0.30122239549240115,-0.16147760450759885
2024-08-01_04,6,0,-76000,0.4541,0.2815785647770386,-0.17252143522296143
2024-08-01_04,7,19000,-76000,0.2769,0.3097145812781983,0.03281458127819831
2024-08-01_04,8,38000,-76000,0.2942,0.3015705296204223,0.007370529620422284
2024-08-01_04,9,57000,-76000,0.327,0.33887088708877555,0.011870887088775539
2024-08-01_04,10,-76000,-57000,0.3286,0.3415977172851563,0.012997717285156307
2024-08-01_04,11,-57000,-57000,0.2789,0.29389439251376337,0.014994392513763388
2024-08-01_04,12,-38000,-57000,0.4238,0.22531361246218862,-0.1984863875378114
2024-08-01_04,13,-19000,-57000,0.3975,0.40675707849688725,0.009257078496887228
2024-08-01_04,14,0,-57000,0.3891,0.3979428526086426,0.008842852608642593
2024-08-01_04,15,19000,-57000,0.3992,0.4072170042495422,0.008017004249542214
2024-08-01_04,16,38000,-57000,0.4244,0.2081620122807617,-0.2162379877192383
2024-08-01_04,17,57000,-57000,0.2778,0.29004744521960446,0.01224744521960447
2024-08-01_04,18,76000,-57000,0.3226,0.32744253091812126,0.004842530918121257
2024-08-01_04,19,-76000,-38000,0.2854,0.300487644652649,0.015087644652649002
2024-08-01_04,20,-57000,-38000,0.4151,0.2795695221983643,-0.13553047780163574
2024-08-01_04,21,-38000,-38000,0.3733,0.38244749933612066,0.009147499336120635
2024-08-01_04,22,-19000,-38000,0.3461,0.35630597533520514,0.01020597533520512
2024-08-01_04,23,0,-38000,0.3366,0.3460095163605652,0.009409516360565195
2024-08-01_04,24,19000,-38000,0.3487,0.35738666727423096,0.008686667274230953
2024-08-01_04,25,38000,-38000,0.3768,0.38644320182800285,0.009643201828002823
2024-08-01_04,26,57000,-38000,0.4188,0.2572022180264282,-0.16159778197357183
2024-08-01_04,27,76000,-38000,0.2868,0.29576614895068354,0.008966148950683539
2024-08-01_04,28,-95000,-19000,0.3016,0.31652826413549806,0.014928264135498082
2024-08-01_04,29,-76000,-19000,0.4408,0.24173573990396124,-0.19906426009603878
2024-08-01_04,30,-57000,-19000,0.3826,0.39173626798135386,0.009136267981353863
2024-08-01_04,31,-38000,-19000,0.338,0.3474486492377624,0.009448649237762397
2024-08-01_04,32,-19000,-19000,0.3093,0.3192799770159913,0.009979977015991293
2024-08-01_04,33,0,-19000,0.2987,0.3083445338658142,0.009644533865814153
2024-08-01_04,34,19000,-19000,0.3122,0.321517198005951,0.009317198005951044
2024-08-01_04,35,38000,-19000,0.3425,0.3521352671199647,0.009635267119964652
2024-08-01_04,36,57000,-19000,0.3893,0.39994026871521005,0.010640268715210066
2024-08-01_04,37,76000,-19000,0.4476,0.2714328745538024,-0.17616712544619761
2024-08-01_04,38,95000,-19000,0.3073,0.318806944987152,0.01150694498715199
2024-08-01_04,39,-95000,0,0.31,0.3258096673965454,0.01580966739654538
2024-08-01_04,40,-76000,0,0.4238,0.23825431625683602,-0.185545683743164
2024-08-01_04,41,-57000,0,0.3659,0.3748942422032471,0.008994242203247071
2024-08-01_04,42,-38000,0,0.3217,0.33205792980493154,0.010357929804931554
2024-08-01_04,43,-19000,0,0.2917,0.3011833627575988,0.009483362757598812
2024-08-01_04,44,19000,0,0.295,0.3060605908675842,0.011060590867584208
2024-08-01_04,45,38000,0,0.3278,0.3385722887131042,0.010772288713104206
2024-08-01_04,46,57000,0,0.3748,0.3847658538280945,0.00996585382809445
2024-08-01_04,47,76000,0,0.433,0.20536621322872928,-0.22763378677127072
2024-08-01_04,48,95000,0,0.3084,0.3109343001365661,0.002534300136566081
2024-08-01_04,49,-95000,19000,0.2939,0.30149314195129384,0.007593141951293847
2024-08-01_04,50,-76000,19000,0.424,0.23013689891488642,-0.19386310108511356
2024-08-01_04,51,-57000,19000,0.3659,0.37605378101687625,0.010153781016876251
2024-08-01_04,52,-38000,19000,0.3221,0.33231174364929195,0.010211743649291949
2024-08-01_04,53,-19000,19000,0.2941,0.3042328740491944,0.01013287404919444
2024-08-01_04,54,0,19000,0.2852,0.2962628475567628,0.01106284755676279
2024-08-01_04,55,19000,19000,0.2974,0.3080961701705016,0.010696170170501618
2024-08-01_04,56,38000,19000,0.3286,0.3394298546714172,0.010829854671417172
2024-08-01_04,57,57000,19000,0.3754,0.38609248949523933,0.010692489495239321
2024-08-01_04,58,76000,19000,0.4338,0.24425715195181263,-0.18954284804818738
2024-08-01_04,59,95000,19000,0.2981,0.3053539878918152,0.00725398789181525
2024-08-01_04,60,-76000,38000,0.4441,0.2712945636885682,-0.1728054363114318
2024-08-01_04,61,-57000,38000,0.382,0.39213226635403453,0.010132266354034525
2024-08-01_04,62,-38000,38000,0.34,0.35020759030828863,0.010207590308288605
2024-08-01_04,63,-19000,38000,0.3142,0.3253667028644105,0.011166702864410516
2024-08-01_04,64,0,38000,0.3056,0.3159508369428712,0.0103508369428712
2024-08-01_04,65,19000,38000,0.3178,0.32983013678167716,0.012030136781677137
2024-08-01_04,66,38000,38000,0.347,0.3573577900603637,0.010357790060363747
2024-08-01_04,67,57000,38000,0.3916,0.4024560705209961,0.010856070520996075
2024-08-01_04,68,76000,38000,0.4524,0.2967556309700623,-0.15564436902993772
2024-08-01_04,69,-76000,57000,0.2997,0.30691397123336794,0.007213971233367922
2024-08-01_04,70,-57000,57000,0.4159,0.2544747102097169,-0.1614252897902831
2024-08-01_04,71,-38000,57000,0.3725,0.38233831007958985,0.009838310079589851
2024-08-01_04,72,-19000,57000,0.348,0.35885510635162343,0.010855106351623456
2024-08-01_04,73,0,57000,0.3396,0.35012760417248545,0.010527604172485439
2024-08-01_04,74,19000,57000,0.3515,0.3619895895516052,0.010489589551605227
2024-08-01_04,75,38000,57000,0.379,0.3893737958431702,0.01037379584317022
2024-08-01_04,76,57000,57000,0.4232,0.2357213765085755,-0.18747862349142452
2024-08-01_04,77,76000,57000,0.2953,0.30664571580886846,0.01134571580886845
2024-08-01_04,78,-57000,76000,0.2882,0.2984827750205994,0.010282775020599377
2024-08-01_04,79,-38000,76000,0.4231,0.23270716198471075,-0.19039283801528922
2024-08-01_04,80,-19000,76000,0.3962,0.40474291902011106,0.008542919020111062
2024-08-01_04,81,0,76000,0.3873,0.3996586620330811,0.012358662033081114
2024-08-01_04,82,19000,76000,0.3995,0.40896139603741455,0.009461396037414527
2024-08-01_04,83,38000,76000,0.4279,0.21205780644674688,-0.21584219355325313
2024-08-01_04,84,57000,76000,0.2865,0.3022368198394776,0.01573681983947761
2024-08-01_04,85,-19000,95000,0.4566,0.29893532889434815,-0.15766467110565185
2024-08-01_04,86,0,95000,0.4604,0.30166242713928226,-0.1587375728607177
2024-08-01_04,87,19000,95000,0.4548,0.2933980374807128,-0.16140196251928718
2024-08-01_05,0,-19000,-95000,0.3226,0.3188076949418335,-0.003792305058166523
2024-08-01_05,1,0,-95000,0.3417,0.3364655433654786,-0.005234456634521378
2024-08-01_05,2,19000,-95000,0.3237,0.3169777290766296,-0.00672227092337041
2024-08-01_05,3,-57000,-76000,0.3423,0.34323478593826295,0.0009347859382629609
2024-08-01_05,4,-38000,-76000,0.2969,0.29425459748895255,-0.0026454025110474455
2024-08-01_05,5,-19000,-76000,0.2799,0.29062923615762326,0.010729236157623279
2024-08-01_05,6,0,-76000,0.4588,0.27851827800921636,-0.18028172199078363
2024-08-01_05,7,19000,-76000,0.2805,0.2855899138233031,0.005089913823303094
2024-08-01_05,8,38000,-76000,0.2966,0.30057529811218253,0.003975298112182557
2024-08-01_05,9,57000,-76000,0.3308,0.32844897193908684,-0.0023510280609131406
2024-08-01_05,10,-76000,-57000,0.333,0.3322393979072571,-0.0007606020927429236
2024-08-01_05,11,-57000,-57000,0.2808,0.2809597749238282,0.00015977492382818204
2024-08-01_05,12,-38000,-57000,0.4287,0.20445802820532233,-0.2242419717946777
2024-08-01_05,13,-19000,-57000,0.4025,0.4066092694877015,0.004109269487701461
2024-08-01_05,14,0,-57000,0.3942,0.3986028663526917,0.0044028663526917144
2024-08-01_05,15,19000,-57000,0.4044,0.4083738149283447,0.003973814928344699
2024-08-01_05,16,38000,-57000,0.4293,0.20493009352624503,-0.224369906473755
2024-08-01_05,17,57000,-57000,0.2821,0.2863120779385986,0.0042120779385985685
2024-08-01_05,18,76000,-57000,0.3259,0.3240886537551879,-0.0018113462448121065
2024-08-01_05,19,-76000,-38000,0.2879,0.28655342219427493,-0.0013465778057250577
2024-08-01_05,20,-57000,-38000,0.4194,0.24358692223931877,-0.17581307776068122
2024-08-01_05,21,-38000,-38000,0.3787,0.38248638624945075,0.0037863862494507683
2024-08-01_05,22,-19000,-38000,0.3516,0.3557897014320679,0.004189701432067872
2024-08-01_05,23,0,-38000,0.3421,0.3468840626283265,0.00478406262832648
2024-08-01_05,24,19000,-38000,0.3541,0.35794338060394293,0.003843380603942903
2024-08-01_05,25,38000,-38000,0.3817,0.3871421424865722,0.00544214248657221
2024-08-01_05,26,57000,-38000,0.4231,0.21647707143554684,-0.20662292856445313
2024-08-01_05,27,76000,-38000,0.2898,0.28737402187643424,-0.002425978123565764
2024-08-01_05,28,-95000,-19000,0.303,0.2995207905752868,-0.003479209424713192
2024-08-01_05,29,-76000,-19000,0.445,0.2273050749064025,-0.2176949250935975
2024-08-01_05,30,-57000,-19000,0.3873,0.3921862646147767,0.004886264614776703
2024-08-01_05,31,-38000,-19000,0.3433,0.34743904779583734,0.004139047795837347
2024-08-01_05,32,-19000,-19000,0.315,0.32011358389801026,0.005113583898010254
2024-08-01_05,33,0,-19000,0.3043,0.30978930036666874,0.005489300366668726
2024-08-01_05,34,19000,-19000,0.3179,0.32256585759582523,0.004665857595825218
2024-08-01_05,35,38000,-19000,0.3478,0.35317549547677607,0.005375495476776071
2024-08-01_05,36,57000,-19000,0.3943,0.39968133826843255,0.005381338268432567
2024-08-01_05,37,76000,-19000,0.4523,0.265963192775879,-0.186336807224121
2024-08-01_05,38,95000,-19000,0.3084,0.31035312526507575,0.001953125265075739
2024-08-01_05,39,-95000,0,0.3122,0.3125666146278381,0.00036661462783810217
2024-08-01_05,40,-76000,0,0.4281,0.20934781996401974,-0.21875218003598024
2024-08-01_05,41,-57000,0,0.3709,0.37630443879068,0.005404438790679977
2024-08-01_05,42,-38000,0,0.3268,0.3324479553902282,0.005647955390228221
2024-08-01_05,43,-19000,0,0.2971,0.30260319033444216,0.005503190334442187
2024-08-01_05,44,19000,0,0.3007,0.306279206208252,0.0055792062082519744
2024-08-01_05,45,38000,0,0.3335,0.33926900731448373,0.0057690073144837095
2024-08-01_05,46,57000,0,0.3802,0.38572075348486323,0.00552075348486325
2024-08-01_05,47,76000,0,0.4379,0.21160109498699953,-0.22629890501300048
2024-08-01_05,48,95000,0,0.3111,0.31092031269073495,-0.00017968730926504195
2024-08-01_05,49,-95000,19000,0.2958,0.3005597895322265,0.004759789532226499
2024-08-01_05,50,-76000,19000,0.4284,0.20842914767465204,-0.21997085232534797
2024-08-01_05,51,-57000,19000,0.3708,0.37621948538516237,0.005419485385162348
2024-08-01_05,52,-38000,19000,0.3275,0.3329337748304444,0.005433774830444382
2024-08-01_05,53,-19000,19000,0.2997,0.3056135771747437,0.005913577174743667
2024-08-01_05,54,0,19000,0.2908,0.2972329764489441,0.006432976448944083
2024-08-01_05,55,19000,19000,0.3034,0.3096047585739137,0.006204758573913671
2024-08-01_05,56,38000,19000,0.3342,0.340221409635437,0.006021409635437014
2024-08-01_05,57,57000,19000,0.3808,0.3863143785856322,0.005514378585632196
2024-08-01_05,58,76000,19000,0.4387,0.22192629432754507,-0.2167737056724549
2024-08-01_05,59,95000,19000,0.3007,0.29949077549819947,-0.0012092245018005543
2024-08-01_05,60,-76000,38000,0.4489,0.25221660229995724,-0.19668339770004278
2024-08-01_05,61,-57000,38000,0.3873,0.3925985909850769,0.005298590985076901
2024-08-01_05,62,-38000,38000,0.3456,0.35160345597814935,0.00600345597814933
2024-08-01_05,63,-19000,38000,0.32,0.3260421369863282,0.006042136986328217
2024-08-01_05,64,0,38000,0.3113,0.3173995279184876,0.006099527918487557
2024-08-01_05,65,19000,38000,0.324,0.3303262138270264,0.006326213827026417
2024-08-01_05,66,38000,38000,0.3588,0.35898402049975586,0.00018402049975585477
2024-08-01_05,67,57000,38000,0.3967,0.40336844065139776,0.006668440651397767
2024-08-01_05,68,76000,38000,0.457,0.2717026375787659,-0.18529736242123412
2024-08-01_05,69,-76000,57000,0.3017,0.3060286566734314,0.0043286566734313525
2024-08-01_05,70,-57000,57000,0.4209,0.210635607527893,-0.210264392472107
2024-08-01_05,71,-38000,57000,0.3781,0.38445941805264283,0.00635941805264284
2024-08-01_05,72,-19000,57000,0.3535,0.3598491845649414,0.006349184564941435
2024-08-01_05,73,0,57000,0.3454,0.3517131976535339,0.006313197653533942
2024-08-01_05,74,19000,57000,0.3571,0.3633785802333984,0.006278580233398445
2024-08-01_05,75,38000,57000,0.3871,0.39158579494604484,0.004485794946044841
2024-08-01_05,76,57000,57000,0.4299,0.20802385111529542,-0.22187614888470458
2024-08-01_05,77,76000,57000,0.2961,0.3016785190582276,0.005578519058227649
2024-08-01_05,78,-57000,76000,0.2912,0.29150354118347166,0.00030354118347164505
2024-08-01_05,79,-38000,76000,0.4277,0.20171126441729736,-0.22598873558270266
2024-08-01_05,80,-19000,76000,0.4016,0.4082074728552856,0.006607472855285568
2024-08-01_05,81,0,76000,0.3929,0.39928868923187255,0.006388689231872524
2024-08-01_05,82,19000,76000,0.4048,0.41164770792611693,0.006847707926116942
2024-08-01_05,83,38000,76000,0.4323,0.20205715764315801,-0.230242842356842
2024-08-01_05,84,57000,76000,0.2903,0.28806303005218514,-0.0022369699478148597
2024-08-01_05,85,-19000,95000,0.4606,0.2912531462505188,-0.16934685374948122
2024-08-01_05,86,0,95000,0.2799,0.29421976718902587,0.01431976718902589
2024-08-01_05,87,19000,95000,0.4593,0.286046163302887,-0.17325383669711297
2024-08-01_06,0,-19000,-95000,0.3259,0.3182594722698975,-0.007640527730102542
2024-08-01_06,1,0,-95000,0.3467,0.35827000341415416,0.01157000341415415
2024-08-01_06,2,19000,-95000,0.3264,0.32501130085437,-0.0013886991456300013
2024-08-01_06,3,-57000,-76000,0.3434,0.3433646718978882,-3.5328102111764625e-05
2024-08-01_06,4,-38000,-76000,0.2974,0.3016071412087402,0.004207141208740217
2024-08-01_06,5,-19000,-76000,0.281,0.28705671207675176,0.006056712076751736
2024-08-01_06,6,0,-76000,0.4606,0.26281064033029167,-0.19778935966970834
2024-08-01_06,7,19000,-76000,0.2821,0.2951575187451172,0.01305751874511718
2024-08-01_06,8,38000,-76000,0.2981,0.29766942804364005,-0.0004305719563599264
2024-08-01_06,9,57000,-76000,0.3379,0.33921278305053715,0.0013127830505371696
2024-08-01_06,10,-76000,-57000,0.3346,0.3497799794197083,0.015179979419708278
2024-08-01_06,11,-57000,-57000,0.2827,0.29324317384802256,0.010543173848022558
2024-08-01_06,12,-38000,-57000,0.4305,0.25647792545922843,-0.17402207454077157
2024-08-01_06,13,-19000,-57000,0.406,0.4066924661449891,0.000692466144989079
2024-08-01_06,14,0,-57000,0.3985,0.39688745323562613,-0.00161254676437389
2024-08-01_06,15,19000,-57000,0.4085,0.40665987543362436,-0.0018401245663756116
2024-08-01_06,16,38000,-57000,0.434,0.25286811495501715,-0.18113188504498284
2024-08-01_06,17,57000,-57000,0.2843,0.2940170067839356,0.009717006783935611
2024-08-01_06,18,76000,-57000,0.3303,0.32967043704986576,-0.0006295629501342215
2024-08-01_06,19,-76000,-38000,0.2901,0.2924612832631226,0.002361283263122571
2024-08-01_06,20,-57000,-38000,0.4233,0.27208814221768196,-0.15121185778231805
2024-08-01_06,21,-38000,-38000,0.3826,0.3824558629230652,-0.0001441370769347805
2024-08-01_06,22,-19000,-38000,0.3564,0.35509441458343516,-0.0013055854165648362
2024-08-01_06,23,0,-38000,0.3475,0.34685180537503046,-0.0006481946249695114
2024-08-01_06,24,19000,-38000,0.3599,0.3579335366786498,-0.001966463321350198
2024-08-01_06,25,38000,-38000,0.3878,0.38740152902603153,-0.00039847097396844555
2024-08-01_06,26,57000,-38000,0.4288,0.2598150645538331,-0.16898493544616694
2024-08-01_06,27,76000,-38000,0.2923,0.29873942263174436,0.0064394226317443515
2024-08-01_06,28,-95000,-19000,0.3051,0.3159411863211976,0.010841186321197627
2024-08-01_06,29,-76000,-19000,0.4494,0.2552916972025452,-0.19410830279745483
2024-08-01_06,30,-57000,-19000,0.3925,0.39120643346310424,-0.0012935665368957738
2024-08-01_06,31,-38000,-19000,0.3486,0.34804523207962035,-0.0005547679203796729
2024-08-01_06,32,-19000,-19000,0.3206,0.3192937479733582,-0.0013062520266418076
2024-08-01_06,33,0,-19000,0.3102,0.308358701936676,-0.0018412980633239484
2024-08-01_06,34,19000,-19000,0.3243,0.3218947509501342,-0.0024052490498657764
2024-08-01_06,35,38000,-19000,0.3544,0.35435225434075934,-4.7745659240649996e-05
2024-08-01_06,36,57000,-19000,0.4002,0.39937702077777093,-0.0008229792222290699
2024-08-01_06,37,76000,-19000,0.4576,0.2750207027034912,-0.1825792972965088
2024-08-01_06,38,95000,-19000,0.3128,0.3200225604582214,0.007222560458221394
2024-08-01_06,39,-95000,0,0.3155,0.32792543382644657,0.012425433826446564
2024-08-01_06,40,-76000,0,0.4331,0.2677133355496215,-0.16538666445037847
2024-08-01_06,41,-57000,0,0.3766,0.3752531010205993,-0.0013468989794007125
2024-08-01_06,42,-38000,0,0.3328,0.33140346686901845,-0.0013965331309815365
2024-08-01_06,43,-19000,0,0.3033,0.30333317804806526,3.317804806524105e-05
2024-08-01_06,44,19000,0,0.3074,0.3057282612242431,-0.0016717387757568813
2024-08-01_06,45,38000,0,0.3402,0.3382731627017517,-0.0019268372982483295
2024-08-01_06,46,57000,0,0.3861,0.3858345203600464,-0.000265479639953603
2024-08-01_06,47,76000,0,0.4432,0.24036411975769045,-0.20283588024230953
2024-08-01_06,48,95000,0,0.3155,0.32012838296890256,0.004628382968902556
2024-08-01_06,49,-95000,19000,0.2979,0.3013005210006714,0.003400521000671397
2024-08-01_06,50,-76000,19000,0.4334,0.26388947357226566,-0.16951052642773434
2024-08-01_06,51,-57000,19000,0.3765,0.37622358560882563,-0.0002764143911743733
2024-08-01_06,52,-38000,19000,0.3335,0.3320212919343566,-0.0014787080656434304
2024-08-01_06,53,-19000,19000,0.3061,0.30430649855072023,-0.0017935014492797552
2024-08-01_06,54,0,19000,0.297,0.2964459082582398,-0.0005540917417601876
2024-08-01_06,55,19000,19000,0.3099,0.3096099613403931,-0.0002900386596069171
2024-08-01_06,56,38000,19000,0.341,0.3393351820502015,-0.0016648179497985027
2024-08-01_06,57,57000,19000,0.387,0.38577607442614736,-0.0012239255738526467
2024-08-01_06,58,76000,19000,0.4444,0.24257707941607665,-0.20182292058392337
2024-08-01_06,59,95000,19000,0.3038,0.3065921388883668,0.0027921388883667686
2024-08-01_06,60,-76000,38000,0.4529,0.27180710037863154,-0.18109289962136849
2024-08-01_06,61,-57000,38000,0.3927,0.39261305831536863,-8.694168463135865e-05
2024-08-01_06,62,-38000,38000,0.3517,0.35009250329638664,-0.0016074967036133758
2024-08-01_06,63,-19000,38000,0.3262,0.32574314883990474,-0.00045685116009525073
2024-08-01_06,64,0,38000,0.3175,0.31687434825604255,-0.000625651743957456
2024-08-01_06,65,19000,38000,0.3303,0.33037148344564815,7.148344564816833e-05
2024-08-01_06,66,38000,38000,0.359,0.3574885472965088,-0.0015114527034911784
2024-08-01_06,67,57000,38000,0.4028,0.4016322840673523,-0.001167715932647695
2024-08-01_06,68,76000,38000,0.2778,0.2853167755060424,0.007516775506042406
2024-08-01_06,69,-76000,57000,0.3034,0.3184095086097718,0.015009508609771793
2024-08-01_06,70,-57000,57000,0.4258,0.2612867745842895,-0.1645132254157105
2024-08-01_06,71,-38000,57000,0.3838,0.38370958085766604,-9.041914233393067e-05
2024-08-01_06,72,-19000,57000,0.3595,0.35991262245385736,0.00041262245385736973
2024-08-01_06,73,0,57000,0.3512,0.3507357939738769,-0.0004642060261231262
2024-08-01_06,74,19000,57000,0.3628,0.3627395750890199,-6.042491098012803e-05
2024-08-01_06,75,38000,57000,0.3904,0.39166516796044926,0.0012651679604492316
2024-08-01_06,76,57000,57000,0.4339,0.256202765888214,-0.177697234111786
2024-08-01_06,77,76000,57000,0.2997,0.3156023435592652,0.015902343559265175
2024-08-01_06,78,-57000,76000,0.2931,0.3002915443420411,0.007191544342041056
2024-08-01_06,79,-38000,76000,0.4333,0.24978620571743781,-0.1835137942825622
2024-08-01_06,80,-19000,76000,0.4073,0.4080045087271422,0.0007045087271422279
2024-08-01_06,81,0,76000,0.3986,0.3998227075576781,0.0012227075576781155
2024-08-01_06,82,19000,76000,0.4103,0.4080675342175599,-0.002232465782440074
2024-08-01_06,83,38000,76000,0.4383,0.21364661341830438,-0.22465338658169565
2024-08-01_06,84,57000,76000,0.2931,0.2996065430641175,0.006506543064117465
2024-08-01_06,85,-19000,95000,0.2789,0.2948589280855407,0.015958928085540725
2024-08-01_06,86,0,95000,0.2821,0.29437112369537344,0.01227112369537342
2024-08-01_06,87,19000,95000,0.2778,0.29732084446936025,0.019520844469360255
2024-08-01_07,0,-19000,-95000,0.3281,0.33078327439041133,0.0026832743904113276
2024-08-01_07,1,0,-95000,0.3473,0.3489684564590454,0.0016684564590453976
2024-08-01_07,2,19000,-95000,0.329,0.3082323932723998,-0.020767606727600196
2024-08-01_07,3,-57000,-76000,0.3464,0.3519561314582824,0.005556131458282432
2024-08-01_07,4,-38000,-76000,0.2995,0.298325216842102,-0.001174783157897985
2024-08-01_07,5,-19000,-76000,0.2835,0.2919646341126403,0.008464634112640312
2024-08-01_07,6,0,-76000,0.2775,0.29182797676968386,0.014327976769683837
2024-08-01_07,7,19000,-76000,0.2845,0.29229596876699837,0.007795968766998396
2024-08-01_07,8,38000,-76000,0.3004,0.2998955507112122,-0.0005044492887877894
2024-08-01_07,9,57000,-76000,0.3404,0.3317624937057495,-0.008637506294250474
2024-08-01_07,10,-76000,-57000,0.3404,0.33336502552032465,-0.007034974479675327
2024-08-01_07,11,-57000,-57000,0.2845,0.26446760090957633,-0.020032399090423647
2024-08-01_07,12,-38000,-57000,0.2082,0.230198267590088,0.021998267590087994
2024-08-01_07,13,-19000,-57000,0.41,0.40644339633966053,-0.0035566036603394413
2024-08-01_07,14,0,-57000,0.4023,0.3986524790731507,-0.003647520926849279
2024-08-01_07,15,19000,-57000,0.4125,0.41001681025793446,-0.002483189742065517
2024-08-01_07,16,38000,-57000,0.2089,0.2272727986460572,0.018372798646057203
2024-08-01_07,17,57000,-57000,0.2864,0.2968566793803711,0.010456679380371092
2024-08-01_07,18,76000,-57000,0.3318,0.32067483768463134,-0.011125162315368642
2024-08-01_07,19,-76000,-38000,0.2925,0.28929446662799063,-0.0032055333720093504
2024-08-01_07,20,-57000,-38000,0.206,0.34798818194183356,0.14198818194183357
2024-08-01_07,21,-38000,-38000,0.3863,0.3833275837030945,-0.002972416296905478
2024-08-01_07,22,-19000,-38000,0.3602,0.3571177874690856,-0.0030822125309143966
2024-08-01_07,23,0,-38000,0.3513,0.3478741352052308,-0.0034258647947691956
2024-08-01_07,24,19000,-38000,0.3635,0.3605002078356019,-0.0029997921643981074
2024-08-01_07,25,38000,-38000,0.3914,0.38844883546829223,-0.002951164531707795
2024-08-01_07,26,57000,-38000,0.2081,0.2309259628488769,0.02282596284887689
2024-08-01_07,27,76000,-38000,0.2936,0.2969900240624084,0.0033900240624083477
2024-08-01_07,28,-95000,-19000,0.3065,0.2989079277689819,-0.007592072231018099
2024-08-01_07,29,-76000,-19000,0.2681,0.25081774305603033,-0.017282256943969676
2024-08-01_07,30,-57000,-19000,0.3961,0.3932391889931335,-0.002860811006866526
2024-08-01_07,31,-38000,-19000,0.3522,0.35071070306289664,-0.0014892969371033682
2024-08-01_07,32,-19000,-19000,0.3248,0.3210469135946046,-0.0037530864053954005
2024-08-01_07,33,0,-19000,0.3145,0.31103104388119496,-0.0034689561188050444
2024-08-01_07,34,19000,-19000,0.3283,0.32536969146444705,-0.002930308535552928
2024-08-01_07,35,38000,-19000,0.358,0.35479012239505003,-0.003209877604949951
2024-08-01_07,36,57000,-19000,0.4039,0.4011187605476989,-0.0027812394523010764
2024-08-01_07,37,76000,-19000,0.2746,0.2840993522597046,0.009499352259704608
2024-08-01_07,38,95000,-19000,0.314,0.3075609854543151,-0.006439014545684907
2024-08-01_07,39,-95000,0,0.3178,0.31053455715179445,-0.007265442848205572
2024-08-01_07,40,-76000,0,0.2081,0.20569803310913093,-0.0024019668908690783
2024-08-01_07,41,-57000,0,0.3801,0.379025908729004,-0.0010740912709960027
2024-08-01_07,42,-38000,0,0.3367,0.3344903006025086,-0.0022096993974913826
2024-08-01_07,43,-19000,0,0.3077,0.3043957504808654,-0.00330424951913455
2024-08-01_07,44,19000,0,0.3117,0.3071372380907593,-0.0045627619092406535
2024-08-01_07,45,38000,0,0.3445,0.34142890865881337,-0.0030710913411866048
2024-08-01_07,46,57000,0,0.3901,0.38752442254031383,-0.0025755774596861736
2024-08-01_07,47,76000,0,0.2606,0.24768459721127312,-0.012915402788726882
2024-08-01_07,48,95000,0,0.3159,0.3222041743278503,0.006304174327850298
2024-08-01_07,49,-95000,19000,0.2995,0.2966975462287902,-0.0028024537712098008
2024-08-01_07,50,-76000,19000,0.21,0.22218149462338266,0.012181494623382666
2024-08-01_07,51,-57000,19000,0.3805,0.37757542115835574,-0.0029245788416442653
2024-08-01_07,52,-38000,19000,0.3378,0.3347221411313477,-0.0030778588686523056
2024-08-01_07,53,-19000,19000,0.3108,0.3066792695264282,-0.00412073047357181
2024-08-01_07,54,0,19000,0.3021,0.29932868947033686,-0.002771310529663118
2024-08-01_07,55,19000,19000,0.3147,0.3118959121263123,-0.0028040878736876884
2024-08-01_07,56,38000,19000,0.3453,0.34402117664486687,-0.0012788233551331296
2024-08-01_07,57,57000,19000,0.3909,0.38734527623455817,-0.0035547237654418584
2024-08-01_07,58,76000,19000,0.2621,0.24228269346868903,-0.019817306531310974
2024-08-01_07,59,95000,19000,0.3046,0.31318939683139035,0.008589396831390372
2024-08-01_07,60,-76000,38000,0.2718,0.2641994706257935,-0.007600529374206466
2024-08-01_07,61,-57000,38000,0.3969,0.39338075101150505,-0.0035192489884949274
2024-08-01_07,62,-38000,38000,0.3559,0.3534121583571166,-0.002487841642883404
2024-08-01_07,63,-19000,38000,0.3312,0.3268510424916382,-0.004348957508361784
2024-08-01_07,64,0,38000,0.3226,0.31855044172146596,-0.004049558278534038
2024-08-01_07,65,19000,38000,0.3352,0.3324654322873535,-0.0027345677126465184
2024-08-01_07,66,38000,38000,0.3635,0.36061637416302483,-0.0028836258369751566
2024-08-01_07,67,57000,38000,0.4062,0.4048774176586303,-0.0013225823413697269
2024-08-01_07,68,76000,38000,0.2798,0.28925897015728763,0.009458970157287638
2024-08-01_07,69,-76000,57000,0.3075,0.31224910745620726,0.004749107456207269
2024-08-01_07,70,-57000,57000,0.2083,0.23075934765078743,0.022459347650787415
2024-08-01_07,71,-38000,57000,0.3881,0.38594268822216793,-0.0021573117778320716
2024-08-01_07,72,-19000,57000,0.3642,0.36202526683178715,-0.0021747331682128723
2024-08-01_07,73,0,57000,0.3562,0.3535748038984985,-0.0026251961015015257
2024-08-01_07,74,19000,57000,0.3676,0.36536324326702885,-0.0022367567329711346
2024-08-01_07,75,38000,57000,0.3943,0.3928070244968873,-0.0014929755031126701
2024-08-01_07,76,57000,57000,0.21,0.22710082030764767,0.017100820307647674
2024-08-01_07,77,76000,57000,0.3,0.30585828561782846,0.005858285617828474
2024-08-01_07,78,-57000,76000,0.2957,0.29492191801071166,-0.0007780819892883595
2024-08-01_07,79,-38000,76000,0.21,0.2371453551970215,0.02714535519702152
2024-08-01_07,80,-19000,76000,0.4117,0.40920497309552006,-0.0024950269044799467
2024-08-01_07,81,0,76000,0.4028,0.40041498231887807,-0.002385017681121926
2024-08-01_07,82,19000,76000,0.4141,0.4126507603991394,-0.00144923960086063
2024-08-01_07,83,38000,76000,0.21,0.21712137939849852,0.007121379398498523
2024-08-01_07,84,57000,76000,0.2934,0.2970472886085511,0.0036472886085511247
2024-08-01_07,85,-19000,95000,0.2817,0.3010596872008666,0.019359687200866615
2024-08-01_07,86,0,95000,0.2847,0.2899318723678588,0.00523187236785877
2024-08-01_07,87,19000,95000,0.2803,0.2852135779753113,0.004913577975311334
2024-08-01_08,0,-19000,-95000,0.3281,0.3314403494489746,0.0033403494489746
2024-08-01_08,1,0,-95000,0.3475,0.34282913808822624,-0.004670861911773738
2024-08-01_08,2,19000,-95000,0.3281,0.32602076519366463,-0.0020792348063353727
2024-08-01_08,3,-57000,-76000,0.3468,0.3503235534667968,0.0035235534667967805
2024-08-01_08,4,-38000,-76000,0.2995,0.2969933407569274,-0.0025066592430725843
2024-08-01_08,5,-19000,-76000,0.2826,0.29481931524447624,0.012219315244476225
2024-08-01_08,6,0,-76000,0.277,0.2973495831054993,0.02034958310549928
2024-08-01_08,7,19000,-76000,0.2845,0.2885147300329285,0.004014730032928515
2024-08-01_08,8,38000,-76000,0.2995,0.3016083400262146,0.002108340026214628
2024-08-01_08,9,57000,-76000,0.3394,0.33620352029800404,-0.0031964797019959357
2024-08-01_08,10,-76000,-57000,0.3387,0.3332130865097045,-0.005486913490295509
2024-08-01_08,11,-57000,-57000,0.2845,0.29788914052246085,0.013389140522460874
2024-08-01_08,12,-38000,-57000,0.2082,0.24300438358355714,0.03480438358355714
2024-08-01_08,13,-19000,-57000,0.4086,0.40785411262902826,-0.000745887370971754
2024-08-01_08,14,0,-57000,0.4012,0.39977801725573725,-0.0014219827442627508
2024-08-01_08,15,19000,-57000,0.4116,0.4098546855180969,-0.0017453144819031263
2024-08-01_08,16,38000,-57000,0.2089,0.2323636895214234,0.023463689521423386
2024-08-01_08,17,57000,-57000,0.2868,0.2815740699627076,-0.005225930037292381
2024-08-01_08,18,76000,-57000,0.3318,0.32555485248565663,-0.006245147514343352
2024-08-01_08,19,-76000,-38000,0.2915,0.29087764410974115,-0.00062235589025883
2024-08-01_08,20,-57000,-38000,0.2057,0.26349753298837286,0.05779753298837287
2024-08-01_08,21,-38000,-38000,0.3846,0.3845104211357726,-8.957886422739092e-05
2024-08-01_08,22,-19000,-38000,0.3584,0.3579641499679871,-0.00043585003201290773
2024-08-01_08,23,0,-38000,0.3496,0.34908700015545646,-0.0005129998445435602
2024-08-01_08,24,19000,-38000,0.3623,0.36019275588510125,-0.0021072441148987653
2024-08-01_08,25,38000,-38000,0.3904,0.3874959397315978,-0.002904060268402231
2024-08-01_08,26,57000,-38000,0.2081,0.24343942708728017,0.03533942708728016
2024-08-01_08,27,76000,-38000,0.2934,0.2897687328572083,-0.0036312671427917165
2024-08-01_08,28,-95000,-19000,0.306,0.3078595430128479,0.0018595430128479085
2024-08-01_08,29,-76000,-19000,0.2653,0.27002571164636224,0.004725711646362263
2024-08-01_08,30,-57000,-19000,0.3946,0.39378392374499516,-0.0008160762550048495
2024-08-01_08,31,-38000,-19000,0.3505,0.3499601963878478,-0.0005398036121521677
2024-08-01_08,32,-19000,-19000,0.3225,0.32197421689315786,-0.0005257831068421481
2024-08-01_08,33,0,-19000,0.3124,0.3123287573876954,-7.124261230462281e-05
2024-08-01_08,34,19000,-19000,0.3267,0.32577938920574945,-0.0009206107942505426
2024-08-01_08,35,38000,-19000,0.357,0.35522709050177004,-0.0017729094982299465
2024-08-01_08,36,57000,-19000,0.4029,0.4014373059736329,-0.0014626940263670618
2024-08-01_08,37,76000,-19000,0.2737,0.2853844627424622,0.01168446274246221
2024-08-01_08,38,95000,-19000,0.314,0.3109999498609619,-0.0030000501390380907
2024-08-01_08,39,-95000,0,0.3164,0.31591466779708866,-0.00048533220291135937
2024-08-01_08,40,-76000,0,0.2085,0.23613859490322886,0.02763859490322887
2024-08-01_08,41,-57000,0,0.3785,0.3777444507566834,-0.0007555492433166111
2024-08-01_08,42,-38000,0,0.335,0.334597121618744,-0.00040287838125602216
2024-08-01_08,43,-19000,0,0.3053,0.3048553094102784,-0.0004446905897216302
2024-08-01_08,44,19000,0,0.31,0.30857496935018913,-0.0014250306498108656
2024-08-01_08,45,38000,0,0.343,0.3416462625729675,-0.001353737427032542
2024-08-01_08,46,57000,0,0.3891,0.38775518958612065,-0.0013448104138793493
2024-08-01_08,47,76000,0,0.21,0.24700449656182855,0.037004496561828554
2024-08-01_08,48,95000,0,0.3159,0.32021199541091927,0.004311995410919256
2024-08-01_08,49,-95000,19000,0.2985,0.29893388582879643,0.0004338858287964431
2024-08-01_08,50,-76000,19000,0.2091,0.23962264923779286,0.030522649237792854
2024-08-01_08,51,-57000,19000,0.3786,0.377863120446289,-0.0007368795537109896
2024-08-01_08,52,-38000,19000,0.336,0.33650308103158566,0.0005030810315856393
2024-08-01_08,53,-19000,19000,0.3087,0.3076247348695069,-0.0010752651304930527
2024-08-01_08,54,0,19000,0.3002,0.2992453176230163,-0.0009546823769837065
2024-08-01_08,55,19000,19000,0.3131,0.31164212504495237,-0.0014578749550476222
2024-08-01_08,56,38000,19000,0.3443,0.3430348286254272,-0.001265171374572771
2024-08-01_08,57,57000,19000,0.39,0.3882376816460571,-0.0017623183539429155
2024-08-01_08,58,76000,19000,0.2617,0.25939307789205923,-0.0023069221079407565
2024-08-01_08,59,95000,19000,0.3046,0.31088255074468996,0.006282550744689974
2024-08-01_08,60,-76000,38000,0.2718,0.2899495603173523,0.01814956031735232
2024-08-01_08,61,-57000,38000,0.3951,0.3945459924174195,-0.0005540075825805069
2024-08-01_08,62,-38000,38000,0.3544,0.3540998798540955,-0.00030012014590447
2024-08-01_08,63,-19000,38000,0.3293,0.3286691062541809,-0.0006308937458190944
2024-08-01_08,64,0,38000,0.3212,0.3194661581490479,-0.0017338418509521003
2024-08-01_08,65,19000,38000,0.3338,0.3317645286913147,-0.0020354713086853105
2024-08-01_08,66,38000,38000,0.3623,0.36280079883843985,0.0005007988384398421
2024-08-01_08,67,57000,38000,0.4057,0.40565685321203615,-4.314678796385474e-05
2024-08-01_08,68,76000,38000,0.2793,0.292751870950531,0.01345187095053102
2024-08-01_08,69,-76000,57000,0.3065,0.308067557144165,0.0015675571441650105
2024-08-01_08,70,-57000,57000,0.208,0.24999593819485466,0.04199593819485467
2024-08-01_08,71,-38000,57000,0.3868,0.3862250397753295,-0.0005749602246704621
2024-08-01_08,72,-19000,57000,0.3628,0.36202000470001217,-0.0007799952999878457
2024-08-01_08,73,0,57000,0.355,0.35392789055676266,-0.0010721094432373235
2024-08-01_08,74,19000,57000,0.3666,0.36663788158743293,3.7881587432953e-05
2024-08-01_08,75,38000,57000,0.3938,0.3930609094585267,-0.0007390905414733084
2024-08-01_08,76,57000,57000,0.21,0.2329130337644958,0.0229130337644958
2024-08-01_08,77,76000,57000,0.3009,0.2979938926696777,-0.002906107330322316
2024-08-01_08,78,-57000,76000,0.2946,0.29505610160827633,0.00045610160827636026
2024-08-01_08,79,-38000,76000,0.2091,0.23823509956307976,0.029135099563079747
2024-08-01_08,80,-19000,76000,0.4107,0.4098359974822692,-0.000864002517730833
2024-08-01_08,81,0,76000,0.4026,0.40173021841049184,-0.0008697815895081784
2024-08-01_08,82,19000,76000,0.414,0.4133498676870728,-0.0006501323129271541
2024-08-01_08,83,38000,76000,0.2095,0.23583202189035024,0.02633202189035025
2024-08-01_08,84,57000,76000,0.2932,0.29714995050430293,0.003949950504302913
2024-08-01_08,85,-19000,95000,0.2812,0.31085308746884155,0.029653087468841544
2024-08-01_08,86,0,95000,0.284,0.3043942837715148,0.02039428377151481
2024-08-01_08,87,19000,95000,0.2798,0.3040814199648132,0.0242814199648132
2024-08-01_09,0,-19000,-95000,0.33,0.32225781741979986,-0.007742182580200152
2024-08-01_09,1,0,-95000,0.3484,0.3462468653678894,-0.002153134632110587
2024-08-01_09,2,19000,-95000,0.3309,0.32814115940313715,-0.002758840596862877
2024-08-01_09,3,-57000,-76000,0.3489,0.3402162322998046,-0.00868376770019541
2024-08-01_09,4,-38000,-76000,0.3009,0.2990798357290039,-0.0018201642709961274
2024-08-01_09,5,-19000,-76000,0.284,0.28896062636505127,0.0049606263650512905
2024-08-01_09,6,0,-76000,0.2784,0.2786850453451233,0.0002850453451233026
2024-08-01_09,7,19000,-76000,0.2854,0.2863640039530946,0.0009640039530945943
2024-08-01_09,8,38000,-76000,0.3011,0.3000119324667969,-0.0010880675332030632
2024-08-01_09,9,57000,-76000,0.3402,0.3384081701278687,-0.0017918298721312786
2024-08-01_09,10,-76000,-57000,0.3408,0.33746845817565907,-0.0033315418243409223
2024-08-01_09,11,-57000,-57000,0.2861,0.28075155497595206,-0.005348445024047965
2024-08-01_09,12,-38000,-57000,0.2081,0.2111834612566834,0.0030834612566834063
2024-08-01_09,13,-19000,-57000,0.4118,0.40536678390731806,-0.006433216092681937
2024-08-01_09,14,0,-57000,0.4041,0.3991139173523255,-0.004986082647674528
2024-08-01_09,15,19000,-57000,0.4139,0.4082066167799072,-0.005693383220092774
2024-08-01_09,16,38000,-57000,0.2091,0.20836500883331288,-0.0007349911666871267
2024-08-01_09,17,57000,-57000,0.2868,0.28452907376776126,-0.0022709262322387347
2024-08-01_09,18,76000,-57000,0.3346,0.3310808519363404,-0.003519148063659605
2024-08-01_09,19,-76000,-38000,0.2925,0.29071948320355223,-0.0017805167964477508
2024-08-01_09,20,-57000,-38000,0.2052,0.24169295951599112,0.03649295951599113
2024-08-01_09,21,-38000,-38000,0.3873,0.3829436462981568,-0.004356353701843174
2024-08-01_09,22,-19000,-38000,0.3613,0.3572049025210877,-0.004095097478912291
2024-08-01_09,23,0,-38000,0.3526,0.3488531287985839,-0.0037468712014161465
2024-08-01_09,24,19000,-38000,0.3648,0.3598809629943238,-0.004919037005676197
2024-08-01_09,25,38000,-38000,0.3928,0.3887983540534974,-0.004001645946502597
2024-08-01_09,26,57000,-38000,0.2091,0.2186342979072875,0.009534297907287492
2024-08-01_09,27,76000,-38000,0.2943,0.29495772650878904,0.000657726508789036
2024-08-01_09,28,-95000,-19000,0.307,0.309853091638855,0.0028530916388549987
2024-08-01_09,29,-76000,-19000,0.2671,0.24838547091616814,-0.018714529083831866
2024-08-01_09,30,-57000,-19000,0.3966,0.3929157039122315,-0.0036842960877684905
2024-08-01_09,31,-38000,-19000,0.3531,0.34878411693377687,-0.004315883066223158
2024-08-01_09,32,-19000,-19000,0.3254,0.32134664047195427,-0.004053359528045752
2024-08-01_09,33,0,-19000,0.315,0.31090180278723145,-0.004098197212768551
2024-08-01_09,34,19000,-19000,0.3294,0.32460020055142214,-0.0047997994485778905
2024-08-01_09,35,38000,-19000,0.3597,0.3555772651942444,-0.004122734805755646
2024-08-01_09,36,57000,-19000,0.4057,0.40156781773095696,-0.00413218226904305
2024-08-01_09,37,76000,-19000,0.2775,0.2697603613479309,-0.007739638652069114
2024-08-01_09,38,95000,-19000,0.3159,0.31318002735018924,-0.0027199726498107757
2024-08-01_09,39,-95000,0,0.3178,0.314179411315918,-0.003620588684082049
2024-08-01_09,40,-76000,0,0.2089,0.20269707160079953,-0.006202928399200475
2024-08-01_09,41,-57000,0,0.3806,0.37679492868478404,-0.0038050713152159577
2024-08-01_09,42,-38000,0,0.3372,0.33334894944897453,-0.00385105055102547
2024-08-01_09,43,-19000,0,0.308,0.30480396093606577,-0.0031960390639342307
2024-08-01_09,44,19000,0,0.3128,0.30783737130590816,-0.004962628694091864
2024-08-01_09,45,38000,0,0.3461,0.34074178666952504,-0.005358213330474981
2024-08-01_09,46,57000,0,0.392,0.3869595229528504,-0.005040477047149605
2024-08-01_09,47,76000,0,0.2634,0.22425742657232672,-0.0391425734276733
2024-08-01_09,48,95000,0,0.3178,0.3136653026580811,-0.004134697341918903
2024-08-01_09,49,-95000,19000,0.3002,0.2988613893157044,-0.001338610684295638
2024-08-01_09,50,-76000,19000,0.2091,0.209379728676941,0.00027972867694098236
2024-08-01_09,51,-57000,19000,0.381,0.3771991649585571,-0.003800835041442907
2024-08-01_09,52,-38000,19000,0.3386,0.33442792729406734,-0.004172072705932672
2024-08-01_09,53,-19000,19000,0.3114,0.30724522547937005,-0.004154774520629956
2024-08-01_09,54,0,19000,0.3026,0.2991576560141296,-0.0034423439858703997
2024-08-01_09,55,19000,19000,0.3159,0.31093236228939825,-0.004967637710601769
2024-08-01_09,56,38000,19000,0.3475,0.34195441471759036,-0.005545585282409615
2024-08-01_09,57,57000,19000,0.3933,0.3877768502722778,-0.005523149727722165
2024-08-01_09,58,76000,19000,0.2657,0.23291397387442014,-0.03278602612557985
2024-08-01_09,59,95000,19000,0.306,0.30466546048275767,-0.001334539517242328
2024-08-01_09,60,-76000,38000,0.2737,0.2673986301017761,-0.006301369898223885
2024-08-01_09,61,-57000,38000,0.3976,0.39473831972262574,-0.0028616802773742678
2024-08-01_09,62,-38000,38000,0.3569,0.35307011484097295,-0.0038298851590270466
2024-08-01_09,63,-19000,38000,0.3322,0.32799504724755857,-0.0042049527524414265
2024-08-01_09,64,0,38000,0.3237,0.3190298971725465,-0.004670102827453504
2024-08-01_09,65,19000,38000,0.3369,0.3312389907372131,-0.005661009262786898
2024-08-01_09,66,38000,38000,0.3658,0.3603696318869629,-0.005430368113037098
2024-08-01_09,67,57000,38000,0.4089,0.40399752864581306,-0.004902471354186921
2024-08-01_09,68,76000,38000,0.285,0.279633505040924,-0.005366494959075985
2024-08-01_09,69,-76000,57000,0.307,0.31079879064559934,0.003798790645599348
2024-08-01_09,70,-57000,57000,0.2083,0.21532453550802622,0.007024535508026203
2024-08-01_09,71,-38000,57000,0.3895,0.38573882840191653,-0.0037611715980834792
2024-08-01_09,72,-19000,57000,0.3656,0.3612591683032531,-0.004340831696746872
2024-08-01_09,73,0,57000,0.3575,0.35383445918026735,-0.003665540819732638
2024-08-01_09,74,19000,57000,0.37,0.36427136560778806,-0.00572863439221194
2024-08-01_09,75,38000,57000,0.397,0.3915233582476807,-0.005476641752319322
2024-08-01_09,76,57000,57000,0.21,0.20457224735046386,-0.005427752649536127
2024-08-01_09,77,76000,57000,0.3028,0.3020094514846803,-0.0007905485153197334
2024-08-01_09,78,-57000,76000,0.2962,0.29657831449508665,0.00037831449508662907
2024-08-01_09,79,-38000,76000,0.2093,0.21644690406942746,0.0071469040694274455
2024-08-01_09,80,-19000,76000,0.4136,0.40906562665621937,-0.004534373343780651
2024-08-01_09,81,0,76000,0.405,0.40116701107025143,-0.003832988929748593
2024-08-01_09,82,19000,76000,0.4169,0.41121143491082757,-0.005688565089172426
2024-08-01_09,83,38000,76000,0.2089,0.20708921406896974,-0.001810785931030262
2024-08-01_09,84,57000,76000,0.2953,0.2954539538383485,0.0001539538383484862
2024-08-01_09,85,-19000,95000,0.2831,0.2900343962747498,0.006934396274749788
2024-08-01_09,86,0,95000,0.2859,0.2915694473266601,0.0056694473266601375
2024-08-01_09,87,19000,95000,0.2831,0.29746979759899905,0.014369797598999035
2024-08-01_10,0,-19000,-95000,0.3262,0.3298059626330567,0.0036059626330567363
2024-08-01_10,1,0,-95000,0.3465,0.35881312398910525,0.012313123989105279
2024-08-01_10,2,19000,-95000,0.3295,0.33513880956799325,0.00563880956799323
2024-08-01_10,3,-57000,-76000,0.3487,0.35408995132446286,0.005389951324462849
2024-08-01_10,4,-38000,-76000,0.2995,0.30363085509658805,0.00413085509658806
2024-08-01_10,5,-19000,-76000,0.2835,0.2942557499550782,0.01075574995507822
2024-08-01_10,6,0,-76000,0.2775,0.2799764421724853,0.0024764421724852714
2024-08-01_10,7,19000,-76000,0.284,0.2963907839881592,0.012390783988159237
2024-08-01_10,8,38000,-76000,0.3009,0.30183224771661377,0.0009322477166137655
2024-08-01_10,9,57000,-76000,0.341,0.3417667560577393,0.0007667560577392929
2024-08-01_10,10,-76000,-57000,0.3404,0.3527536151885986,0.012353615188598621
2024-08-01_10,11,-57000,-57000,0.2854,0.29406422396032705,0.008664223960327067
2024-08-01_10,12,-38000,-57000,0.2083,0.23078472648022452,0.02248472648022451
2024-08-01_10,13,-19000,-57000,0.41,0.4079214404232179,-0.002078559576782102
2024-08-01_10,14,0,-57000,0.4023,0.40057864670751964,-0.0017213532924803543
2024-08-01_10,15,19000,-57000,0.4128,0.4106227361012269,-0.0021772638987730963
2024-08-01_10,16,38000,-57000,0.2089,0.2343342017977601,0.025434201797760098
2024-08-01_10,17,57000,-57000,0.2864,0.29515814342440794,0.00875814342440795
2024-08-01_10,18,76000,-57000,0.3337,0.33113304901123053,-0.0025669509887694675
2024-08-01_10,19,-76000,-38000,0.292,0.293615520770691,0.0016155207706909924
2024-08-01_10,20,-57000,-38000,0.2052,0.2532873970847167,0.04808739708471671
2024-08-01_10,21,-38000,-38000,0.3858,0.3858191104888,1.9110488800044845e-05
2024-08-01_10,22,-19000,-38000,0.3593,0.35877513305520625,-0.000524866944793756
2024-08-01_10,23,0,-38000,0.3512,0.35009909488937385,-0.0011009051106261603
2024-08-01_10,24,19000,-38000,0.3635,0.3618675828257141,-0.0016324171742859162
2024-08-01_10,25,38000,-38000,0.3914,0.3912263326644898,-0.00017366733551021918
2024-08-01_10,26,57000,-38000,0.2081,0.23568777040539546,0.02758777040539545
2024-08-01_10,27,76000,-38000,0.2941,0.301641804696289,0.007541804696289012
2024-08-01_10,28,-95000,-19000,0.3065,0.3178795048939209,0.011379504893920922
2024-08-01_10,29,-76000,-19000,0.2667,0.26760634352133184,0.0009063435213318427
2024-08-01_10,30,-57000,-19000,0.396,0.39471611915338145,-0.001283880846618568
2024-08-01_10,31,-38000,-19000,0.352,0.35145631822818,-0.0005436817718199594
2024-08-01_10,32,-19000,-19000,0.3233,0.32288570640185554,-0.0004142935981444329
2024-08-01_10,33,0,-19000,0.3138,0.31148128529711916,-0.002318714702880864
2024-08-01_10,34,19000,-19000,0.3279,0.3261426259242248,-0.0017573740757751977
2024-08-01_10,35,38000,-19000,0.3581,0.3571500086692809,-0.0009499913307190466
2024-08-01_10,36,57000,-19000,0.404,0.4031047211100769,-0.0008952788899231345
2024-08-01_10,37,76000,-19000,0.2751,0.28279917159786994,0.007699171597869925
2024-08-01_10,38,95000,-19000,0.3159,0.3228414003921203,0.006941400392120267
2024-08-01_10,39,-95000,0,0.3173,0.3307832719802857,0.01348327198028565
2024-08-01_10,40,-76000,0,0.209,0.23608795030606078,0.027087950306060787
2024-08-01_10,41,-57000,0,0.3802,0.37772439003115843,-0.0024756099688415523
2024-08-01_10,42,-38000,0,0.3363,0.33538658118185416,-0.000913418818145828
2024-08-01_10,43,-19000,0,0.3065,0.30621267193179325,-0.00028732806820674917
2024-08-01_10,44,19000,0,0.311,0.30974777389916985,-0.001252226100830145
2024-08-01_10,45,38000,0,0.3441,0.3426595952710265,-0.001440404728973499
2024-08-01_10,46,57000,0,0.3901,0.3900727293757935,-2.727062420648796e-05
2024-08-01_10,47,76000,0,0.2617,0.24186186391989128,-0.019838136080108704
2024-08-01_10,48,95000,0,0.3173,0.3305897072792052,0.013289707279205198
2024-08-01_10,49,-95000,19000,0.2995,0.3092600523995972,0.009760052399597208
2024-08-01_10,50,-76000,19000,0.2093,0.23336258780590824,0.024062587805908225
2024-08-01_10,51,-57000,19000,0.3805,0.3786569915211486,-0.0018430084788513823
2024-08-01_10,52,-38000,19000,0.3375,0.3359709029216613,-0.0015290970783387037
2024-08-01_10,53,-19000,19000,0.3098,0.30770954399118033,-0.0020904560088196855
2024-08-01_10,54,0,19000,0.3011,0.30081441025640876,-0.00028558974359121914
2024-08-01_10,55,19000,19000,0.3142,0.3127448117960816,-0.0014551882039183783
2024-08-01_10,56,38000,19000,0.3454,0.34338453733267205,-0.0020154626673279386
2024-08-01_10,57,57000,19000,0.3911,0.38919021764907846,-0.0019097823509215406
2024-08-01_10,58,76000,19000,0.2629,0.24741809056491082,-0.015481909435089203
2024-08-01_10,59,95000,19000,0.3051,0.317166235087494,0.012066235087493993
2024-08-01_10,60,-76000,38000,0.2728,0.28194914583819575,0.00914914583819576
2024-08-01_10,61,-57000,38000,0.3972,0.3949065321073304,-0.0022934678926695984
2024-08-01_10,62,-38000,38000,0.3561,0.3543736085675049,-0.0017263914324951446
2024-08-01_10,63,-19000,38000,0.3307,0.33004180786364756,-0.0006581921363524312
2024-08-01_10,64,0,38000,0.3223,0.32094348631988523,-0.001356513680114746
2024-08-01_10,65,19000,38000,0.3349,0.3337122263088075,-0.0011877736911924952
2024-08-01_10,66,38000,38000,0.3635,0.3615622186059264,-0.0019377813940735789
2024-08-01_10,67,57000,38000,0.4067,0.4048345804779969,-0.0018654195220030867
2024-08-01_10,68,76000,38000,0.2798,0.2907301982733155,0.010930198273315483
2024-08-01_10,69,-76000,57000,0.307,0.3198810256958008,0.012881025695800796
2024-08-01_10,70,-57000,57000,0.2083,0.2258352128479919,0.017535212847991893
2024-08-01_10,71,-38000,57000,0.3888,0.38704826841168205,-0.0017517315883179285
2024-08-01_10,72,-19000,57000,0.3645,0.36323406109207146,-0.0012659389079285321
2024-08-01_10,73,0,57000,0.3565,0.3542818604268494,-0.0022181395731505904
2024-08-01_10,74,19000,57000,0.3682,0.36674203371792613,-0.001457966282073897
2024-08-01_10,75,38000,57000,0.3948,0.394269013507782,-0.0005309864922179997
2024-08-01_10,76,57000,57000,0.21,0.2313065069442748,0.0213065069442748
2024-08-01_10,77,76000,57000,0.3011,0.3198879280090332,0.018787928009033228
2024-08-01_10,78,-57000,76000,0.2962,0.3023595251083374,0.006159525108337394
2024-08-01_10,79,-38000,76000,0.21,0.22958454852114873,0.019584548521148742
2024-08-01_10,80,-19000,76000,0.4128,0.41079971020205686,-0.0020002897979431444
2024-08-01_10,81,0,76000,0.4041,0.40355687589645384,-0.0005431241035461776
2024-08-01_10,82,19000,76000,0.4155,0.41095055850970463,-0.004549441490295347
2024-08-01_10,83,38000,76000,0.2093,0.21104596579556278,0.0017459657955627705
2024-08-01_10,84,57000,76000,0.2934,0.30020087146759034,0.0068008714675903414
2024-08-01_10,85,-19000,95000,0.2831,0.2929696245325013,0.009869624532501287
2024-08-01_10,86,0,95000,0.2859,0.30247627944946287,0.016576279449462883
2024-08-01_10,87,19000,95000,0.2826,0.3041332035983886,0.02153320359838856
2024-08-05_01,0,-19000,-95000,0.3196,0.3104876684044189,-0.009112331595581113
2024-08-05_01,1,0,-95000,0.3328,0.3319074152946473,-0.0008925847053526947
2024-08-05_01,2,19000,-95000,0.3187,0.3159687917326661,-0.0027312082673338622
2024-08-05_01,3,-57000,-76000,0.3337,0.3218684650421142,-0.011831534957885803
2024-08-05_01,4,-38000,-76000,0.2917,0.2969420555094604,0.005242055509460386
2024-08-05_01,5,-19000,-76000,0.2728,0.2620396382397461,-0.010760361760253911
2024-08-05_01,6,0,-76000,0.2648,0.22448778058401486,-0.04031221941598512
2024-08-05_01,7,19000,-76000,0.2746,0.2752443392547912,0.0006443392547911819
2024-08-05_01,8,38000,-76000,0.2927,0.29575866668597417,0.003058666685974154
2024-08-05_01,9,57000,-76000,0.3271,0.3261783004760743,-0.0009216995239256787
2024-08-05_01,10,-76000,-57000,0.3243,0.329014406299591,0.004714406299591023
2024-08-05_01,11,-57000,-57000,0.2756,0.2772966321133117,0.001696632113311669
2024-08-05_01,12,-38000,-57000,0.418,0.41257068104611205,-0.005429318953887929
2024-08-05_01,13,-19000,-57000,0.3928,0.38850048823413097,-0.004299511765869013
2024-08-05_01,14,0,-57000,0.3861,0.37982573939123543,-0.00627426060876457
2024-08-05_01,15,19000,-57000,0.3967,0.3908987472894898,-0.005801252710510185
2024-08-05_01,16,38000,-57000,0.205,0.35554603687213127,0.15054603687213128
2024-08-05_01,17,57000,-57000,0.2775,0.29591441749621583,0.018414417496215807
2024-08-05_01,18,76000,-57000,0.3201,0.3165158511161805,-0.0035841488838194713
2024-08-05_01,19,-76000,-38000,0.2821,0.28262032065899656,0.0005203206589965426
2024-08-05_01,20,-57000,-38000,0.4103,0.4051849443750306,-0.005115055624969389
2024-08-05_01,21,-38000,-38000,0.3666,0.3636913101895751,-0.002908689810424858
2024-08-05_01,22,-19000,-38000,0.34,0.33548902528936764,-0.004510974710632387
2024-08-05_01,23,0,-38000,0.3319,0.32746728694796756,-0.004432713052032411
2024-08-05_01,24,19000,-38000,0.3447,0.3399416219944458,-0.004758378005554231
2024-08-05_01,25,38000,-38000,0.3736,0.3667592288017274,-0.006840771198272588
2024-08-05_01,26,57000,-38000,0.4171,0.4076644290893554,-0.00943557091064462
2024-08-05_01,27,76000,-38000,0.2854,0.2941773518459778,0.008777351845977832
2024-08-05_01,28,-95000,-19000,0.3,0.3053643894719543,0.005364389471954334
2024-08-05_01,29,-76000,-19000,0.2078,0.20722318182995614,-0.0005768181700438746
2024-08-05_01,30,-57000,-19000,0.377,0.3715100765654906,-0.005489923434509381
2024-08-05_01,31,-38000,-19000,0.3309,0.327147211914093,-0.0037527880859070106
2024-08-05_01,32,-19000,-19000,0.3014,0.29836494321954343,-0.0030350567804565687
2024-08-05_01,33,0,-19000,0.2923,0.28725428254330443,-0.005045717456695575
2024-08-05_01,34,19000,-19000,0.3069,0.301403074695465,-0.005496925304534994
2024-08-05_01,35,38000,-19000,0.3379,0.333197026965393,-0.004702973034606983
2024-08-05_01,36,57000,-19000,0.3862,0.38110635546087646,-0.005093644539123532
2024-08-05_01,37,76000,-19000,0.2089,0.21853319714535524,0.009633197145355238
2024-08-05_01,38,95000,-19000,0.3075,0.31034280133721914,0.0028428013372191474
2024-08-05_01,39,-95000,0,0.3051,0.30827850170135496,0.0031785017013549743
2024-08-05_01,40,-76000,0,0.4185,0.4012728416376953,-0.017227158362304706
2024-08-05_01,41,-57000,0,0.3601,0.3548108763775939,-0.005289123622406078
2024-08-05_01,42,-38000,0,0.3143,0.3101688966953735,-0.0041311033046265155
2024-08-05_01,43,-19000,0,0.2835,0.2808873952606201,-0.0026126047393798535
2024-08-05_01,44,19000,0,0.2889,0.28418691289474496,-0.004713087105255032
2024-08-05_01,45,38000,0,0.323,0.31718484901541144,-0.0058151509845885685
2024-08-05_01,46,57000,0,0.3715,0.3657784195782776,-0.005721580421722383
2024-08-05_01,47,76000,0,0.2081,0.22243586349758915,0.01433586349758914
2024-08-05_01,48,95000,0,0.306,0.31327824668884285,0.00727824668884286
2024-08-05_01,49,-95000,19000,0.2917,0.2958828164123535,0.004182816412353463
2024-08-05_01,50,-76000,19000,0.4188,0.38683811578463745,-0.03196188421536256
2024-08-05_01,51,-57000,19000,0.36,0.35456693620004276,-0.005433063799957227
2024-08-05_01,52,-38000,19000,0.3152,0.31054000912307744,-0.004659990876922537
2024-08-05_01,53,-19000,19000,0.2868,0.2830305759093017,-0.0037694240906983034
2024-08-05_01,54,0,19000,0.2778,0.2739891373270569,-0.003810862672943116
2024-08-05_01,55,19000,19000,0.2917,0.2866649225515443,-0.005035077448455716
2024-08-05_01,56,38000,19000,0.3239,0.317395735985901,-0.006504264014099037
2024-08-05_01,57,57000,19000,0.3724,0.36662722321954355,-0.005772776780456457
2024-08-05_01,58,76000,19000,0.209,0.21468010223043832,0.0056801022304383275
2024-08-05_01,59,95000,19000,0.2978,0.3069534929906921,0.00915349299069207
2024-08-05_01,60,-76000,38000,0.21,0.21282283565377802,0.0028228356537780275
2024-08-05_01,61,-57000,38000,0.3771,0.37153629237234487,-0.005563707627655123
2024-08-05_01,62,-38000,38000,0.334,0.3279347679892579,-0.006065232010742105
2024-08-05_01,63,-19000,38000,0.3076,0.30274570265130607,-0.0048542973486939145
2024-08-05_01,64,0,38000,0.2991,0.292703959357727,-0.006396040642273004
2024-08-05_01,65,19000,38000,0.3122,0.3064248875466613,-0.005775112453338671
2024-08-05_01,66,38000,38000,0.3428,0.3368651883423768,-0.005934811657623218
2024-08-05_01,67,57000,38000,0.3888,0.3818158825592042,-0.006984117440795801
2024-08-05_01,68,76000,38000,0.2657,0.2193061439925843,-0.04639385600741569
2024-08-05_01,69,-76000,57000,0.2943,0.30270317840576166,0.008403178405761658
2024-08-05_01,70,-57000,57000,0.4119,0.4091443156480712,-0.0027556843519288
2024-08-05_01,71,-38000,57000,0.3675,0.3621315336436157,-0.005368466356384272
2024-08-05_01,72,-19000,57000,0.3422,0.3365129537187195,-0.005687046281280528
2024-08-05_01,73,0,57000,0.3341,0.32707433308068845,-0.007025666919311557
2024-08-05_01,74,19000,57000,0.3465,0.3409011968639526,-0.005598803136047381
2024-08-05_01,75,38000,57000,0.3753,0.36922560573245233,-0.006074394267547689
2024-08-05_01,76,57000,57000,0.4207,0.39260353015002436,-0.028096469849975658
2024-08-05_01,77,76000,57000,0.292,0.29702846031188956,0.005028460311889582
2024-08-05_01,78,-57000,76000,0.284,0.28813973712921137,0.004139737129211396
2024-08-05_01,79,-38000,76000,0.4189,0.3931455279638061,-0.02575447203619391
2024-08-05_01,80,-19000,76000,0.3922,0.3873987791308593,-0.004801220869140699
2024-08-05_01,81,0,76000,0.3835,0.37782014331817626,-0.005679856681823747
2024-08-05_01,82,19000,76000,0.396,0.3898464403215942,-0.006153559678405807
2024-08-05_01,83,38000,76000,0.2057,0.28846725599871825,0.08276725599871826
2024-08-05_01,84,57000,76000,0.2821,0.28061101655960075,-0.0014889834403992719
2024-08-05_01,85,-19000,95000,0.2685,0.24832459303491206,-0.02017540696508796
2024-08-05_01,86,0,95000,0.2681,0.2403252812385559,-0.027774718761444106
2024-08-05_01,87,19000,95000,0.27,0.231725878532959,-0.03827412146704101
2024-08-05_02,0,-19000,-95000,0.314,0.3284953183004762,0.014495318300476179
2024-08-05_02,1,0,-95000,0.329,0.33433411207199093,0.005334112071990915
2024-08-05_02,2,19000,-95000,0.315,0.3262769125994873,0.011276912599487321
2024-08-05_02,3,-57000,-76000,0.33,0.3524472625732422,0.0224472625732422
2024-08-05_02,4,-38000,-76000,0.2899,0.3007736990026244,0.010873699002624415
2024-08-05_02,5,-19000,-76000,0.2695,0.2804533689894715,0.010953368989471468
2024-08-05_02,6,0,-76000,0.21,0.24853719903747562,0.03853719903747563
2024-08-05_02,7,19000,-76000,0.2718,0.297592570719696,0.02579257071969604
2024-08-05_02,8,38000,-76000,0.2896,0.29376551874462886,0.004165518744628838
2024-08-05_02,9,57000,-76000,0.3229,0.3365869237899781,0.0136869237899781
2024-08-05_02,10,-76000,-57000,0.3206,0.3343731077194214,0.013773107719421418
2024-08-05_02,11,-57000,-57000,0.2728,0.29712283741409307,0.02432283741409308
2024-08-05_02,12,-38000,-57000,0.4156,0.3560687211979676,-0.059531278802032406
2024-08-05_02,13,-19000,-57000,0.3909,0.3904533571318054,-0.0004466428681946244
2024-08-05_02,14,0,-57000,0.3831,0.3833732717661744,0.00027327176617442106
2024-08-05_02,15,19000,-57000,0.3933,0.3918610563020324,-0.0014389436979675985
2024-08-05_02,16,38000,-57000,0.4187,0.3315819877441406,-0.08711801225585941
2024-08-05_02,17,57000,-57000,0.2732,0.2971596276598205,0.023959627659820515
2024-08-05_02,18,76000,-57000,0.3173,0.33748158950805673,0.020181589508056708
2024-08-05_02,19,-76000,-38000,0.2789,0.2922619109346314,0.013361910934631405
2024-08-05_02,20,-57000,-38000,0.407,0.41264825317630005,0.005648253176300078
2024-08-05_02,21,-38000,-38000,0.3656,0.36842230759725947,0.002822307597259488
2024-08-05_02,22,-19000,-38000,0.3388,0.339524701299347,0.0007247012993469859
2024-08-05_02,23,0,-38000,0.3299,0.3299224578356934,2.2457835693379113e-05
2024-08-05_02,24,19000,-38000,0.3419,0.34216427369335944,0.0002642736933594625
2024-08-05_02,25,38000,-38000,0.3705,0.37192621965408335,0.0014262196540833494
2024-08-05_02,26,57000,-38000,0.4129,0.40981389922677613,-0.0030861007732238543
2024-08-05_02,27,76000,-38000,0.2828,0.29817445852880864,0.015374458528808643
2024-08-05_02,28,-95000,-19000,0.2971,0.3121266623369141,0.015026662336914132
2024-08-05_02,29,-76000,-19000,0.208,0.223800185832306,0.015800185832305996
2024-08-05_02,30,-57000,-19000,0.3736,0.37611695054898076,0.0025169505489807675
2024-08-05_02,31,-38000,-19000,0.3292,0.3300581762924195,0.0008581762924195213
2024-08-05_02,32,-19000,-19000,0.3011,0.3017921965113526,0.0006921965113526052
2024-08-05_02,33,0,-19000,0.2909,0.2923731815649413,0.001473181564941306
2024-08-05_02,34,19000,-19000,0.3045,0.30577273546557615,0.001272735465576158
2024-08-05_02,35,38000,-19000,0.3349,0.3359575956677856,0.0010575956677856269
2024-08-05_02,36,57000,-19000,0.3822,0.3832871316909179,0.0010871316909178974
2024-08-05_02,37,76000,-19000,0.21,0.22464733197729503,0.014647331977295036
2024-08-05_02,38,95000,-19000,0.3037,0.3149171709853211,0.011217170985321101
2024-08-05_02,39,-95000,0,0.3028,0.31452036647796633,0.011720366477966315
2024-08-05_02,40,-76000,0,0.4144,0.3729865445568238,-0.041413455443176206
2024-08-05_02,41,-57000,0,0.3567,0.3588566303351135,0.0021566303351134852
2024-08-05_02,42,-38000,0,0.312,0.3146221848906554,0.00262218489065541
2024-08-05_02,43,-19000,0,0.2821,0.2851532312537537,0.0030532312537536743
2024-08-05_02,44,19000,0,0.2864,0.28841120676956167,0.0020112067695616798
2024-08-05_02,45,38000,0,0.3194,0.3200782917991638,0.0006782917991637882
2024-08-05_02,46,57000,0,0.3673,0.36826877649667367,0.0009687764966736512
2024-08-05_02,47,76000,0,0.2071,0.2470581132295533,0.03995811322955328
2024-08-05_02,48,95000,0,0.3046,0.3170443329811097,0.012444332981109696
2024-08-05_02,49,-95000,19000,0.2887,0.30209153696069335,0.01339153696069334
2024-08-05_02,50,-76000,19000,0.4145,0.3551933862137757,-0.05930661378622426
2024-08-05_02,51,-57000,19000,0.3563,0.358405106771698,0.0021051067716980065
2024-08-05_02,52,-38000,19000,0.3121,0.31297148611169434,0.0008714861116943529
2024-08-05_02,53,-19000,19000,0.2844,0.28561501818774415,0.0012150181877441657
2024-08-05_02,54,0,19000,0.2753,0.27764627728167723,0.002346277281677245
2024-08-05_02,55,19000,19000,0.2878,0.2907750605966186,0.002975060596618617
2024-08-05_02,56,38000,19000,0.3196,0.32068828367596436,0.0010882836759643633
2024-08-05_02,57,57000,19000,0.3679,0.36819303316384877,0.000293033163848766
2024-08-05_02,58,76000,19000,0.2071,0.2443681350218505,0.0372681350218505
2024-08-05_02,59,95000,19000,0.2943,0.309659670232727,0.015359670232726996
2024-08-05_02,60,-76000,38000,0.209,0.2220473834360961,0.0130473834360961
2024-08-05_02,61,-57000,38000,0.3724,0.3748510398487548,0.002451039848754777
2024-08-05_02,62,-38000,38000,0.33,0.33107901934017936,0.0010790193401793435
2024-08-05_02,63,-19000,38000,0.3043,0.3057589568884278,0.001458956888427787
2024-08-05_02,64,0,38000,0.2954,0.2973882867925721,0.001988286792572125
2024-08-05_02,65,19000,38000,0.3078,0.31084092831582644,0.003040928315826419
2024-08-05_02,66,38000,38000,0.3379,0.3411208337362366,0.0032208337362366057
2024-08-05_02,67,57000,38000,0.3838,0.3853665530296937,0.001566553029693718
2024-08-05_02,68,76000,38000,0.2597,0.27458182880380244,0.014881828803802455
2024-08-05_02,69,-76000,57000,0.291,0.3003262613296509,0.00932626132965092
2024-08-05_02,70,-57000,57000,0.4061,0.4159563805139159,0.009856380513915908
2024-08-05_02,71,-38000,57000,0.3632,0.365300426481018,0.002100426481017992
2024-08-05_02,72,-19000,57000,0.3382,0.3404480028175354,0.0022480028175353994
2024-08-05_02,73,0,57000,0.3298,0.3314458571361083,0.0016458571361083196
2024-08-05_02,74,19000,57000,0.342,0.34506280125259403,0.003062801252594005
2024-08-05_02,75,38000,57000,0.3704,0.37222780751086426,0.0018278075108642544
2024-08-05_02,76,57000,57000,0.4155,0.36672027574844357,-0.04877972425155641
2024-08-05_02,77,76000,57000,0.2906,0.30342724075317373,0.012827240753173708
2024-08-05_02,78,-57000,76000,0.2821,0.2874969575881958,0.005396957588195805
2024-08-05_02,79,-38000,76000,0.4128,0.3704838326729736,-0.04231616732702642
2024-08-05_02,80,-19000,76000,0.3872,0.3868565992149353,-0.00034340078506467364
2024-08-05_02,81,0,76000,0.3786,0.3820570534706116,0.003457053470611593
2024-08-05_02,82,19000,76000,0.3909,0.39077418490872184,-0.0001258150912781808
2024-08-05_02,83,38000,76000,0.4188,0.30322912902627563,-0.11557087097372437
2024-08-05_02,84,57000,76000,0.2812,0.2872660969734191,0.006066096973419088
2024-08-05_02,85,-19000,95000,0.21,0.27202029449832144,0.06202029449832144
2024-08-05_02,86,0,95000,0.2625,0.2843252247810364,0.02182522478103638
2024-08-05_02,87,19000,95000,0.2612,0.2574084416280822,-0.0037915583719178025
2024-08-05_03,0,-19000,-95000,0.3187,0.33157129351065073,0.01287129351065075
2024-08-05_03,1,0,-95000,0.336,0.3320163024902343,-0.003983697509765738
2024-08-05_03,2,19000,-95000,0.3192,0.31793808462939444,-0.0012619153706055486
2024-08-05_03,3,-57000,-76000,0.3388,0.35325165367126465,0.014451653671264664
2024-08-05_03,4,-38000,-76000,0.2934,0.3054375564681091,0.012037556468109112
2024-08-05_03,5,-19000,-76000,0.2746,0.2767665639782104,0.002166563978210412
2024-08-05_03,6,0,-76000,0.2676,0.2906818351924134,0.023081835192413414
2024-08-05_03,7,19000,-76000,0.276,0.27459563146069343,-0.0014043685393065886
2024-08-05_03,8,38000,-76000,0.2932,0.29820491645239255,0.005004916452392538
2024-08-05_03,9,57000,-76000,0.329,0.3206684803009032,-0.00833151969909679
2024-08-05_03,10,-76000,-57000,0.3276,0.3167292652130127,-0.010870734786987302
2024-08-05_03,11,-57000,-57000,0.2779,0.27299743315115355,-0.004902566848846435
2024-08-05_03,12,-38000,-57000,0.2051,0.28616228590020754,0.08106228590020753
2024-08-05_03,13,-19000,-57000,0.3978,0.40402077425122074,0.006220774251220751
2024-08-05_03,14,0,-57000,0.3897,0.39839836942080686,0.008698369420806873
2024-08-05_03,15,19000,-57000,0.3996,0.4063028888230591,0.006702888823059083
2024-08-05_03,16,38000,-57000,0.2061,0.25371719322006236,0.04761719322006236
2024-08-05_03,17,57000,-57000,0.2775,0.27587678262811277,-0.0016232173718872533
2024-08-05_03,18,76000,-57000,0.3215,0.31583287467956533,-0.005667125320434674
2024-08-05_03,19,-76000,-38000,0.2835,0.28733876781582635,0.0038387678158263716
2024-08-05_03,20,-57000,-38000,0.4126,0.30427295753146355,-0.10832704246853647
2024-08-05_03,21,-38000,-38000,0.3721,0.3811065582225952,0.009006558222595218
2024-08-05_03,22,-19000,-38000,0.3459,0.35414723177490237,0.008247231774902386
2024-08-05_03,23,0,-38000,0.3362,0.3431856910081481,0.006985691008148109
2024-08-05_03,24,19000,-38000,0.3482,0.35512706968811036,0.006927069688110354
2024-08-05_03,25,38000,-38000,0.3759,0.384239039325714,0.008339039325714004
2024-08-05_03,26,57000,-38000,0.4179,0.270157214480957,-0.14774278551904302
2024-08-05_03,27,76000,-38000,0.2859,0.2957885185799256,0.00988851857992562
2024-08-05_03,28,-95000,-19000,0.3,0.30230817051419057,0.0023081705141905773
2024-08-05_03,29,-76000,-19000,0.208,0.26023186656347663,0.05223186656347664
2024-08-05_03,30,-57000,-19000,0.3801,0.389415220776123,0.009315220776123012
2024-08-05_03,31,-38000,-19000,0.3359,0.34704291002044685,0.011142910020446872
2024-08-05_03,32,-19000,-19000,0.3083,0.31756157465774537,0.009261574657745353
2024-08-05_03,33,0,-19000,0.2978,0.3075777352512208,0.009777735251220776
2024-08-05_03,34,19000,-19000,0.3112,0.32043064340521243,0.009230643405212458
2024-08-05_03,35,38000,-19000,0.3413,0.34987913806497195,0.008579138064971958
2024-08-05_03,36,57000,-19000,0.3879,0.39746790630923456,0.009567906309234542
2024-08-05_03,37,76000,-19000,0.21,0.2691186007960511,0.05911860079605111
2024-08-05_03,38,95000,-19000,0.3075,0.2997199673409119,-0.00778003265908811
2024-08-05_03,39,-95000,0,0.307,0.3094191791534424,0.002419179153442419
2024-08-05_03,40,-76000,0,0.4205,0.27779241433947754,-0.14270758566052244
2024-08-05_03,41,-57000,0,0.3633,0.3721473381064453,0.00884733810644528
2024-08-05_03,42,-38000,0,0.3192,0.32999742101022345,0.010797421010223462
2024-08-05_03,43,-19000,0,0.2894,0.2992645899365234,0.009864589936523394
2024-08-05_03,44,19000,0,0.2936,0.3023233184035339,0.008723318403533853
2024-08-05_03,45,38000,0,0.3263,0.337225683675354,0.010925683675354014
2024-08-05_03,46,57000,0,0.3733,0.3831857481860963,0.009885748186096277
2024-08-05_03,47,76000,0,0.2081,0.21304403046124265,0.004944030461242643
2024-08-05_03,48,95000,0,0.3084,0.3073618005752563,-0.001038199424743702
2024-08-05_03,49,-95000,19000,0.292,0.2875996476227417,-0.0044003523772582764
2024-08-05_03,50,-76000,19000,0.4208,0.2765695026181947,-0.14423049738180532
2024-08-05_03,51,-57000,19000,0.3628,0.3724265666102906,0.009626566610290599
2024-08-05_03,52,-38000,19000,0.3196,0.33200172073654177,0.012401720736541777
2024-08-05_03,53,-19000,19000,0.2919,0.3018847120813293,0.009984712081329283
2024-08-05_03,54,0,19000,0.283,0.2944343382785035,0.011434338278503542
2024-08-05_03,55,19000,19000,0.2957,0.30675512259091176,0.011055122590911737
2024-08-05_03,56,38000,19000,0.3267,0.3365580521954652,0.009858052195465206
2024-08-05_03,57,57000,19000,0.3738,0.3830644549710389,0.009264454971038893
2024-08-05_03,58,76000,19000,0.21,0.2446122844060059,0.034612284406005916
2024-08-05_03,59,95000,19000,0.2981,0.29660714300375357,-0.0014928569962464056
2024-08-05_03,60,-76000,38000,0.21,0.26446779966766354,0.05446779966766355
2024-08-05_03,61,-57000,38000,0.379,0.3890507141802979,0.010050714180297904
2024-08-05_03,62,-38000,38000,0.3376,0.34888068489953605,0.011280684899536042
2024-08-05_03,63,-19000,38000,0.312,0.3219197201643067,0.0099197201643067
2024-08-05_03,64,0,38000,0.3032,0.313128663557495,0.009928663557494999
2024-08-05_03,65,19000,38000,0.3159,0.32555439300537103,0.00965439300537102
2024-08-05_03,66,38000,38000,0.3452,0.3553811313336792,0.010181131333679205
2024-08-05_03,67,57000,38000,0.3899,0.3997188615677796,0.009818861567779558
2024-08-05_03,68,76000,38000,0.2662,0.2779115241248169,0.011711524124816908
2024-08-05_03,69,-76000,57000,0.2969,0.2985686862945557,0.001668686294555688
2024-08-05_03,70,-57000,57000,0.4127,0.29268471128103635,-0.12001528871896366
2024-08-05_03,71,-38000,57000,0.37,0.3798290492640075,0.009829049264007517
2024-08-05_03,72,-19000,57000,0.3458,0.3550889731852418,0.0092889731852418
2024-08-05_03,73,0,57000,0.3375,0.34829301266845714,0.010793012668457114
2024-08-05_03,74,19000,57000,0.3493,0.35812215914361567,0.008822159143615671
2024-08-05_03,75,38000,57000,0.3773,0.386472035318695,0.009172035318694982
2024-08-05_03,76,57000,57000,0.421,0.291240910006195,-0.12975908999380498
2024-08-05_03,77,76000,57000,0.2943,0.286889316368103,-0.007410683631897008
2024-08-05_03,78,-57000,76000,0.285,0.2763247097015381,-0.008675290298461868
2024-08-05_03,79,-38000,76000,0.4196,0.2876245345833741,-0.13197546541662586
2024-08-05_03,80,-19000,76000,0.3939,0.4039485957872926,0.010048595787292613
2024-08-05_03,81,0,76000,0.3852,0.39645589008331306,0.01125589008331307
2024-08-05_03,82,19000,76000,0.3972,0.4074792412244872,0.010279241224487201
2024-08-05_03,83,38000,76000,0.2052,0.21668694279705814,0.011486942797058142
2024-08-05_03,84,57000,76000,0.2845,0.29228139095306394,0.00778139095306396
2024-08-05_03,85,-19000,95000,0.2685,0.2765957158317871,0.008095715831787087
2024-08-05_03,86,0,95000,0.2704,0.26896411790847785,-0.0014358820915221226
2024-08-05_03,87,19000,95000,0.2685,0.285963561744049,0.017463561744049005
2024-08-05_04,0,-19000,-95000,0.3248,0.31075210356076055,-0.014047896439239427
2024-08-05_04,1,0,-95000,0.3402,0.34747346563339243,0.007273465633392429
2024-08-05_04,2,19000,-95000,0.3225,0.320780925319458,-0.0017190746805419987
2024-08-05_04,3,-57000,-76000,0.3434,0.3355696126937866,-0.007830387306213382
2024-08-05_04,4,-38000,-76000,0.2957,0.29836161476861567,0.00266161476861565
2024-08-05_04,5,-19000,-76000,0.2779,0.28541778734512335,0.007517787345123372
2024-08-05_04,6,0,-76000,0.2709,0.260531531100586,-0.010368468899413952
2024-08-05_04,7,19000,-76000,0.2779,0.2871387403809509,0.009238740380950905
2024-08-05_04,8,38000,-76000,0.2948,0.2857750845867919,-0.009024915413208101
2024-08-05_04,9,57000,-76000,0.3318,0.3254316798210144,-0.006368320178985587
2024-08-05_04,10,-76000,-57000,0.3337,0.3369947597503662,0.003294759750366194
2024-08-05_04,11,-57000,-57000,0.2803,0.2719550466373597,-0.008344953362640295
2024-08-05_04,12,-38000,-57000,0.205,0.2689136227442932,0.06391362274429321
2024-08-05_04,13,-19000,-57000,0.4001,0.40075350200524906,0.0006535020052490514
2024-08-05_04,14,0,-57000,0.3915,0.392480068957489,0.0009800689574889776
2024-08-05_04,15,19000,-57000,0.4013,0.4005599768889465,-0.0007400231110534783
2024-08-05_04,16,38000,-57000,0.2069,0.24734634105078124,0.04044634105078124
2024-08-05_04,17,57000,-57000,0.2793,0.27921021627908327,-8.978372091672515e-05
2024-08-05_04,18,76000,-57000,0.3239,0.32892433319091796,0.00502433319091794
2024-08-05_04,19,-76000,-38000,0.2866,0.2791915286119384,-0.00740847138806161
2024-08-05_04,20,-57000,-38000,0.417,0.3112544552348937,-0.10574554476510628
2024-08-05_04,21,-38000,-38000,0.3754,0.3762891774936523,0.0008891774936523045
2024-08-05_04,22,-19000,-38000,0.3481,0.34995975081207265,0.0018597508120726247
2024-08-05_04,23,0,-38000,0.3377,0.34015378658666995,0.002453786586669948
2024-08-05_04,24,19000,-38000,0.35,0.35124408573983756,0.001244085739837586
2024-08-05_04,25,38000,-38000,0.378,0.3805347434043884,0.0025347434043884176
2024-08-05_04,26,57000,-38000,0.4201,0.2731539556810303,-0.14694604431896968
2024-08-05_04,27,76000,-38000,0.2873,0.2920545160154724,0.0047545160154723876
2024-08-05_04,28,-95000,-19000,0.3018,0.3004537627253723,-0.0013462372746277373
2024-08-05_04,29,-76000,-19000,0.209,0.21455257527990723,0.00555257527990724
2024-08-05_04,30,-57000,-19000,0.3833,0.38462242064535523,0.00132242064535526
2024-08-05_04,31,-38000,-19000,0.3388,0.3413989315310668,0.002598931531066828
2024-08-05_04,32,-19000,-19000,0.3105,0.31238316012246714,0.0018831601224671424
2024-08-05_04,33,0,-19000,0.2995,0.30413227025720224,0.004632270257202253
2024-08-05_04,34,19000,-19000,0.313,0.3171253504777223,0.004125350477722278
2024-08-05_04,35,38000,-19000,0.3433,0.3476259091554261,0.004325909155426133
2024-08-05_04,36,57000,-19000,0.3901,0.3927573481076354,0.0026573481076354044
2024-08-05_04,37,76000,-19000,0.2624,0.24936738468463138,-0.013032615315368645
2024-08-05_04,38,95000,-19000,0.3084,0.3030102754043884,-0.0053897245956116
2024-08-05_04,39,-95000,0,0.3107,0.29412038249969485,-0.01657961750030512
2024-08-05_04,40,-76000,0,0.2046,0.2549616601505127,0.05036166015051269
2024-08-05_04,41,-57000,0,0.3665,0.36902835103457643,0.002528351034576437
2024-08-05_04,42,-38000,0,0.3221,0.32377358915496823,0.0016735891549682358
2024-08-05_04,43,-19000,0,0.2921,0.29727665774114986,0.005176657741149837
2024-08-05_04,44,19000,0,0.2955,0.2987581668249206,0.0032581668249206386
2024-08-05_04,45,38000,0,0.3284,0.33239241667684927,0.003992416676849242
2024-08-05_04,46,57000,0,0.3752,0.3770041938905335,0.0018041938905335453
2024-08-05_04,47,76000,0,0.2081,0.22765842049487306,0.019558420494873052
2024-08-05_04,48,95000,0,0.3089,0.3040272519111633,-0.004872748088836698
2024-08-05_04,49,-95000,19000,0.2941,0.2895494826079712,-0.0045505173920287745
2024-08-05_04,50,-76000,19000,0.2057,0.25359278834881593,0.04789278834881594
2024-08-05_04,51,-57000,19000,0.3658,0.3699244968740234,0.004124496874023387
2024-08-05_04,52,-38000,19000,0.3225,0.3245468288686828,0.002046828868682793
2024-08-05_04,53,-19000,19000,0.2947,0.2986158894366455,0.003915889436645503
2024-08-05_04,54,0,19000,0.2858,0.2900087338889161,0.004208733888916127
2024-08-05_04,55,19000,19000,0.2981,0.3011967221942444,0.00309672219424445
2024-08-05_04,56,38000,19000,0.3291,0.3344826764336548,0.005382676433654809
2024-08-05_04,57,57000,19000,0.3762,0.3792221354164733,0.003022135416473337
2024-08-05_04,58,76000,19000,0.209,0.21841342214160164,0.009413422141601652
2024-08-05_04,59,95000,19000,0.2995,0.28040301224505626,-0.01909698775494373
2024-08-05_04,60,-76000,38000,0.2092,0.2533089666751709,0.04410896667517089
2024-08-05_04,61,-57000,38000,0.3823,0.38552782413543696,0.003227824135436985
2024-08-05_04,62,-38000,38000,0.3405,0.3440240973486024,0.003524097348602373
2024-08-05_04,63,-19000,38000,0.3148,0.31705039822735603,0.0022503982273560097
2024-08-05_04,64,0,38000,0.3062,0.3095446796029053,0.0033446796029052983
2024-08-05_04,65,19000,38000,0.3185,0.3229149487316285,0.00441494873162851
2024-08-05_04,66,38000,38000,0.3475,0.35060635122470085,0.003106351224700876
2024-08-05_04,67,57000,38000,0.3922,0.394510375511139,0.0023103755111389956
2024-08-05_04,68,76000,38000,0.269,0.2629610345216675,-0.006038965478332492
2024-08-05_04,69,-76000,57000,0.3002,0.3095530708312988,0.009353070831298771
2024-08-05_04,70,-57000,57000,0.4168,0.2824395499935608,-0.1343604500064392
2024-08-05_04,71,-38000,57000,0.3732,0.37746630106256096,0.004266301062560984
2024-08-05_04,72,-19000,57000,0.3486,0.3525934668235473,0.003993466823547287
2024-08-05_04,73,0,57000,0.3403,0.34480174037649536,0.004501740376495367
2024-08-05_04,74,19000,57000,0.3522,0.35465302820181277,0.002453028201812757
2024-08-05_04,75,38000,57000,0.3797,0.382828741614502,0.0031287416145019953
2024-08-05_04,76,57000,57000,0.2062,0.2574968772678834,0.0512968772678834
2024-08-05_04,77,76000,57000,0.2957,0.295386770248413,-0.0003132297515870408
2024-08-05_04,78,-57000,76000,0.2906,0.2910613854408264,0.00046138544082635624
2024-08-05_04,79,-38000,76000,0.2057,0.2700089532320251,0.06430895323202512
2024-08-05_04,80,-19000,76000,0.3975,0.39931323004190067,0.0018132300419006486
2024-08-05_04,81,0,76000,0.3885,0.39295806770324715,0.004458067703247137
2024-08-05_04,82,19000,76000,0.4004,0.40190447396646123,0.0015044739664612505
2024-08-05_04,83,38000,76000,0.2071,0.20510991414617918,-0.001990085853820822
2024-08-05_04,84,57000,76000,0.2868,0.28761986780166615,0.000819867801666152
2024-08-05_04,85,-19000,95000,0.2723,0.28749965928427135,0.01519965928427136
2024-08-05_04,86,0,95000,0.2765,0.27802547101974495,0.0015254710197449284
2024-08-05_04,87,19000,95000,0.2728,0.29265871782672126,0.019858717826721273
2024-08-05_05,0,-19000,-95000,0.3434,0.3263748146769103,-0.017025185323089664
2024-08-05_05,1,0,-95000,0.345,0.3415067328453063,-0.003493267154693669
2024-08-05_05,2,19000,-95000,0.3257,0.324551648858429,-0.001148351141570969
2024-08-05_05,3,-57000,-76000,0.3482,0.3470545539855956,-0.0011454460144044165
2024-08-05_05,4,-38000,-76000,0.299,0.2869506516143798,-0.012049348385620162
2024-08-05_05,5,-19000,-76000,0.2821,0.269824636378418,-0.012275363621581992
2024-08-05_05,6,0,-76000,0.2742,0.2676156949540711,-0.006584305045928884
2024-08-05_05,7,19000,-76000,0.2803,0.2768625263564759,-0.0034374736435240916
2024-08-05_05,8,38000,-76000,0.2964,0.293108494147583,-0.0032915058524169982
2024-08-05_05,9,57000,-76000,0.3375,0.330651708984375,-0.006848291015625008
2024-08-05_05,10,-76000,-57000,0.3377,0.33877564764022816,0.0010756476402281612
2024-08-05_05,11,-57000,-57000,0.2826,0.2703867442297363,-0.01221325577026372
2024-08-05_05,12,-38000,-57000,0.207,0.24678396084310905,0.03978396084310906
2024-08-05_05,13,-19000,-57000,0.4046,0.40554164075991816,0.0009416407599181498
2024-08-05_05,14,0,-57000,0.396,0.39548132952581794,-0.0005186704741820813
2024-08-05_05,15,19000,-57000,0.4052,0.4060987836143799,0.0008987836143798944
2024-08-05_05,16,38000,-57000,0.2083,0.21019496437991325,0.0018949643799132387
2024-08-05_05,17,57000,-57000,0.2831,0.27770552955767824,-0.005394470442321775
2024-08-05_05,18,76000,-57000,0.3295,0.33042974128723146,0.0009297412872314448
2024-08-05_05,19,-76000,-38000,0.2892,0.2844988955748595,-0.00470110442514049
2024-08-05_05,20,-57000,-38000,0.4206,0.3054537603980714,-0.1151462396019286
2024-08-05_05,21,-38000,-38000,0.379,0.37984029690579213,0.0008402969057921261
2024-08-05_05,22,-19000,-38000,0.3524,0.3532060482982482,0.0008060482982482076
2024-08-05_05,23,0,-38000,0.3428,0.3433628632292176,0.0005628632292176139
2024-08-05_05,24,19000,-38000,0.3546,0.35615003174542226,0.0015500317454222312
2024-08-05_05,25,38000,-38000,0.3832,0.38470066442489625,0.0015006644248962697
2024-08-05_05,26,57000,-38000,0.206,0.26726019952410884,0.061260199524108855
2024-08-05_05,27,76000,-38000,0.2903,0.29123248892239384,0.0009324889223938371
2024-08-05_05,28,-95000,-19000,0.3046,0.3001170599005737,-0.004482940099426291
2024-08-05_05,29,-76000,-19000,0.2081,0.2437551646636047,0.03565516466360469
2024-08-05_05,30,-57000,-19000,0.3885,0.3897388907839965,0.0012388907839964713
2024-08-05_05,31,-38000,-19000,0.3437,0.3457546945010377,0.0020546945010376794
2024-08-05_05,32,-19000,-19000,0.3154,0.3178456988918763,0.002445698891876291
2024-08-05_05,33,0,-19000,0.3046,0.3076794250528565,0.0030794250528565215
2024-08-05_05,34,19000,-19000,0.3185,0.3209413922500306,0.002441392250030594
2024-08-05_05,35,38000,-19000,0.3489,0.35021829678527827,0.0013182967852782834
2024-08-05_05,36,57000,-19000,0.3955,0.3962113751386718,0.0007113751386717548
2024-08-05_05,37,76000,-19000,0.2685,0.2668044263909608,-0.0016955736090392137
2024-08-05_05,38,95000,-19000,0.3121,0.299066053203888,-0.013033946796111973
2024-08-05_05,39,-95000,0,0.315,0.30647193841934206,-0.008528061580657942
2024-08-05_05,40,-76000,0,0.2065,0.24682107695660405,0.04032107695660406
2024-08-05_05,41,-57000,0,0.372,0.37303721891024777,0.0010372189102477725
2024-08-05_05,42,-38000,0,0.3278,0.32855549280807494,0.0007554928080749646
2024-08-05_05,43,-19000,0,0.2977,0.29960889052517703,0.0019088905251770094
2024-08-05_05,44,19000,0,0.3014,0.30273603518374625,0.0013360351837462536
2024-08-05_05,45,38000,0,0.3343,0.33577785108386227,0.0014778510838622805
2024-08-05_05,46,57000,0,0.381,0.3821315263296814,0.0011315263296813871
2024-08-05_05,47,76000,0,0.21,0.22293542016912848,0.012935420169128492
2024-08-05_05,48,95000,0,0.3135,0.30918761005401607,-0.00431238994598393
2024-08-05_05,49,-95000,19000,0.2967,0.2892317910875549,-0.007468208912445096
2024-08-05_05,50,-76000,19000,0.2071,0.24439434522726444,0.037294345227264436
2024-08-05_05,51,-57000,19000,0.3715,0.37197390307125855,0.00047390307125855236
2024-08-05_05,52,-38000,19000,0.3283,0.3302646674442138,0.001964667444213808
2024-08-05_05,53,-19000,19000,0.3005,0.30215854311398305,0.0016585431139830575
2024-08-05_05,54,0,19000,0.2915,0.29375793920031734,0.0022579392003173604
2024-08-05_05,55,19000,19000,0.3041,0.3054963854755859,0.001396385475585904
2024-08-05_05,56,38000,19000,0.3352,0.33636944240136724,0.0011694424013672378
2024-08-05_05,57,57000,19000,0.3821,0.3832360966081849,0.0011360966081849222
2024-08-05_05,58,76000,19000,0.21,0.22230346265884404,0.01230346265884405
2024-08-05_05,59,95000,19000,0.3023,0.30138078372845456,-0.0009192162715454533
2024-08-05_05,60,-76000,38000,0.2653,0.24892004128161616,-0.016379958718383825
2024-08-05_05,61,-57000,38000,0.3881,0.3890985300128784,0.000998530012878418
2024-08-05_05,62,-38000,38000,0.3463,0.3476362558643493,0.0013362558643493228
2024-08-05_05,63,-19000,38000,0.3206,0.3229127453768921,0.002312745376892078
2024-08-05_05,64,0,38000,0.3125,0.3138928528079834,0.0013928528079834024
2024-08-05_05,65,19000,38000,0.3246,0.32637604503942863,0.001776045039428631
2024-08-05_05,66,38000,38000,0.3537,0.35504840167025753,0.0013484016702575152
2024-08-05_05,67,57000,38000,0.3979,0.4001049327052917,0.0022049327052917067
2024-08-05_05,68,76000,38000,0.2737,0.27436762435632334,0.0006676243563233375
2024-08-05_05,69,-76000,57000,0.3035,0.2990142845153808,-0.004485715484619179
2024-08-05_05,70,-57000,57000,0.2043,0.269858130888153,0.06555813088815302
2024-08-05_05,71,-38000,57000,0.379,0.3809581087452698,0.0019581087452698043
2024-08-05_05,72,-19000,57000,0.3546,0.3564741288638307,0.0018741288638306486
2024-08-05_05,73,0,57000,0.3464,0.34940094877191163,0.003000948771911649
2024-08-05_05,74,19000,57000,0.3579,0.36046855154193125,0.002568551541931252
2024-08-05_05,75,38000,57000,0.3855,0.38769071025576785,0.002190710255767836
2024-08-05_05,76,57000,57000,0.208,0.2534174945082093,0.04541749450820928
2024-08-05_05,77,76000,57000,0.2992,0.290570264530182,-0.008629735469818045
2024-08-05_05,78,-57000,76000,0.2929,0.2784840010643005,-0.014415998935699503
2024-08-05_05,79,-38000,76000,0.2071,0.2452923745823975,0.03819237458239749
2024-08-05_05,80,-19000,76000,0.4031,0.40611189019506844,0.003011890195068423
2024-08-05_05,81,0,76000,0.3943,0.3965563570976258,0.0022563570976258385
2024-08-05_05,82,19000,76000,0.406,0.41064517829757685,0.004645178297576824
2024-08-05_05,83,38000,76000,0.2091,0.2174523652701721,0.00835236527017208
2024-08-05_05,84,57000,76000,0.2908,0.28360236234664926,-0.007197637653350741
2024-08-05_05,85,-19000,95000,0.276,0.28346277297329703,0.007462772973297005
2024-08-05_05,86,0,95000,0.2803,0.27640209550857553,-0.0038979044914244643
2024-08-05_05,87,19000,95000,0.277,0.28592034504873665,0.008920345048736622
2024-08-05_06,0,-19000,-95000,0.3557,0.3321574378970946,-0.023542562102905396
2024-08-05_06,1,0,-95000,0.3507,0.3553354669570923,0.004635466957092271
2024-08-05_06,2,19000,-95000,0.329,0.3230850273404542,-0.005914972659545825
2024-08-05_06,3,-57000,-76000,0.3516,0.3569689975738526,0.005368997573852563
2024-08-05_06,4,-38000,-76000,0.3056,0.30367899060153203,-0.0019210093984679544
2024-08-05_06,5,-19000,-76000,0.2932,0.29742837092004404,0.004228370920044022
2024-08-05_06,6,0,-76000,0.2789,0.276323251679901,-0.002576748320098965
2024-08-05_06,7,19000,-76000,0.2831,0.29859246001452644,0.015492460014526421
2024-08-05_06,8,38000,-76000,0.2978,0.3102352137616271,0.012435213761627095
2024-08-05_06,9,57000,-76000,0.3416,0.33816656303405757,-0.003433436965942449
2024-08-05_06,10,-76000,-57000,0.3425,0.34934288129806523,0.0068428812980652065
2024-08-05_06,11,-57000,-57000,0.2857,0.2911995234281006,0.005499523428100617
2024-08-05_06,12,-38000,-57000,0.2081,0.23354544376110842,0.02544544376110841
2024-08-05_06,13,-19000,-57000,0.4098,0.4015652384694519,-0.008234761530548085
2024-08-05_06,14,0,-57000,0.4008,0.3938579280202026,-0.006942071979797404
2024-08-05_06,15,19000,-57000,0.4096,0.404863509624817,-0.004736490375183033
2024-08-05_06,16,38000,-57000,0.2089,0.2094825843197632,0.0005825843197631853
2024-08-05_06,17,57000,-57000,0.2854,0.29539432363665763,0.009994323636657643
2024-08-05_06,18,76000,-57000,0.3332,0.3380993885993957,0.004899388599395704
2024-08-05_06,19,-76000,-38000,0.2915,0.2919996826326905,0.0004996826326905124
2024-08-05_06,20,-57000,-38000,0.205,0.29954635564144905,0.09454635564144906
2024-08-05_06,21,-38000,-38000,0.3843,0.37770651784851084,-0.006593482151489138
2024-08-05_06,22,-19000,-38000,0.3579,0.349821280293396,-0.00807871970660401
2024-08-05_06,23,0,-38000,0.3487,0.3416298277667542,-0.007070172233245797
2024-08-05_06,24,19000,-38000,0.3602,0.35259443443579097,-0.007605565564209049
2024-08-05_06,25,38000,-38000,0.3881,0.381659833908081,-0.006440166091918997
2024-08-05_06,26,57000,-38000,0.2071,0.28124643476553346,0.07414643476553345
2024-08-05_06,27,76000,-38000,0.2925,0.2922937851010743,-0.000206214898925694
2024-08-05_06,28,-95000,-19000,0.3067,0.3208234651944275,0.014123465194427531
2024-08-05_06,29,-76000,-19000,0.2643,0.22259613281912238,-0.041703867180877596
2024-08-05_06,30,-57000,-19000,0.3939,0.38767969376068123,-0.00622030623931874
2024-08-05_06,31,-38000,-19000,0.3495,0.3422982406415711,-0.007201759358428872
2024-08-05_06,32,-19000,-19000,0.3215,0.31334233360910035,-0.008157666390899654
2024-08-05_06,33,0,-19000,0.3108,0.3036826744437562,-0.0071173255562438364
2024-08-05_06,34,19000,-19000,0.3244,0.3160404499436036,-0.008359550056396436
2024-08-05_06,35,38000,-19000,0.3543,0.3459394861967773,-0.008360513803222724
2024-08-05_06,36,57000,-19000,0.4003,0.3927534248026734,-0.007546575197326599
2024-08-05_06,37,76000,-19000,0.2723,0.24946899846804804,-0.022831001531951944
2024-08-05_06,38,95000,-19000,0.3145,0.3223605001968688,0.007860500196868792
2024-08-05_06,39,-95000,0,0.3178,0.3232056345939637,0.0054056345939636485
2024-08-05_06,40,-76000,0,0.2081,0.22221409135363768,0.01411409135363767
2024-08-05_06,41,-57000,0,0.3771,0.3697527054748839,-0.007347294525116066
2024-08-05_06,42,-38000,0,0.3336,0.3259769205791625,-0.0076230794208375086
2024-08-05_06,43,-19000,0,0.3037,0.2964115504593505,-0.0072884495406495
2024-08-05_06,44,19000,0,0.3072,0.29906981685803213,-0.00813018314196784
2024-08-05_06,45,38000,0,0.3398,0.33299209508197025,-0.006807904918029739
2024-08-05_06,46,57000,0,0.3859,0.3796584627687989,-0.006241537231201133
2024-08-05_06,47,76000,0,0.21,0.20857246657611084,-0.0014275334238891546
2024-08-05_06,48,95000,0,0.3159,0.32047699155807496,0.00457699155807495
2024-08-05_06,49,-95000,19000,0.299,0.30576761458560175,0.006767614585601767
2024-08-05_06,50,-76000,19000,0.2089,0.23652877717196652,0.027628777171966518
2024-08-05_06,51,-57000,19000,0.3767,0.3704129258546447,-0.006287074145355287
2024-08-05_06,52,-38000,19000,0.334,0.3266245896762696,-0.0073754103237304025
2024-08-05_06,53,-19000,19000,0.3063,0.29867319870788567,-0.007626801292114349
2024-08-05_06,54,0,19000,0.297,0.28953622504977417,-0.007463774950225821
2024-08-05_06,55,19000,19000,0.3096,0.30293723707876596,-0.006662762921234022
2024-08-05_06,56,38000,19000,0.3404,0.3342369344980469,-0.006163065501953058
2024-08-05_06,57,57000,19000,0.3863,0.38026839993154904,-0.0060316000684509374
2024-08-05_06,58,76000,19000,0.21,0.20793040257315054,-0.002069597426849451
2024-08-05_06,59,95000,19000,0.3042,0.31375601515655527,0.009556015156555242
2024-08-05_06,60,-76000,38000,0.27,0.2444072514084472,-0.025592748591552805
2024-08-05_06,61,-57000,38000,0.3928,0.3873167482960205,-0.005483251703979508
2024-08-05_06,62,-38000,38000,0.3517,0.34439868182928457,-0.007301318170715443
2024-08-05_06,63,-19000,38000,0.3263,0.32028821947683705,-0.006011780523162924
2024-08-05_06,64,0,38000,0.3174,0.3105578947598877,-0.006842105240112306
2024-08-05_06,65,19000,38000,0.3297,0.3240235950790711,-0.0056764049209289125
2024-08-05_06,66,38000,38000,0.3584,0.3521007630740052,-0.006299236925994822
2024-08-05_06,67,57000,38000,0.402,0.39765559584658816,-0.004344404153411863
2024-08-05_06,68,76000,38000,0.277,0.28315776677090465,0.006157766770904627
2024-08-05_06,69,-76000,57000,0.306,0.30772882394790646,0.001728823947906466
2024-08-05_06,70,-57000,57000,0.2065,0.27443637668511967,0.06793637668511968
2024-08-05_06,71,-38000,57000,0.3839,0.3782193287157287,-0.005680671284271299
2024-08-05_06,72,-19000,57000,0.3594,0.3530459245796509,-0.0063540754203491034
2024-08-05_06,73,0,57000,0.351,0.3440047424979249,-0.006995257502075081
2024-08-05_06,74,19000,57000,0.3625,0.35760662728363046,-0.004893372716369526
2024-08-05_06,75,38000,57000,0.39,0.3843462336903991,-0.005653766309600905
2024-08-05_06,76,57000,57000,0.209,0.22947194951934824,0.020471949519348248
2024-08-05_06,77,76000,57000,0.3009,0.3048105619430541,0.003910561943054114
2024-08-05_06,78,-57000,76000,0.2962,0.30587649040222165,0.009676490402221627
2024-08-05_06,79,-38000,76000,0.2091,0.22553708787500004,0.016437087875000034
2024-08-05_06,80,-19000,76000,0.4075,0.40216591795443724,-0.005334082045562738
2024-08-05_06,81,0,76000,0.3986,0.3929730684280395,-0.005626931571960536
2024-08-05_06,82,19000,76000,0.4102,0.40492296656857296,-0.005277033431427047
2024-08-05_06,83,38000,76000,0.2091,0.20747121775036614,-0.0016287822496338644
2024-08-05_06,84,57000,76000,0.2929,0.29753688793182365,0.004636887931823652
2024-08-05_06,85,-19000,95000,0.2803,0.29982787852371207,0.019527878523712072
2024-08-05_06,86,0,95000,0.284,0.3022960454940795,0.018296045494079538
2024-08-05_06,87,19000,95000,0.2798,0.28797295189703376,0.008172951897033764
2024-08-07_01,0,-19000,-95000,0.3262,0.3355802573562927,0.00938025735629272
2024-08-07_01,1,0,-95000,0.3416,0.3463449580192566,0.004744958019256562
2024-08-07_01,2,19000,-95000,0.322,0.32672265361840824,0.004722653618408235
2024-08-07_01,3,-57000,-76000,0.3381,0.3422657011032104,0.004165701103210406
2024-08-07_01,4,-38000,-76000,0.2936,0.29865835755770864,0.005058357557708615
2024-08-07_01,5,-19000,-76000,0.2742,0.30791500022210694,0.03371500022210694
2024-08-07_01,6,0,-76000,0.2657,0.29571473852581787,0.030014738525817874
2024-08-07_01,7,19000,-76000,0.2756,0.2966480540760499,0.02104805407604987
2024-08-07_01,8,38000,-76000,0.2925,0.30203648093908697,0.009536480939086989
2024-08-07_01,9,57000,-76000,0.3332,0.3408514413833619,0.007651441383361879
2024-08-07_01,10,-76000,-57000,0.3253,0.3365785835266113,0.011278583526611319
2024-08-07_01,11,-57000,-57000,0.2751,0.2978363264198609,0.022736326419860897
2024-08-07_01,12,-38000,-57000,0.4194,0.42886863546368414,0.00946863546368415
2024-08-07_01,13,-19000,-57000,0.3933,0.3892545865125121,-0.004045413487487881
2024-08-07_01,14,0,-57000,0.3852,0.3818588384950561,-0.0033411615049439014
2024-08-07_01,15,19000,-57000,0.3954,0.3929870044928283,-0.002412995507171667
2024-08-07_01,16,38000,-57000,0.2025,0.38913355213858036,0.18663355213858035
2024-08-07_01,17,57000,-57000,0.2775,0.3040125957875366,0.026512595787536564
2024-08-07_01,18,76000,-57000,0.3262,0.3282911930084229,0.0020911930084229202
2024-08-07_01,19,-76000,-38000,0.2812,0.29052831302005,0.009328313020049994
2024-08-07_01,20,-57000,-38000,0.4093,0.438140409179657,0.028840409179657023
2024-08-07_01,21,-38000,-38000,0.3675,0.3650023436913148,-0.0024976563086852033
2024-08-07_01,22,-19000,-38000,0.3404,0.3376756622836914,-0.002724337716308589
2024-08-07_01,23,0,-38000,0.331,0.327723032597931,-0.0032769674020690087
2024-08-07_01,24,19000,-38000,0.3434,0.34098497456298826,-0.0024150254370117197
2024-08-07_01,25,38000,-38000,0.3726,0.36976011133193976,-0.002839888668060231
2024-08-07_01,26,57000,-38000,0.416,0.4564175061833191,0.04041750618331913
2024-08-07_01,27,76000,-38000,0.2859,0.3004925779251404,0.014592577925140404
2024-08-07_01,28,-95000,-19000,0.2995,0.3135131408510742,0.01401314085107419
2024-08-07_01,29,-76000,-19000,0.2078,0.30078043825588985,0.09298043825588984
2024-08-07_01,30,-57000,-19000,0.376,0.37339082402935797,-0.0026091759706420303
2024-08-07_01,31,-38000,-19000,0.3307,0.3280026064787598,-0.00269739352124021
2024-08-07_01,32,-19000,-19000,0.3025,0.2994301322138062,-0.0030698677861937806
2024-08-07_01,33,0,-19000,0.292,0.2886946357209168,-0.0033053642790831783
2024-08-07_01,34,19000,-19000,0.3058,0.3028686832126466,-0.002931316787353422
2024-08-07_01,35,38000,-19000,0.3369,0.3330232743249817,-0.003876725675018289
2024-08-07_01,36,57000,-19000,0.385,0.3817804675357972,-0.0032195324642028122
2024-08-07_01,37,76000,-19000,0.21,0.27577407068063353,0.06577407068063354
2024-08-07_01,38,95000,-19000,0.3075,0.3136836992657166,0.006183699265716602
2024-08-07_01,39,-95000,0,0.3042,0.3105455748558045,0.006345574855804448
2024-08-07_01,40,-76000,0,0.4167,0.43123415992010494,0.014534159920104928
2024-08-07_01,41,-57000,0,0.359,0.3564238393739625,-0.0025761606260374936
2024-08-07_01,42,-38000,0,0.3139,0.3113924442668152,-0.0025075557331847853
2024-08-07_01,43,-19000,0,0.2841,0.2816107746036376,-0.0024892253963624267
2024-08-07_01,44,19000,0,0.288,0.2855851677163086,-0.0024148322836913816
2024-08-07_01,45,38000,0,0.3217,0.3186207813308717,-0.003079218669128303
2024-08-07_01,46,57000,0,0.37,0.3660840663964844,-0.003915933603515609
2024-08-07_01,47,76000,0,0.2081,0.28556240482675177,0.07746240482675176
2024-08-07_01,48,95000,0,0.3084,0.3099522817611695,0.001552281761169505
2024-08-07_01,49,-95000,19000,0.291,0.2968563236240235,0.005856323624023496
2024-08-07_01,50,-76000,19000,0.417,0.4125875590293884,-0.0044124409706116086
2024-08-07_01,51,-57000,19000,0.3583,0.3562456408825684,-0.0020543591174316256
2024-08-07_01,52,-38000,19000,0.3144,0.31105361344836435,-0.0033463865516356606
2024-08-07_01,53,-19000,19000,0.2864,0.28375123096264643,-0.00264876903735356
2024-08-07_01,54,0,19000,0.2773,0.27455871877038573,-0.0027412812296142564
2024-08-07_01,55,19000,19000,0.2905,0.28769274821395885,-0.0028072517860411317
2024-08-07_01,56,38000,19000,0.3224,0.31861737753717034,-0.0037826224628296767
2024-08-07_01,57,57000,19000,0.3706,0.3681044320252076,-0.00249556797479239
2024-08-07_01,58,76000,19000,0.208,0.29207596619494636,0.08407596619494637
2024-08-07_01,59,95000,19000,0.2978,0.30398588089883427,0.006185880898834262
2024-08-07_01,60,-76000,38000,0.2089,0.27878422395800784,0.06988422395800784
2024-08-07_01,61,-57000,38000,0.3753,0.3728351567120056,-0.0024648432879944004
2024-08-07_01,62,-38000,38000,0.3326,0.3304930987258605,-0.0021069012741394832
2024-08-07_01,63,-19000,38000,0.3067,0.3049278679778138,-0.0017721320221861792
2024-08-07_01,64,0,38000,0.2978,0.2960434715390625,-0.0017565284609374898
2024-08-07_01,65,19000,38000,0.311,0.30800332685540766,-0.0029966731445923434
2024-08-07_01,66,38000,38000,0.341,0.33719244793936154,-0.003807552060638486
2024-08-07_01,67,57000,38000,0.3875,0.38293351801019293,-0.004566481989807081
2024-08-07_01,68,76000,38000,0.2662,0.29278296806088266,0.026582968060882672
2024-08-07_01,69,-76000,57000,0.2915,0.29343131589889526,0.0019313158988952805
2024-08-07_01,70,-57000,57000,0.4094,0.4370334855994873,0.027633485599487306
2024-08-07_01,71,-38000,57000,0.3663,0.3625813195886841,-0.0037186804113159
2024-08-07_01,72,-19000,57000,0.3414,0.3381696033362427,-0.0032303966637572956
2024-08-07_01,73,0,57000,0.3331,0.3291916082204285,-0.0039083917795715295
2024-08-07_01,74,19000,57000,0.3455,0.3423552114902648,-0.0031447885097351524
2024-08-07_01,75,38000,57000,0.3743,0.37025735848327646,-0.004042641516723566
2024-08-07_01,76,57000,57000,0.4197,0.43241880452996817,0.012718804529968153
2024-08-07_01,77,76000,57000,0.2939,0.29557046566009526,0.001670465660095266
2024-08-07_01,78,-57000,76000,0.2817,0.29317626762390137,0.01147626762390136
2024-08-07_01,79,-38000,76000,0.4174,0.4313784970357666,0.01397849703576659
2024-08-07_01,80,-19000,76000,0.3917,0.388557592465393,-0.0031424075346069835
2024-08-07_01,81,0,76000,0.3828,0.3808724744796752,-0.0019275255203247688
2024-08-07_01,82,19000,76000,0.3956,0.3928077493140869,-0.0027922506859131
2024-08-07_01,83,38000,76000,0.2043,0.37464577421273804,0.17034577421273803
2024-08-07_01,84,57000,76000,0.284,0.28984162483215337,0.0058416248321533915
2024-08-07_01,85,-19000,95000,0.2704,0.2910591827082214,0.020659182708221424
2024-08-07_01,86,0,95000,0.27,0.2992769344329833,0.029276934432983293
2024-08-07_01,87,19000,95000,0.324786843,0.29007934882754527,-0.03470749417245472
2024-08-07_02,0,-19000,-95000,0.322,0.33721174186825564,0.015211741868255635
2024-08-07_02,1,0,-95000,0.3368,0.35392675790786754,0.01712675790786755
2024-08-07_02,2,19000,-95000,0.3206,0.32892083856011967,0.00832083856011967
2024-08-07_02,3,-57000,-76000,0.3399,0.3390842933654785,-0.0008157066345214625
2024-08-07_02,4,-38000,-76000,0.2925,0.2918388470948181,-0.0006611529051818721
2024-08-07_02,5,-19000,-76000,0.2728,0.2956473191764222,0.022847319176422187
2024-08-07_02,6,0,-76000,0.2639,0.26344962990209964,-0.00045037009790038773
2024-08-07_02,7,19000,-76000,0.2728,0.2858875187787171,0.013087518778717111
2024-08-07_02,8,38000,-76000,0.2896,0.29996794610342414,0.01036794610342412
2024-08-07_02,9,57000,-76000,0.3281,0.31252367830276495,-0.015576321697235052
2024-08-07_02,10,-76000,-57000,0.3271,0.3401425738334656,0.013042573833465576
2024-08-07_02,11,-57000,-57000,0.2746,0.2913208908190308,0.016720890819030776
2024-08-07_02,12,-38000,-57000,0.4184,0.317394665219757,-0.10100533478024298
2024-08-07_02,13,-19000,-57000,0.3915,0.39246633013757326,0.0009663301375732458
2024-08-07_02,14,0,-57000,0.3831,0.3862462856063842,0.0031462856063841915
2024-08-07_02,15,19000,-57000,0.3937,0.39561125069308467,0.0019112506930846762
2024-08-07_02,16,38000,-57000,0.4192,0.2884094599870606,-0.13079054001293944
2024-08-07_02,17,57000,-57000,0.2737,0.2960824228053893,0.022382422805389324
2024-08-07_02,18,76000,-57000,0.3201,0.3158967647552491,-0.004203235244750914
2024-08-07_02,19,-76000,-38000,0.2807,0.27836690189346314,-0.0023330981065368683
2024-08-07_02,20,-57000,-38000,0.4082,0.36086663185046386,-0.04733336814953615
2024-08-07_02,21,-38000,-38000,0.3661,0.36839232600555416,0.0022923260055541794
2024-08-07_02,22,-19000,-38000,0.3389,0.34172561388037104,0.0028256138803710584
2024-08-07_02,23,0,-38000,0.3291,0.3312087219533997,0.0021087219533996726
2024-08-07_02,24,19000,-38000,0.3412,0.34521851990655517,0.0040185199065551624
2024-08-07_02,25,38000,-38000,0.3697,0.37215866184234625,0.002458661842346277
2024-08-07_02,26,57000,-38000,0.4121,0.37586539619509884,-0.03623460380490118
2024-08-07_02,27,76000,-38000,0.2831,0.27968661202453604,-0.0034133879754639773
2024-08-07_02,28,-95000,-19000,0.2985,0.2960493447522583,-0.0024506552477416843
2024-08-07_02,29,-76000,-19000,0.2082,0.21460410590585333,0.00640410590585333
2024-08-07_02,30,-57000,-19000,0.3748,0.3767784170043029,0.0019784170043029015
2024-08-07_02,31,-38000,-19000,0.3295,0.33373818436029046,0.004238184360290442
2024-08-07_02,32,-19000,-19000,0.3011,0.30357123806884756,0.002471238068847581
2024-08-07_02,33,0,-19000,0.2905,0.2940926228033447,0.003592622803344714
2024-08-07_02,34,19000,-19000,0.3038,0.3086643267774354,0.004864326777435368
2024-08-07_02,35,38000,-19000,0.3342,0.33674799525927734,0.002547995259277347
2024-08-07_02,36,57000,-19000,0.3814,0.3849624043728943,0.00356240437289429
2024-08-07_02,37,76000,-19000,0.21,0.2360395313087158,0.026039531308715808
2024-08-07_02,38,95000,-19000,0.3037,0.3043965780751343,0.0006965780751342909
2024-08-07_02,39,-95000,0,0.3046,0.3102987452507019,0.005698745250701909
2024-08-07_02,40,-76000,0,0.4159,0.3021529674859619,-0.11374703251403812
2024-08-07_02,41,-57000,0,0.3578,0.3609759807253723,0.003175980725372285
2024-08-07_02,42,-38000,0,0.3127,0.3166418484612121,0.00394184846121215
2024-08-07_02,43,-19000,0,0.2828,0.2854662500145264,0.0026662500145264167
2024-08-07_02,44,19000,0,0.2858,0.28892847546438594,0.003128475464385938
2024-08-07_02,45,38000,0,0.3188,0.3233913821159973,0.0045913821159973
2024-08-07_02,46,57000,0,0.3665,0.37012229038836675,0.0036222903883667557
2024-08-07_02,47,76000,0,0.2065,0.26016791569412234,0.05366791569412235
2024-08-07_02,48,95000,0,0.3042,0.3251944675445557,0.020994467544555695
2024-08-07_02,49,-95000,19000,0.2903,0.31207279729251103,0.021772797292511026
2024-08-07_02,50,-76000,19000,0.416,0.3176411675966797,-0.09835883240332027
2024-08-07_02,51,-57000,19000,0.3572,0.3603416385047913,0.0031416385047912665
2024-08-07_02,52,-38000,19000,0.3127,0.314742743216919,0.0020427432169189963
2024-08-07_02,53,-19000,19000,0.285,0.2891077944861755,0.004107794486175542
2024-08-07_02,54,0,19000,0.2758,0.27909394506588736,0.0032939450658873715
2024-08-07_02,55,19000,19000,0.2881,0.29320909228332526,0.005109092283325234
2024-08-07_02,56,38000,19000,0.3193,0.32238057244836416,0.0030805724483641828
2024-08-07_02,57,57000,19000,0.3668,0.37038268990426637,0.0035826899042663563
2024-08-07_02,58,76000,19000,0.2065,0.23662155400604257,0.030121554006042578
2024-08-07_02,59,95000,19000,0.2943,0.3201564326965638,0.02585643269656379
2024-08-07_02,60,-76000,38000,0.2089,0.22945350577584844,0.02055350577584844
2024-08-07_02,61,-57000,38000,0.3737,0.3788557745417175,0.005155774541717506
2024-08-07_02,62,-38000,38000,0.3307,0.3353806577760621,0.0046806577760620804
2024-08-07_02,63,-19000,38000,0.3049,0.3092313043774415,0.004331304377441503
2024-08-07_02,64,0,38000,0.296,0.300085951497284,0.004085951497284024
2024-08-07_02,65,19000,38000,0.3082,0.31434988418481447,0.006149884184814491
2024-08-07_02,66,38000,38000,0.3378,0.3411906359213257,0.003390635921325713
2024-08-07_02,67,57000,38000,0.3829,0.38875124324841304,0.005851243248413018
2024-08-07_02,68,76000,38000,0.2107,0.27095340537451174,0.06025340537451174
2024-08-07_02,69,-76000,57000,0.2943,0.29792954568862917,0.0036295456886291655
2024-08-07_02,70,-57000,57000,0.4078,0.3541905385956726,-0.053609461404327374
2024-08-07_02,71,-38000,57000,0.3642,0.3687796230447693,0.0045796230447692765
2024-08-07_02,72,-19000,57000,0.3388,0.34378085327038566,0.004980853270385666
2024-08-07_02,73,0,57000,0.3305,0.33275808115347294,0.002258081153472924
2024-08-07_02,74,19000,57000,0.3423,0.3475770011517334,0.005277001151733407
2024-08-07_02,75,38000,57000,0.3704,0.3752777799847411,0.004877779984741093
2024-08-07_02,76,57000,57000,0.4148,0.3520521603420106,-0.06274783965798941
2024-08-07_02,77,76000,57000,0.2906,0.29425134477615367,0.003651344776153642
2024-08-07_02,78,-57000,76000,0.2831,0.2893761003494263,0.006276100349426272
2024-08-07_02,79,-38000,76000,0.4154,0.3195352064967346,-0.09586479350326538
2024-08-07_02,80,-19000,76000,0.3889,0.3934633143720092,0.004563314372009186
2024-08-07_02,81,0,76000,0.3799,0.38163513250350944,0.001735132503509429
2024-08-07_02,82,19000,76000,0.3922,0.393484402612732,0.001284402612731994
2024-08-07_02,83,38000,76000,0.4196,0.26815591549279794,-0.15144408450720204
2024-08-07_02,84,57000,76000,0.2812,0.28644063291549693,0.005240632915496923
2024-08-07_02,85,-19000,95000,0.2681,0.2875355664225463,0.01943556642254629
2024-08-07_02,86,0,95000,0.27,0.2921608716964721,0.022160871696472073
2024-08-07_02,87,19000,95000,0.2681,0.2851109322383423,0.01701093223834227
2024-08-07_03,0,-19000,-95000,0.3243,0.3582962257972413,0.03399622579724132
2024-08-07_03,1,0,-95000,0.3412,0.3811415979385375,0.03994159793853752
2024-08-07_03,2,19000,-95000,0.3243,0.35329665692440804,0.02899665692440806
2024-08-07_03,3,-57000,-76000,0.3439,0.382162811756134,0.038262811756133996
2024-08-07_03,4,-38000,-76000,0.2934,0.33649416542160027,0.04309416542160027
2024-08-07_03,5,-19000,-76000,0.2728,0.3647498143214416,0.09194981432144161
2024-08-07_03,6,0,-76000,0.2634,0.3399459558998412,0.0765459558998412
2024-08-07_03,7,19000,-76000,0.2732,0.34585308650589,0.07265308650588997
2024-08-07_03,8,38000,-76000,0.292,0.3348463249373168,0.042846324937316826
2024-08-07_03,9,57000,-76000,0.3328,0.3767574483871461,0.0439574483871461
2024-08-07_03,10,-76000,-57000,0.3314,0.38927835464477534,0.057878354644775365
2024-08-07_03,11,-57000,-57000,0.276,0.33718226367080684,0.061182263670806813
2024-08-07_03,12,-38000,-57000,0.4194,0.3737980346082459,-0.045601965391754096
2024-08-07_03,13,-19000,-57000,0.3933,0.3945936559186096,0.0012936559186096375
2024-08-07_03,14,0,-57000,0.3851,0.3847376443291932,-0.0003623556708067799
2024-08-07_03,15,19000,-57000,0.3951,0.396592689558136,0.0014926895581359734
2024-08-07_03,16,38000,-57000,0.4212,0.3461470072746582,-0.07505299272534183
2024-08-07_03,17,57000,-57000,0.2765,0.33200520577029424,0.05550520577029422
2024-08-07_03,18,76000,-57000,0.3243,0.37236810274124155,0.04806810274124157
2024-08-07_03,19,-76000,-38000,0.2831,0.3083441914420777,0.02524419144207768
2024-08-07_03,20,-57000,-38000,0.4107,0.38003092206948863,-0.03066907793051138
2024-08-07_03,21,-38000,-38000,0.3686,0.37065410522836295,0.002054105228362968
2024-08-07_03,22,-19000,-38000,0.3413,0.3431951941758422,0.0018951941758422186
2024-08-07_03,23,0,-38000,0.3316,0.3318041985889282,0.00020419858892817278
2024-08-07_03,24,19000,-38000,0.3439,0.3461940452950134,0.002294045295013425
2024-08-07_03,25,38000,-38000,0.3723,0.37382692642211923,0.0015269264221192125
2024-08-07_03,26,57000,-38000,0.4155,0.3820377750441284,-0.03346222495587159
2024-08-07_03,27,76000,-38000,0.285,0.32551697530056756,0.04051697530056758
2024-08-07_03,28,-95000,-19000,0.3004,0.33838283564929195,0.037982835649291946
2024-08-07_03,29,-76000,-19000,0.2081,0.3486227770417175,0.1405227770417175
2024-08-07_03,30,-57000,-19000,0.378,0.38089103548516845,0.002891035485168447
2024-08-07_03,31,-38000,-19000,0.3328,0.3338248806405335,0.001024880640533521
2024-08-07_03,32,-19000,-19000,0.3041,0.306118457570526,0.0020184575705260444
2024-08-07_03,33,0,-19000,0.2932,0.2949095739212342,0.0017095739212341643
2024-08-07_03,34,19000,-19000,0.307,0.30871732122836293,0.0017173212283629335
2024-08-07_03,35,38000,-19000,0.3375,0.33761009078472903,0.00011009078472901113
2024-08-07_03,36,57000,-19000,0.3849,0.3865475711473998,0.0016475711473997734
2024-08-07_03,37,76000,-19000,0.21,0.3399682104248962,0.12996821042489623
2024-08-07_03,38,95000,-19000,0.3075,0.3454093423847657,0.03790934238476573
2024-08-07_03,39,-95000,0,0.3084,0.3510111018180847,0.042611101818084696
2024-08-07_03,40,-76000,0,0.4195,0.351971394757721,-0.067528605242279
2024-08-07_03,41,-57000,0,0.3612,0.3610966173444825,-0.00010338265551751435
2024-08-07_03,42,-38000,0,0.3163,0.3180380741751099,0.0017380741751098494
2024-08-07_03,43,-19000,0,0.2861,0.28645835351046744,0.00035835351046742403
2024-08-07_03,44,19000,0,0.2894,0.2907290374314575,0.0013290374314575137
2024-08-07_03,45,38000,0,0.3226,0.3245572950081177,0.0019572950081176987
2024-08-07_03,46,57000,0,0.37,0.3721002674363709,0.0021002674363709284
2024-08-07_03,47,76000,0,0.2071,0.34609314111520395,0.13899314111520394
2024-08-07_03,48,95000,0,0.307,0.3321254480361939,0.02512544803619393
2024-08-07_03,49,-95000,19000,0.2925,0.31594864585882565,0.023448645858825667
2024-08-07_03,50,-76000,19000,0.4197,0.3553706796614685,-0.0643293203385315
2024-08-07_03,51,-57000,19000,0.3604,0.3632025432890015,0.00280254328900148
2024-08-07_03,52,-38000,19000,0.3165,0.3175071852030029,0.0010071852030029138
2024-08-07_03,53,-19000,19000,0.2886,0.2900944611316223,0.0014944611316222711
2024-08-07_03,54,0,19000,0.2794,0.2810100510877991,0.0016100510877991026
2024-08-07_03,55,19000,19000,0.292,0.2937197859738159,0.0017197859738158905
2024-08-07_03,56,38000,19000,0.3235,0.3260121125092774,0.002512112509277409
2024-08-07_03,57,57000,19000,0.3707,0.37304098837667854,0.0023409883766785655
2024-08-07_03,58,76000,19000,0.208,0.33506625534295664,0.12706625534295665
2024-08-07_03,59,95000,19000,0.2974,0.3432233181519775,0.04582331815197749
2024-08-07_03,60,-76000,38000,0.2093,0.3567066341186218,0.1474066341186218
2024-08-07_03,61,-57000,38000,0.3771,0.3796914059595642,0.002591405959564197
2024-08-07_03,62,-38000,38000,0.3348,0.335316274626587,0.0005162746265869878
2024-08-07_03,63,-19000,38000,0.3087,0.31157116967791754,0.002871169677917562
2024-08-07_03,64,0,38000,0.3,0.3020924965927123,0.002092496592712323
2024-08-07_03,65,19000,38000,0.3125,0.31435540688626107,0.0018554068862610684
2024-08-07_03,66,38000,38000,0.3424,0.34293257631576535,0.0005325763157653651
2024-08-07_03,67,57000,38000,0.3874,0.390311050748108,0.0029110507481079906
2024-08-07_03,68,76000,38000,0.2643,0.3518339471134033,0.08753394711340334
2024-08-07_03,69,-76000,57000,0.2976,0.3138102563858032,0.0162102563858032
2024-08-07_03,70,-57000,57000,0.4115,0.35847618536734005,-0.05302381463265993
2024-08-07_03,71,-38000,57000,0.3679,0.3677706802556763,-0.0001293197443237304
2024-08-07_03,72,-19000,57000,0.343,0.3453964934865723,0.002396493486572282
2024-08-07_03,73,0,57000,0.3346,0.3357467743540954,0.0011467743540953812
2024-08-07_03,74,19000,57000,0.3466,0.3495063634835205,0.002906363483520469
2024-08-07_03,75,38000,57000,0.3748,0.37535567392022706,0.00055567392022704
2024-08-07_03,76,57000,57000,0.4195,0.36827032209216304,-0.051229677907836946
2024-08-07_03,77,76000,57000,0.2943,0.32162169876098634,0.027321698760986335
2024-08-07_03,78,-57000,76000,0.2868,0.3297776850700378,0.0429776850700378
2024-08-07_03,79,-38000,76000,0.4201,0.3626101986138611,-0.05748980138613885
2024-08-07_03,80,-19000,76000,0.3931,0.39504393000759885,0.0019439300075988486
2024-08-07_03,81,0,76000,0.3842,0.38514770736694337,0.0009477073669433844
2024-08-07_03,82,19000,76000,0.3964,0.39691951734176634,0.0005195173417663623
2024-08-07_03,83,38000,76000,0.2043,0.36927448622225945,0.16497448622225944
2024-08-07_03,84,57000,76000,0.285,0.3208048767089844,0.03580487670898441
2024-08-07_03,85,-19000,95000,0.2723,0.3528396381118164,0.08053963811181641
2024-08-07_03,86,0,95000,0.276,0.34956349601745607,0.07356349601745604
2024-08-07_03,87,19000,95000,0.2737,0.35068768496020497,0.07698768496020497
2024-08-07_04,0,-19000,-95000,0.3239,0.3284704196060486,0.004570419606048592
2024-08-07_04,1,0,-95000,0.3418,0.34648409862518315,0.004684098625183153
2024-08-07_04,2,19000,-95000,0.3234,0.3256908736174011,0.0022908736174011013
2024-08-07_04,3,-57000,-76000,0.345,0.34726983852386484,0.0022698385238648644
2024-08-07_04,4,-38000,-76000,0.2943,0.3022117233491821,0.00791172334918211
2024-08-07_04,5,-19000,-76000,0.2751,0.3122076763606567,0.037107676360656705
2024-08-07_04,6,0,-76000,0.2671,0.302099175108673,0.03499917510867301
2024-08-07_04,7,19000,-76000,0.2765,0.2975371051748046,0.02103710517480456
2024-08-07_04,8,38000,-76000,0.2943,0.3040577581191406,0.009757758119140592
2024-08-07_04,9,57000,-76000,0.3337,0.33494732666015614,0.001247326660156145
2024-08-07_04,10,-76000,-57000,0.3328,0.34176862783432016,0.008968627834320175
2024-08-07_04,11,-57000,-57000,0.2789,0.29370426105453484,0.014804261054534862
2024-08-07_04,12,-38000,-57000,0.203,0.3740945400500184,0.1710945400500184
2024-08-07_04,13,-19000,-57000,0.3958,0.39560305787725825,-0.00019694212274173895
2024-08-07_04,14,0,-57000,0.3872,0.38733468239212043,0.0001346823921204443
2024-08-07_04,15,19000,-57000,0.3975,0.39805723235125723,0.0005572323512572086
2024-08-07_04,16,38000,-57000,0.2053,0.3563826119973754,0.1510826119973754
2024-08-07_04,17,57000,-57000,0.2779,0.2902708669329528,0.012370866932952806
2024-08-07_04,18,76000,-57000,0.3257,0.329438546180725,0.0037385461807249998
2024-08-07_04,19,-76000,-38000,0.285,0.28765656758212277,0.002656567582122793
2024-08-07_04,20,-57000,-38000,0.4136,0.39253555821035757,-0.021064441789642452
2024-08-07_04,21,-38000,-38000,0.3708,0.37123225513381963,0.00043225513381961456
2024-08-07_04,22,-19000,-38000,0.3437,0.343955307870514,0.00025530787051397663
2024-08-07_04,23,0,-38000,0.3338,0.3323476831770935,-0.0014523168229064742
2024-08-07_04,24,19000,-38000,0.3459,0.346031446625763,0.000131446625763032
2024-08-07_04,25,38000,-38000,0.3742,0.374726632118225,0.0005266321182250122
2024-08-07_04,26,57000,-38000,0.4172,0.4029628267501526,-0.014237173249847412
2024-08-07_04,27,76000,-38000,0.2864,0.2857432860910949,-0.0006567139089050933
2024-08-07_04,28,-95000,-19000,0.3018,0.3082108059963379,0.006410805996337865
2024-08-07_04,29,-76000,-19000,0.2078,0.3013615271404724,0.09356152714047236
2024-08-07_04,30,-57000,-19000,0.3798,0.38077059186770623,0.0009705918677062053
2024-08-07_04,31,-38000,-19000,0.3348,0.33425231533560185,-0.0005476846643981403
2024-08-07_04,32,-19000,-19000,0.3064,0.3067426789555969,0.0003426789555969201
2024-08-07_04,33,0,-19000,0.2955,0.2948934329689026,-0.0006065670310974047
2024-08-07_04,34,19000,-19000,0.3089,0.308688990479004,-0.00021100952099600834
2024-08-07_04,35,38000,-19000,0.3392,0.3389193040184326,-0.0002806959815673804
2024-08-07_04,36,57000,-19000,0.3868,0.3870458734001465,0.0002458734001465346
2024-08-07_04,37,76000,-19000,0.2089,0.29440520730776987,0.08550520730776986
2024-08-07_04,38,95000,-19000,0.3084,0.31798815027029415,0.009588150270294138
2024-08-07_04,39,-95000,0,0.3051,0.3085527463912964,0.0034527463912963907
2024-08-07_04,40,-76000,0,0.2043,0.36401283001882934,0.15971283001882933
2024-08-07_04,41,-57000,0,0.3632,0.36290761629800405,-0.0002923837019959685
2024-08-07_04,42,-38000,0,0.3183,0.3177436289836426,-0.0005563710163574154
2024-08-07_04,43,-19000,0,0.2882,0.28690392604367077,-0.0012960739563292467
2024-08-07_04,44,19000,0,0.2914,0.2918013183582764,0.0004013183582763924
2024-08-07_04,45,38000,0,0.3244,0.3252765054149169,0.000876505414916906
2024-08-07_04,46,57000,0,0.3718,0.37239923302371225,0.0005992330237122312
2024-08-07_04,47,76000,0,0.208,0.30356273097424324,0.09556273097424325
2024-08-07_04,48,95000,0,0.3093,0.30759620294570933,-0.00170379705429069
2024-08-07_04,49,-95000,19000,0.2939,0.29251379345205686,-0.0013862065479431362
2024-08-07_04,50,-76000,19000,0.2043,0.34413516432604985,0.13983516432604984
2024-08-07_04,51,-57000,19000,0.363,0.36305861602801515,5.8616028015157084e-05
2024-08-07_04,52,-38000,19000,0.3189,0.3176876243986817,-0.0012123756013183162
2024-08-07_04,53,-19000,19000,0.2909,0.2906733270027466,-0.0002266729972533743
2024-08-07_04,54,0,19000,0.2817,0.2820671661591796,0.0003671661591795883
2024-08-07_04,55,19000,19000,0.2943,0.2944691670358277,0.00016916703582769976
2024-08-07_04,56,38000,19000,0.3253,0.32615033533831794,0.0008503353383179646
2024-08-07_04,57,57000,19000,0.3726,0.373539969841034,0.0009399698410340052
2024-08-07_04,58,76000,19000,0.2081,0.3005207208082885,0.0924207208082885
2024-08-07_04,59,95000,19000,0.299,0.30515514328176874,0.006155143281768749
2024-08-07_04,60,-76000,38000,0.2081,0.3029951037982178,0.0948951037982178
2024-08-07_04,61,-57000,38000,0.3797,0.3786955488083191,-0.0010044511916808552
2024-08-07_04,62,-38000,38000,0.3372,0.33736482341082774,0.00016482341082774132
2024-08-07_04,63,-19000,38000,0.3111,0.3122497457990112,0.0011497457990112259
2024-08-07_04,64,0,38000,0.3024,0.3026548296586915,0.0002548296586915022
2024-08-07_04,65,19000,38000,0.3146,0.31558256518658445,0.000982565186584461
2024-08-07_04,66,38000,38000,0.344,0.3445675971363831,0.0005675971363831023
2024-08-07_04,67,57000,38000,0.3891,0.39008105838073726,0.0009810583807372542
2024-08-07_04,68,76000,38000,0.2681,0.3057250220856629,0.037625022085662874
2024-08-07_04,69,-76000,57000,0.299,0.2917372093200684,-0.0072627906799315745
2024-08-07_04,70,-57000,57000,0.4142,0.37490346776260375,-0.039296532237396264
2024-08-07_04,71,-38000,57000,0.3706,0.36922255856646724,-0.0013774414335327445
2024-08-07_04,72,-19000,57000,0.3455,0.3461278629311524,0.000627862931152412
2024-08-07_04,73,0,57000,0.3372,0.3364843891055298,-0.0007156108944701978
2024-08-07_04,74,19000,57000,0.3487,0.34884672336471567,0.00014672336471566183
2024-08-07_04,75,38000,57000,0.3768,0.37712211845858756,0.0003221184585875392
2024-08-07_04,76,57000,57000,0.4215,0.36706158563525393,-0.05443841436474606
2024-08-07_04,77,76000,57000,0.2957,0.29647700557708734,0.0007770055770873197
2024-08-07_04,78,-57000,76000,0.2887,0.2919055924415589,0.00320559244155888
2024-08-07_04,79,-38000,76000,0.2041,0.38005089960449223,0.17595089960449223
2024-08-07_04,80,-19000,76000,0.3953,0.39620198724676503,0.0009019872467650458
2024-08-07_04,81,0,76000,0.3863,0.38613260774612423,-0.0001673922538757422
2024-08-07_04,82,19000,76000,0.3987,0.39841107094744865,-0.0002889290525513455
2024-08-07_04,83,38000,76000,0.2063,0.35845229513900767,0.15215229513900766
2024-08-07_04,84,57000,76000,0.2873,0.29219965705871576,0.004899657058715756
2024-08-07_04,85,-19000,95000,0.2737,0.30438057983203115,0.030680579832031152
2024-08-07_04,86,0,95000,0.2775,0.307471881198883,0.029971881198883
2024-08-07_04,87,19000,95000,0.2737,0.29137562596521005,0.01767562596521005
2024-08-07_05,0,-19000,-95000,0.3243,0.32203661082556145,-0.0022633891744385237
2024-08-07_05,1,0,-95000,0.3427,0.34578013458251955,0.0030801345825195448
2024-08-07_05,2,19000,-95000,0.3239,0.32318447752636725,-0.0007155224736327681
2024-08-07_05,3,-57000,-76000,0.3459,0.3442369777679444,-0.001663022232055611
2024-08-07_05,4,-38000,-76000,0.2967,0.2898265924994812,-0.006873407500518847
2024-08-07_05,5,-19000,-76000,0.2775,0.28819831746774294,0.010698317467742913
2024-08-07_05,6,0,-76000,0.2695,0.2790882457144166,0.009588245714416577
2024-08-07_05,7,19000,-76000,0.2789,0.2903937385385742,0.011493738538574216
2024-08-07_05,8,38000,-76000,0.2953,0.29300048824133307,-0.002299511758666939
2024-08-07_05,9,57000,-76000,0.3356,0.3205108696937562,-0.015089130306243814
2024-08-07_05,10,-76000,-57000,0.3323,0.3399727422714234,0.007672742271423394
2024-08-07_05,11,-57000,-57000,0.2812,0.28515173512799064,0.00395173512799063
2024-08-07_05,12,-38000,-57000,0.2052,0.24629553005438232,0.04109553005438232
2024-08-07_05,13,-19000,-57000,0.3992,0.40665898602542105,0.007458986025421055
2024-08-07_05,14,0,-57000,0.3909,0.3978313293272706,0.006931329327270586
2024-08-07_05,15,19000,-57000,0.4012,0.4065054737877196,0.005305473787719617
2024-08-07_05,16,38000,-57000,0.2065,0.24700844804971323,0.040508448049713236
2024-08-07_05,17,57000,-57000,0.2798,0.26934775264288335,-0.01045224735711664
2024-08-07_05,18,76000,-57000,0.3281,0.3193044120788575,-0.00879558792114249
2024-08-07_05,19,-76000,-38000,0.2868,0.2845147331431275,-0.0022852668568725254
2024-08-07_05,20,-57000,-38000,0.4172,0.27482575016073607,-0.14237424983926394
2024-08-07_05,21,-38000,-38000,0.3752,0.381465307930664,0.006265307930664044
2024-08-07_05,22,-19000,-38000,0.3475,0.3537038287449952,0.006203828744995199
2024-08-07_05,23,0,-38000,0.3379,0.3449060790941163,0.007006079094116324
2024-08-07_05,24,19000,-38000,0.3499,0.3568036333193665,0.006903633319366498
2024-08-07_05,25,38000,-38000,0.378,0.38431037015914926,0.006310370159149259
2024-08-07_05,26,57000,-38000,0.4206,0.23720514107556157,-0.1833948589244384
2024-08-07_05,27,76000,-38000,0.2882,0.28610814563830567,-0.0020918543616943452
2024-08-07_05,28,-95000,-19000,0.3023,0.30370300176275633,0.0014030017627563174
2024-08-07_05,29,-76000,-19000,0.2081,0.26779263964154043,0.059692639641540424
2024-08-07_05,30,-57000,-19000,0.3843,0.39118236086273184,0.006882360862731862
2024-08-07_05,31,-38000,-19000,0.3393,0.3474918706073302,0.008191870607330232
2024-08-07_05,32,-19000,-19000,0.3109,0.3182138342022094,0.007313834202209379
2024-08-07_05,33,0,-19000,0.3,0.308212402187622,0.008212402187622037
2024-08-07_05,34,19000,-19000,0.3127,0.32043475837207036,0.007734758372070383
2024-08-07_05,35,38000,-19000,0.3433,0.3518066703646545,0.008506670364654523
2024-08-07_05,36,57000,-19000,0.3909,0.3971609277894592,0.006260927789459192
2024-08-07_05,37,76000,-19000,0.2648,0.2700056464710694,0.005205646471069414
2024-08-07_05,38,95000,-19000,0.3098,0.30477556072955325,-0.005024439270446768
2024-08-07_05,39,-95000,0,0.3112,0.3085483983039856,-0.0026516016960143607
2024-08-07_05,40,-76000,0,0.2052,0.22728778404983518,0.02208778404983519
2024-08-07_05,41,-57000,0,0.3681,0.3750799356934815,0.006979935693481543
2024-08-07_05,42,-38000,0,0.3235,0.3309123126776734,0.007412312677673394
2024-08-07_05,43,-19000,0,0.2933,0.3003820154549255,0.007082015454925483
2024-08-07_05,44,19000,0,0.2957,0.30361040182452403,0.007910401824524016
2024-08-07_05,45,38000,0,0.3291,0.3372490073037415,0.008149007303741518
2024-08-07_05,46,57000,0,0.3765,0.38255803659606924,0.006058036596069238
2024-08-07_05,47,76000,0,0.209,0.22266252354623406,0.013662523546234068
2024-08-07_05,48,95000,0,0.3121,0.30905881795883183,-0.0030411820411681556
2024-08-07_05,49,-95000,19000,0.295,0.2842454947029114,-0.010754505297088601
2024-08-07_05,50,-76000,19000,0.2061,0.2358439725634155,0.02974397256341549
2024-08-07_05,51,-57000,19000,0.3682,0.37424281431433104,0.006042814314331013
2024-08-07_05,52,-38000,19000,0.324,0.3318260291786803,0.007826029178680305
2024-08-07_05,53,-19000,19000,0.2954,0.30272057025848387,0.007320570258483872
2024-08-07_05,54,0,19000,0.2867,0.2947890409910279,0.008089040991027863
2024-08-07_05,55,19000,19000,0.2988,0.30713670615048216,0.008336706150482154
2024-08-07_05,56,38000,19000,0.33,0.3387348176453553,0.008734817645355275
2024-08-07_05,57,57000,19000,0.3772,0.38369873882592764,0.0064987388259276635
2024-08-07_05,58,76000,19000,0.21,0.24360828684631342,0.03360828684631342
2024-08-07_05,59,95000,19000,0.3018,0.30008336726104745,-0.0017166327389525615
2024-08-07_05,60,-76000,38000,0.2617,0.2819619644072876,0.020261964407287614
2024-08-07_05,61,-57000,38000,0.3847,0.39154589781567384,0.0068458978156738515
2024-08-07_05,62,-38000,38000,0.3421,0.3490659567582093,0.0069659567582092685
2024-08-07_05,63,-19000,38000,0.3161,0.32273645086047353,0.006636450860473542
2024-08-07_05,64,0,38000,0.3075,0.31499308552130123,0.007493085521301235
2024-08-07_05,65,19000,38000,0.3197,0.3272546725615846,0.007554672561584597
2024-08-07_05,66,38000,38000,0.3488,0.35638204521484385,0.007582045214843847
2024-08-07_05,67,57000,38000,0.3938,0.4015755510011596,0.00777555100115962
2024-08-07_05,68,76000,38000,0.2709,0.2960098456507263,0.025109845650726326
2024-08-07_05,69,-76000,57000,0.3014,0.30584095315933224,0.004440953159332239
2024-08-07_05,70,-57000,57000,0.419,0.26087331506707767,-0.1581266849329223
2024-08-07_05,71,-38000,57000,0.3758,0.38210317632922364,0.006303176329223614
2024-08-07_05,72,-19000,57000,0.3505,0.35677933635748293,0.006279336357482956
2024-08-07_05,73,0,57000,0.342,0.35104311718157954,0.009043117181579519
2024-08-07_05,74,19000,57000,0.3538,0.35916319745626835,0.005363197456268343
2024-08-07_05,75,38000,57000,0.3814,0.38735976165100094,0.005959761651000928
2024-08-07_05,76,57000,57000,0.2069,0.2431304373404235,0.0362304373404235
2024-08-07_05,77,76000,57000,0.2985,0.28658758172988885,-0.011912418270111136
2024-08-07_05,78,-57000,76000,0.2906,0.29257498579025265,0.0019749857902526258
2024-08-07_05,79,-38000,76000,0.2071,0.23898997862274174,0.03188997862274173
2024-08-07_05,80,-19000,76000,0.4003,0.407478236390747,0.007178236390746995
2024-08-07_05,81,0,76000,0.391,0.3977990844726562,0.006799084472656203
2024-08-07_05,82,19000,76000,0.403,0.4091474055696105,0.006147405569610465
2024-08-07_05,83,38000,76000,0.2082,0.22314430422622689,0.01494430422622689
2024-08-07_05,84,57000,76000,0.2894,0.282583103275299,-0.006816896724700983
2024-08-07_05,85,-19000,95000,0.276,0.28854174785784914,0.012541747857849117
2024-08-07_05,86,0,95000,0.2803,0.2827621200561523,0.002462120056152317
2024-08-07_05,87,19000,95000,0.2756,0.3017465139976807,0.026146513997680698
2024-08-07_06,0,-19000,-95000,0.33,0.31872759983898935,-0.011272400161010665
2024-08-07_06,1,0,-95000,0.3489,0.3512014804840089,0.002301480484008911
2024-08-07_06,2,19000,-95000,0.3356,0.320139495892273,-0.015460504107727036
2024-08-07_06,3,-57000,-76000,0.3534,0.34347321300506595,-0.009926786994934045
2024-08-07_06,4,-38000,-76000,0.3,0.30146383024081413,0.0014638302408141457
2024-08-07_06,5,-19000,-76000,0.2831,0.29095727596051035,0.007857275960510335
2024-08-07_06,6,0,-76000,0.2765,0.27986217419039927,0.0033621741903992475
2024-08-07_06,7,19000,-76000,0.2831,0.2912110490663453,0.0081110490663453
2024-08-07_06,8,38000,-76000,0.2988,0.2995350501629028,0.0007350501629028172
2024-08-07_06,9,57000,-76000,0.3434,0.3396732712745667,-0.0037267287254332815
2024-08-07_06,10,-76000,-57000,0.345,0.33909149675369266,-0.005908503246307317
2024-08-07_06,11,-57000,-57000,0.2854,0.28700846522634893,0.001608465226348943
2024-08-07_06,12,-38000,-57000,0.208,0.2288933649666749,0.020893364966674904
2024-08-07_06,13,-19000,-57000,0.4058,0.4059962751334534,0.000196275133453383
2024-08-07_06,14,0,-57000,0.3976,0.39943396425088507,0.0018339642508850562
2024-08-07_06,15,19000,-57000,0.4076,0.4056326484203492,-0.0019673515796508334
2024-08-07_06,16,38000,-57000,0.209,0.2233052547035217,0.014305254703521703
2024-08-07_06,17,57000,-57000,0.285,0.2833337722262268,-0.0016662277737731768
2024-08-07_06,18,76000,-57000,0.337,0.3351089859962464,-0.0018910140037536327
2024-08-07_06,19,-76000,-38000,0.2929,0.29462962938537607,0.0017296293853760747
2024-08-07_06,20,-57000,-38000,0.2051,0.26886967850271604,0.06376967850271603
2024-08-07_06,21,-38000,-38000,0.3809,0.38340217250488284,0.002502172504882827
2024-08-07_06,22,-19000,-38000,0.3528,0.3564795199307862,0.0036795199307861903
2024-08-07_06,23,0,-38000,0.3433,0.3477506057381896,0.004450605738189617
2024-08-07_06,24,19000,-38000,0.356,0.3596628996930846,0.0036628996930846425
2024-08-07_06,25,38000,-38000,0.3849,0.38764702329635625,0.0027470232963562324
2024-08-07_06,26,57000,-38000,0.2071,0.2385729860727539,0.031472986072753895
2024-08-07_06,27,76000,-38000,0.2929,0.2989893092446594,0.006089309244659391
2024-08-07_06,28,-95000,-19000,0.3093,0.31267575342669685,0.003375753426696826
2024-08-07_06,29,-76000,-19000,0.2662,0.2350137208383789,-0.03118627916162109
2024-08-07_06,30,-57000,-19000,0.3911,0.393480074526825,0.0023800745268249823
2024-08-07_06,31,-38000,-19000,0.3449,0.3480660554656372,0.0031660554656371964
2024-08-07_06,32,-19000,-19000,0.3156,0.318404077138031,0.0028040771380309915
2024-08-07_06,33,0,-19000,0.305,0.3083295499074401,0.0033295499074401103
2024-08-07_06,34,19000,-19000,0.3196,0.322746992271576,0.003146992271575999
2024-08-07_06,35,38000,-19000,0.3507,0.3543035505063781,0.0036035505063780615
2024-08-07_06,36,57000,-19000,0.3984,0.39942936701910403,0.001029367019104055
2024-08-07_06,37,76000,-19000,0.2728,0.2674138131934205,-0.005386186806579485
2024-08-07_06,38,95000,-19000,0.3164,0.3171075787286073,0.0007075787286072721
2024-08-07_06,39,-95000,0,0.3215,0.31330391664505,-0.008196083354950034
2024-08-07_06,40,-76000,0,0.2081,0.2196035102933349,0.011503510293334906
2024-08-07_06,41,-57000,0,0.3744,0.3774109532402039,0.003010953240203895
2024-08-07_06,42,-38000,0,0.3289,0.33232795467538456,0.003427954675384537
2024-08-07_06,43,-19000,0,0.2984,0.30148850781478886,0.0030885078147888656
2024-08-07_06,44,19000,0,0.3032,0.3047953377178345,0.0015953377178344885
2024-08-07_06,45,38000,0,0.3372,0.33884004722817984,0.0016400472281798417
2024-08-07_06,46,57000,0,0.385,0.38538139844882213,0.00038139844882212337
2024-08-07_06,47,76000,0,0.21,0.22279307263732906,0.012793072637329067
2024-08-07_06,48,95000,0,0.3187,0.30853754386901855,-0.010162456130981434
2024-08-07_06,49,-95000,19000,0.3009,0.3007646381791076,-0.0001353618208924101
2024-08-07_06,50,-76000,19000,0.2089,0.22354213712954718,0.014642137129547178
2024-08-07_06,51,-57000,19000,0.3749,0.3777036414645385,0.0028036414645384866
2024-08-07_06,52,-38000,19000,0.3301,0.33265858532736203,0.0025585853273620285
2024-08-07_06,53,-19000,19000,0.3018,0.30558345102560436,0.003783451025604345
2024-08-07_06,54,0,19000,0.293,0.29518171862127685,0.0021817186212768624
2024-08-07_06,55,19000,19000,0.3069,0.30786613512274164,0.0009661351227416293
2024-08-07_06,56,38000,19000,0.3396,0.33967725166772467,7.725166772465375e-05
2024-08-07_06,57,57000,19000,0.3872,0.387137343293396,-6.265670660399181e-05
2024-08-07_06,58,76000,19000,0.2602,0.23525621707739264,-0.02494378292260735
2024-08-07_06,59,95000,19000,0.3058,0.29875454647405997,-0.007045453525940049
2024-08-07_06,60,-76000,38000,0.2709,0.260292082501709,-0.010607917498290986
2024-08-07_06,61,-57000,38000,0.3925,0.3932186088802796,0.0007186088802795809
2024-08-07_06,62,-38000,38000,0.3491,0.35083660638763425,0.001736606387634232
2024-08-07_06,63,-19000,38000,0.3227,0.3256280854781799,0.0029280854781799093
2024-08-07_06,64,0,38000,0.3145,0.3164499901217346,0.0019499901217345794
2024-08-07_06,65,19000,38000,0.3287,0.3293618583593749,0.0006618583593749339
2024-08-07_06,66,38000,38000,0.3594,0.35802858247552494,-0.0013714175244750604
2024-08-07_06,67,57000,38000,0.4045,0.4031784887009888,-0.0013215112990112021
2024-08-07_06,68,76000,38000,0.2793,0.2826373165017395,0.003337316501739518
2024-08-07_06,69,-76000,57000,0.3075,0.3041669719696045,-0.0033330280303954796
2024-08-07_06,70,-57000,57000,0.2071,0.24279191358020014,0.03569191358020013
2024-08-07_06,71,-38000,57000,0.3835,0.383451220504303,-4.8779495696982256e-05
2024-08-07_06,72,-19000,57000,0.3577,0.3588368520038452,0.001136852003845168
2024-08-07_06,73,0,57000,0.3497,0.35182120895126334,0.0021212089512633314
2024-08-07_06,74,19000,57000,0.3629,0.36118927455114735,-0.0017107254488526458
2024-08-07_06,75,38000,57000,0.3928,0.38919577387786863,-0.0036042261221313487
2024-08-07_06,76,57000,57000,0.21,0.21989466537103275,0.009894665371032757
2024-08-07_06,77,76000,57000,0.303,0.29769258747100835,-0.00530741252899164
2024-08-07_06,78,-57000,76000,0.2985,0.301239549446106,0.0027395494461059933
2024-08-07_06,79,-38000,76000,0.21,0.24043718130352776,0.030437181303527766
2024-08-07_06,80,-19000,76000,0.4076,0.405448503228119,-0.002151496771881034
2024-08-07_06,81,0,76000,0.3985,0.39860960741043083,0.00010960741043081201
2024-08-07_06,82,19000,76000,0.4114,0.4109567172707824,-0.0004432827292175645
2024-08-07_06,83,38000,76000,0.21,0.21664888211032096,0.006648882110320969
2024-08-07_06,84,57000,76000,0.2974,0.2962469960212708,-0.0011530039787291946
2024-08-07_06,85,-19000,95000,0.2798,0.299849568030365,0.020049568030365006
2024-08-07_06,86,0,95000,0.2871,0.2902657081604003,0.0031657081604002935
2024-08-07_06,87,19000,95000,0.2803,0.2897095728032837,0.009409572803283694
2024-08-07_07,0,-19000,-95000,0.3253,0.3199093145671996,-0.005390685432800357
2024-08-07_07,1,0,-95000,0.3469,0.3488167836189271,0.0019167836189271092
2024-08-07_07,2,19000,-95000,0.3337,0.31431088524249273,-0.019389114757507264
2024-08-07_07,3,-57000,-76000,0.351,0.35003879871368415,-0.000961201286315827
2024-08-07_07,4,-38000,-76000,0.2971,0.302316430184143,0.005216430184143028
2024-08-07_07,5,-19000,-76000,0.2793,0.2914904225161743,0.012190422516174304
2024-08-07_07,6,0,-76000,0.2728,0.27540901758825687,0.002609017588256879
2024-08-07_07,7,19000,-76000,0.2807,0.29264743156585693,0.011947431565856925
2024-08-07_07,8,38000,-76000,0.2964,0.29639060950622564,-9.390493774352748e-06
2024-08-07_07,9,57000,-76000,0.341,0.3323556435585022,-0.008644356441497802
2024-08-07_07,10,-76000,-57000,0.3427,0.3438675722122193,0.0011675722122193033
2024-08-07_07,11,-57000,-57000,0.2831,0.29474735378881833,0.011647353788818315
2024-08-07_07,12,-38000,-57000,0.207,0.21498866859521493,0.007988668595214937
2024-08-07_07,13,-19000,-57000,0.404,0.4049759176067811,0.0009759176067810627
2024-08-07_07,14,0,-57000,0.396,0.39735875860595704,0.0013587586059570222
2024-08-07_07,15,19000,-57000,0.4058,0.4058708276495666,7.082764956661824e-05
2024-08-07_07,16,38000,-57000,0.2081,0.2034935684300232,-0.00460643156997681
2024-08-07_07,17,57000,-57000,0.2835,0.2881788277506714,0.0046788277506714104
2024-08-07_07,18,76000,-57000,0.3356,0.32250716810226443,-0.01309283189773558
2024-08-07_07,19,-76000,-38000,0.2915,0.29447296533547984,0.00297296533547986
2024-08-07_07,20,-57000,-38000,0.205,0.2461103254532775,0.0411103254532775
2024-08-07_07,21,-38000,-38000,0.381,0.38273324493945315,0.001733244939453149
2024-08-07_07,22,-19000,-38000,0.3539,0.35585400993301386,0.001954009933013867
2024-08-07_07,23,0,-38000,0.3446,0.34610693115988167,0.0015069311598816526
2024-08-07_07,24,19000,-38000,0.3566,0.3583992625383605,0.0017992625383605465
2024-08-07_07,25,38000,-38000,0.3852,0.38657858495712283,0.0013785849571228415
2024-08-07_07,26,57000,-38000,0.2071,0.201530015377533,-0.005569984622466995
2024-08-07_07,27,76000,-38000,0.2925,0.2936298564800721,0.0011298564800721334
2024-08-07_07,28,-95000,-19000,0.3079,0.30744669835287475,-0.00045330164712525933
2024-08-07_07,29,-76000,-19000,0.2643,0.25096537068539426,-0.013334629314605717
2024-08-07_07,30,-57000,-19000,0.3919,0.3923955083874817,0.0004955083874816912
2024-08-07_07,31,-38000,-19000,0.3468,0.34786053276043694,0.0010605327604369386
2024-08-07_07,32,-19000,-19000,0.318,0.3195181014155579,0.0015181014155579153
2024-08-07_07,33,0,-19000,0.3073,0.30852220780215456,0.0012222078021545402
2024-08-07_07,34,19000,-19000,0.3215,0.3226245840954285,0.0011245840954284825
2024-08-07_07,35,38000,-19000,0.3519,0.3529170439113465,0.0010170439113464935
2024-08-07_07,36,57000,-19000,0.3986,0.3993852778309326,0.0007852778309325736
2024-08-07_07,37,76000,-19000,0.2718,0.2825586517959289,0.010758651795928886
2024-08-07_07,38,95000,-19000,0.3159,0.30715689360336307,-0.008743106396636946
2024-08-07_07,39,-95000,0,0.3206,0.3167578412055969,-0.0038421587944030833
2024-08-07_07,40,-76000,0,0.2081,0.20641262249047854,-0.0016873775095214705
2024-08-07_07,41,-57000,0,0.3758,0.3766064462342835,0.0008064462342834977
2024-08-07_07,42,-38000,0,0.3313,0.3324223182907715,0.001122318290771529
2024-08-07_07,43,-19000,0,0.3012,0.3024940546305237,0.0012940546305236778
2024-08-07_07,44,19000,0,0.305,0.30514849823190304,0.00014849823190304923
2024-08-07_07,45,38000,0,0.3381,0.3392894163223876,0.0011894163223876153
2024-08-07_07,46,57000,0,0.3848,0.3857142856272888,0.0009142856272888467
2024-08-07_07,47,76000,0,0.21,0.21267223049612416,0.002672230496124167
2024-08-07_07,48,95000,0,0.3173,0.3112227442741393,-0.0060772557258607085
2024-08-07_07,49,-95000,19000,0.3009,0.2926051360363464,-0.008294863963653587
2024-08-07_07,50,-76000,19000,0.2091,0.20787211298748787,-0.001227887012512141
2024-08-07_07,51,-57000,19000,0.3764,0.3761551749627381,-0.00024482503726191984
2024-08-07_07,52,-38000,19000,0.3326,0.33239132236706537,-0.0002086776329346396
2024-08-07_07,53,-19000,19000,0.3048,0.3050982008676453,0.00029820086764525966
2024-08-07_07,54,0,19000,0.2956,0.29608269382754515,0.00048269382754517753
2024-08-07_07,55,19000,19000,0.3084,0.3093645497816162,0.0009645497816161974
2024-08-07_07,56,38000,19000,0.3396,0.34137687152990726,0.0017768715299072424
2024-08-07_07,57,57000,19000,0.386,0.3872118962636413,0.0012118962636412656
2024-08-07_07,58,76000,19000,0.21,0.2271455697843323,0.01714556978433232
2024-08-07_07,59,95000,19000,0.3056,0.29585544398101815,-0.009744556018981831
2024-08-07_07,60,-76000,38000,0.27,0.2647835092832642,-0.0052164907167358
2024-08-07_07,61,-57000,38000,0.3933,0.39252768056637577,-0.0007723194336242134
2024-08-07_07,62,-38000,38000,0.3512,0.35158510664865106,0.0003851066486510457
2024-08-07_07,63,-19000,38000,0.3255,0.32668611953802484,0.0011861195380248324
2024-08-07_07,64,0,38000,0.3167,0.3178147186199647,0.0011147186199647052
2024-08-07_07,65,19000,38000,0.3292,0.33066531128018184,0.0014653112801818469
2024-08-07_07,66,38000,38000,0.358,0.35902099792059317,0.0010209979205931807
2024-08-07_07,67,57000,38000,0.4022,0.40274842737973016,0.0005484273797301542
2024-08-07_07,68,76000,38000,0.2775,0.2800260926302489,0.0025260926302488884
2024-08-07_07,69,-76000,57000,0.3079,0.2991198467254639,-0.008780153274536129
2024-08-07_07,70,-57000,57000,0.208,0.21072607582900993,0.0027260758290099385
2024-08-07_07,71,-38000,57000,0.3839,0.38455450929440316,0.0006545092944031383
2024-08-07_07,72,-19000,57000,0.3594,0.35900687188827507,-0.00039312811172492745
2024-08-07_07,73,0,57000,0.3511,0.3520373345638732,0.0009373345638731823
2024-08-07_07,74,19000,57000,0.3628,0.3637351041844177,0.0009351041844176677
2024-08-07_07,75,38000,57000,0.3902,0.39052553953692626,0.000325539536926267
2024-08-07_07,76,57000,57000,0.21,0.1958289355512084,-0.014171064448791598
2024-08-07_07,77,76000,57000,0.3023,0.3028547283172607,0.0005547283172606665
2024-08-07_07,78,-57000,76000,0.2971,0.2923391031265259,-0.004760896873474085
2024-08-07_07,79,-38000,76000,0.2091,0.20709393246566776,-0.0020060675343322454
2024-08-07_07,80,-19000,76000,0.408,0.4061506923298339,-0.001849307670166056
2024-08-07_07,81,0,76000,0.3992,0.3999703587532044,0.0007703587532044143
2024-08-07_07,82,19000,76000,0.4106,0.41120483263934315,0.0006048326393431336
2024-08-07_07,83,38000,76000,0.21,0.21608643045593268,0.006086430455932684
2024-08-07_07,84,57000,76000,0.2962,0.30096245965957635,0.004762459659576335
2024-08-07_07,85,-19000,95000,0.2807,0.3004308800783386,0.01973088007833862
2024-08-07_07,86,0,95000,0.2864,0.29779399051666267,0.011393990516662678
2024-08-07_07,87,19000,95000,0.2798,0.29690569124749766,0.017105691247497667
2024-08-07_08,0,-19000,-95000,0.3182,0.30345913937738045,-0.014740860622619534
2024-08-07_08,1,0,-95000,0.3342,0.3347409317016601,0.0005409317016600856
2024-08-07_08,2,19000,-95000,0.3225,0.3099498021144105,-0.012550197885589531
2024-08-07_08,3,-57000,-76000,0.336,0.3488305228233337,0.01283052282333369
2024-08-07_08,4,-38000,-76000,0.2939,0.30130314002380376,0.007403140023803767
2024-08-07_08,5,-19000,-76000,0.2765,0.2761310850897827,-0.0003689149102173439
2024-08-07_08,6,0,-76000,0.269,0.24438520471939085,-0.02461479528060917
2024-08-07_08,7,19000,-76000,0.2775,0.2917153414738769,0.014215341473876875
2024-08-07_08,8,38000,-76000,0.2929,0.29450248633062737,0.0016024863306273729
2024-08-07_08,9,57000,-76000,0.3243,0.3259171996116639,0.0016171996116638998
2024-08-07_08,10,-76000,-57000,0.3271,0.31763976984024045,-0.009460230159759553
2024-08-07_08,11,-57000,-57000,0.2798,0.27638692166806034,-0.0034130783319396563
2024-08-07_08,12,-38000,-57000,0.2069,0.2163798622580566,0.00947986225805661
2024-08-07_08,13,-19000,-57000,0.4018,0.39894524995855707,-0.0028547500414429217
2024-08-07_08,14,0,-57000,0.3938,0.3896646979517211,-0.004135302048278888
2024-08-07_08,15,19000,-57000,0.4033,0.39989874117300417,-0.0034012588269958233
2024-08-07_08,16,38000,-57000,0.2065,0.16932732780718984,-0.03717267219281015
2024-08-07_08,17,57000,-57000,0.2812,0.2755005312420349,-0.00569946875796512
2024-08-07_08,18,76000,-57000,0.3201,0.3163406405448914,-0.0037593594551085796
2024-08-07_08,19,-76000,-38000,0.2873,0.28336436195730585,-0.003935638042694145
2024-08-07_08,20,-57000,-38000,0.42,0.270780827414032,-0.149219172585968
2024-08-07_08,21,-38000,-38000,0.3789,0.3746720837809754,-0.00422791621902463
2024-08-07_08,22,-19000,-38000,0.3527,0.34741600919049076,-0.005283990809509254
2024-08-07_08,23,0,-38000,0.3432,0.33837179204913337,-0.0048282079508666365
2024-08-07_08,24,19000,-38000,0.3549,0.34991068675064096,-0.004989313249359029
2024-08-07_08,25,38000,-38000,0.3826,0.3792134675979615,-0.0033865324020385112
2024-08-07_08,26,57000,-38000,0.2057,0.22563299278875726,0.019932992788757264
2024-08-07_08,27,76000,-38000,0.2885,0.28693940298120113,-0.0015605970187988483
2024-08-07_08,28,-95000,-19000,0.3037,0.300697657717804,-0.0030023422821960355
2024-08-07_08,29,-76000,-19000,0.2089,0.1894938326741944,-0.019406167325805607
2024-08-07_08,30,-57000,-19000,0.3893,0.3851146306921691,-0.004185369307830866
2024-08-07_08,31,-38000,-19000,0.3455,0.3410155221287843,-0.004484477871215697
2024-08-07_08,32,-19000,-19000,0.3173,0.3111625076377258,-0.006137492362274233
2024-08-07_08,33,0,-19000,0.3067,0.3007245033808288,-0.005975496619171183
2024-08-07_08,34,19000,-19000,0.3202,0.3139612874982911,-0.006238712501708876
2024-08-07_08,35,38000,-19000,0.3499,0.3431529174442749,-0.006747082555725092
2024-08-07_08,36,57000,-19000,0.3955,0.3900514703854676,-0.005448529614532405
2024-08-07_08,37,76000,-19000,0.2676,0.21630577128530892,-0.05129422871469108
2024-08-07_08,38,95000,-19000,0.3075,0.3069230979467774,-0.0005769020532225833
2024-08-07_08,39,-95000,0,0.3093,0.3045149181365967,-0.004785081863403318
2024-08-07_08,40,-76000,0,0.208,0.20175792229599,-0.006242077704010002
2024-08-07_08,41,-57000,0,0.3735,0.36829962507031255,-0.005200374929687446
2024-08-07_08,42,-38000,0,0.33,0.3253463465329589,-0.004653653467041108
2024-08-07_08,43,-19000,0,0.3004,0.2935949918641967,-0.006805008135803314
2024-08-07_08,44,19000,0,0.3038,0.29693228254959103,-0.006867717450408983
2024-08-07_08,45,38000,0,0.3361,0.33082665858166505,-0.005273341418334965
2024-08-07_08,46,57000,0,0.3818,0.3765765674404602,-0.005223432559539776
2024-08-07_08,47,76000,0,0.21,0.18995798841140754,-0.02004201158859245
2024-08-07_08,48,95000,0,0.3082,0.30693513393402094,-0.0012648660659790312
2024-08-07_08,49,-95000,19000,0.2962,0.3020527759038696,0.005852775903869567
2024-08-07_08,50,-76000,19000,0.208,0.1910436890448608,-0.016956310955139192
2024-08-07_08,51,-57000,19000,0.3741,0.36751008398495477,-0.006589916015045216
2024-08-07_08,52,-38000,19000,0.331,0.32370472765545655,-0.007295272344543469
2024-08-07_08,53,-19000,19000,0.3036,0.2969859776363526,-0.006614022363647387
2024-08-07_08,54,0,19000,0.2945,0.2888356700430603,-0.005664329956939662
2024-08-07_08,55,19000,19000,0.3071,0.3000214514460755,-0.00707854855392448
2024-08-07_08,56,38000,19000,0.3374,0.32957852409759525,-0.007821475902404729
2024-08-07_08,57,57000,19000,0.3829,0.3777708226176757,-0.005129177382324324
2024-08-07_08,58,76000,19000,0.21,0.18353753944763174,-0.026462460552368255
2024-08-07_08,59,95000,19000,0.3,0.2914048775180358,-0.008595122481964201
2024-08-07_08,60,-76000,38000,0.2648,0.20854451254867556,-0.056255487451324415
2024-08-07_08,61,-57000,38000,0.3908,0.3845118620654908,-0.006288137934509164
2024-08-07_08,62,-38000,38000,0.3494,0.3426012495863342,-0.006798750413665788
2024-08-07_08,63,-19000,38000,0.3241,0.3163009780748902,-0.007799021925109784
2024-08-07_08,64,0,38000,0.3154,0.3078124014899597,-0.0075875985100403165
2024-08-07_08,65,19000,38000,0.3274,0.32084166489431754,-0.006558335105682489
2024-08-07_08,66,38000,38000,0.3558,0.3502656435510254,-0.005534356448974598
2024-08-07_08,67,57000,38000,0.3991,0.39618044662692253,-0.002919553373077477
2024-08-07_08,68,76000,38000,0.2737,0.2351988102277831,-0.03850118977221689
2024-08-07_08,69,-76000,57000,0.3,0.29405955495834346,-0.005940445041656528
2024-08-07_08,70,-57000,57000,0.2052,0.21415596485827637,0.008955964858276377
2024-08-07_08,71,-38000,57000,0.3819,0.3750335260487365,-0.0068664739512634965
2024-08-07_08,72,-19000,57000,0.3577,0.35033690395913686,-0.00736309604086316
2024-08-07_08,73,0,57000,0.3493,0.3430403473718262,-0.006259652628173795
2024-08-07_08,74,19000,57000,0.3606,0.35346252984469606,-0.0071374701553039155
2024-08-07_08,75,38000,57000,0.3875,0.3807039304149169,-0.006796069585083109
2024-08-07_08,76,57000,57000,0.208,0.1976213028013305,-0.01037869719866949
2024-08-07_08,77,76000,57000,0.2943,0.29676923666000365,0.0024692366600036486
2024-08-07_08,78,-57000,76000,0.291,0.2884485525131225,-0.0025514474868774673
2024-08-07_08,79,-38000,76000,0.209,0.20406112077590932,-0.00493887922409067
2024-08-07_08,80,-19000,76000,0.4056,0.4008790307597352,-0.004720969240264827
2024-08-07_08,81,0,76000,0.3964,0.3936360705375672,-0.002763929462432757
2024-08-07_08,82,19000,76000,0.4075,0.4028111962638854,-0.004688803736114577
2024-08-07_08,83,38000,76000,0.2089,0.16406128689932253,-0.04483871310067747
2024-08-07_08,84,57000,76000,0.2887,0.2796790948867798,-0.009020905113220234
2024-08-07_08,85,-19000,95000,0.2756,0.263940534901123,-0.011659465098876998
2024-08-07_08,86,0,95000,0.2784,0.27065786008834847,-0.007742139911651513
2024-08-07_08,87,19000,95000,0.2728,0.2601718038868104,-0.012628196113189605
2024-08-07_09,0,-19000,-95000,0.3206,0.3589693950388184,0.03836939503881842
2024-08-07_09,1,0,-95000,0.341,0.351122665500641,0.010122665500640948
2024-08-07_09,2,19000,-95000,0.3271,0.35101705531365957,0.023917055313659563
2024-08-07_09,3,-57000,-76000,0.3434,0.3633859703063964,0.019985970306396428
2024-08-07_09,4,-38000,-76000,0.2976,0.3215943592505799,0.02399435925057991
2024-08-07_09,5,-19000,-76000,0.2812,0.31906486713690185,0.03786486713690185
2024-08-07_09,6,0,-76000,0.2751,0.28586089431896977,0.01076089431896976
2024-08-07_09,7,19000,-76000,0.2821,0.31847820523568715,0.03637820523568713
2024-08-07_09,8,38000,-76000,0.2967,0.30777115095724494,0.011071150957244924
2024-08-07_09,9,57000,-76000,0.33,0.32387131996154794,-0.006128680038452072
2024-08-07_09,10,-76000,-57000,0.3356,0.36192833871841423,0.026328338718414224
2024-08-07_09,11,-57000,-57000,0.285,0.3086050736657715,0.023605073665771525
2024-08-07_09,12,-38000,-57000,0.208,0.3163126457082519,0.10831264570825191
2024-08-07_09,13,-19000,-57000,0.4086,0.3936912765525207,-0.014908723447479344
2024-08-07_09,14,0,-57000,0.4006,0.387117138269806,-0.013482861730194029
2024-08-07_09,15,19000,-57000,0.4102,0.39604582847808834,-0.014154171521911674
2024-08-07_09,16,38000,-57000,0.2091,0.2909462933073119,0.08184629330731191
2024-08-07_09,17,57000,-57000,0.2847,0.3251109951064759,0.04041099510647589
2024-08-07_09,18,76000,-57000,0.3248,0.32808805055618295,0.0032880505561829754
2024-08-07_09,19,-76000,-38000,0.291,0.2949010448094178,0.0039010448094178307
2024-08-07_09,20,-57000,-38000,0.2069,0.36730825180462645,0.16040825180462645
2024-08-07_09,21,-38000,-38000,0.3857,0.3704988296748657,-0.015201170325134294
2024-08-07_09,22,-19000,-38000,0.3595,0.3420520453896485,-0.01744795461035148
2024-08-07_09,23,0,-38000,0.3503,0.33298331996411124,-0.017316680035888765
2024-08-07_09,24,19000,-38000,0.3623,0.3450902274075929,-0.017209772592407135
2024-08-07_09,25,38000,-38000,0.3897,0.37282801218032846,-0.01687198781967153
2024-08-07_09,26,57000,-38000,0.2081,0.37527652677127077,0.16717652677127076
2024-08-07_09,27,76000,-38000,0.2925,0.30695642299417125,0.01445642299417127
2024-08-07_09,28,-95000,-19000,0.3058,0.302787560170227,-0.003012439829773006
2024-08-07_09,29,-76000,-19000,0.2667,0.25234141735638427,-0.014358582643615725
2024-08-07_09,30,-57000,-19000,0.3961,0.3773903542538146,-0.018709645746185388
2024-08-07_09,31,-38000,-19000,0.352,0.3335071915061645,-0.0184928084938355
2024-08-07_09,32,-19000,-19000,0.3241,0.305372224991455,-0.018727775008545
2024-08-07_09,33,0,-19000,0.3135,0.294113857471344,-0.019386142528656003
2024-08-07_09,34,19000,-19000,0.3273,0.3083830630302735,-0.01891693696972646
2024-08-07_09,35,38000,-19000,0.357,0.33727927835043325,-0.01972072164956673
2024-08-07_09,36,57000,-19000,0.4023,0.3854719064786072,-0.016828093521392806
2024-08-07_09,37,76000,-19000,0.2742,0.25664786989102173,-0.01755213010897827
2024-08-07_09,38,95000,-19000,0.3112,0.3252591658189088,0.014059165818908814
2024-08-07_09,39,-95000,0,0.3131,0.31614670190811156,0.003046701908111571
2024-08-07_09,40,-76000,0,0.209,0.3122131018754577,0.10321310187545771
2024-08-07_09,41,-57000,0,0.3802,0.36452829989141855,-0.015671700108581432
2024-08-07_09,42,-38000,0,0.3367,0.31816803521557624,-0.01853196478442376
2024-08-07_09,43,-19000,0,0.3071,0.28574878136578374,-0.02135121863421624
2024-08-07_09,44,19000,0,0.3107,0.28982894250402835,-0.020871057495971623
2024-08-07_09,45,38000,0,0.3431,0.3247245299344177,-0.018375470065582322
2024-08-07_09,46,57000,0,0.3886,0.37099080529373163,-0.017609194706268372
2024-08-07_09,47,76000,0,0.21,0.26591894254992665,0.05591894254992666
2024-08-07_09,48,95000,0,0.3112,0.3528562543869018,0.04165625438690185
2024-08-07_09,49,-95000,19000,0.2997,0.33146097239642336,0.03176097239642334
2024-08-07_09,50,-76000,19000,0.209,0.31870502827676384,0.10970502827676384
2024-08-07_09,51,-57000,19000,0.3804,0.3616300089353637,-0.018769991064636338
2024-08-07_09,52,-38000,19000,0.3377,0.31798939433914186,-0.019710605660858138
2024-08-07_09,53,-19000,19000,0.3102,0.2908773319011535,-0.019322668098846474
2024-08-07_09,54,0,19000,0.3011,0.28048985238671875,-0.020610147613281227
2024-08-07_09,55,19000,19000,0.3139,0.2944552320001832,-0.019444767999816814
2024-08-07_09,56,38000,19000,0.3445,0.32455189549618524,-0.019948104503814734
2024-08-07_09,57,57000,19000,0.3897,0.3721826498873291,-0.017517350112670915
2024-08-07_09,58,76000,19000,0.2613,0.25599145730749506,-0.005308542692504914
2024-08-07_09,59,95000,19000,0.3032,0.34272800643508905,0.039528006435089025
2024-08-07_09,60,-76000,38000,0.2709,0.2758294726545716,0.0049294726545716094
2024-08-07_09,61,-57000,38000,0.3967,0.378537701025238,-0.018162298974762014
2024-08-07_09,62,-38000,38000,0.3555,0.3364780767754212,-0.019021923224578796
2024-08-07_09,63,-19000,38000,0.3306,0.3091499838421632,-0.021450016157836815
2024-08-07_09,64,0,38000,0.322,0.3000133274901122,-0.021986672509887784
2024-08-07_09,65,19000,38000,0.3342,0.3138580618981017,-0.02034193810189827
2024-08-07_09,66,38000,38000,0.3625,0.3456594967376099,-0.016840503262390116
2024-08-07_09,67,57000,38000,0.4054,0.39201994029574583,-0.013380059704254155
2024-08-07_09,68,76000,38000,0.2789,0.29930062546221925,0.02040062546221927
2024-08-07_09,69,-76000,57000,0.3021,0.32326415214538573,0.02116415214538575
2024-08-07_09,70,-57000,57000,0.2079,0.35015693832327266,0.14225693832327266
2024-08-07_09,71,-38000,57000,0.3879,0.3683323059487915,-0.019567694051208506
2024-08-07_09,72,-19000,57000,0.3638,0.34654568336468516,-0.017254316635314848
2024-08-07_09,73,0,57000,0.3557,0.33396598360028085,-0.02173401639971917
2024-08-07_09,74,19000,57000,0.3669,0.3488845610307312,-0.018015438969268827
2024-08-07_09,75,38000,57000,0.3939,0.3776429864085389,-0.01625701359146109
2024-08-07_09,76,57000,57000,0.21,0.3382140119292907,0.1282140119292907
2024-08-07_09,77,76000,57000,0.2981,0.31826935405731205,0.020169354057312072
2024-08-07_09,78,-57000,76000,0.2915,0.3077814284324646,0.016281428432464606
2024-08-07_09,79,-38000,76000,0.21,0.3249758059061889,0.11497580590618892
2024-08-07_09,80,-19000,76000,0.4109,0.3940175398202821,-0.016882460179717895
2024-08-07_09,81,0,76000,0.4024,0.3827411495208741,-0.019658850479125856
2024-08-07_09,82,19000,76000,0.4134,0.39449718778125,-0.01890281221875001
2024-08-07_09,83,38000,76000,0.2086,0.27070660490148923,0.062106604901489226
2024-08-07_09,84,57000,76000,0.2929,0.3102484762191773,0.01734847621917729
2024-08-07_09,85,-19000,95000,0.2798,0.31312716986254885,0.033327169862548855
2024-08-07_09,86,0,95000,0.2812,0.32200824842453013,0.040808248424530125
2024-08-07_09,87,19000,95000,0.2779,0.30222796526260387,0.02432796526260389
2024-08-07_10,0,-19000,-95000,0.3253,0.3044567420866393,-0.02084325791336067
2024-08-07_10,1,0,-95000,0.3464,0.3217414069175719,-0.02465859308242807
2024-08-07_10,2,19000,-95000,0.3309,0.30137955430068963,-0.029520445699310394
2024-08-07_10,3,-57000,-76000,0.3475,0.3294176998138427,-0.018082300186157252
2024-08-07_10,4,-38000,-76000,0.2985,0.2825409676558839,-0.01595903234411611
2024-08-07_10,5,-19000,-76000,0.2826,0.2738393005577697,-0.00876069944223029
2024-08-07_10,6,0,-76000,0.277,0.23975356186746222,-0.03724643813253781
2024-08-07_10,7,19000,-76000,0.284,0.28086418093264776,-0.003135819067352219
2024-08-07_10,8,38000,-76000,0.2983,0.27994810170684814,-0.01835189829315187
2024-08-07_10,9,57000,-76000,0.3367,0.3099259690284728,-0.026774030971527196
2024-08-07_10,10,-76000,-57000,0.3381,0.3137839975357055,-0.024316002464294495
2024-08-07_10,11,-57000,-57000,0.2864,0.28923874740609734,0.0028387474060973528
2024-08-07_10,12,-38000,-57000,0.208,0.38987433085723877,0.18187433085723878
2024-08-07_10,13,-19000,-57000,0.4094,0.38897702602941897,-0.020422973970581015
2024-08-07_10,14,0,-57000,0.4017,0.380228142060852,-0.02147185793914802
2024-08-07_10,15,19000,-57000,0.4117,0.38739520901919566,-0.024304790980804347
2024-08-07_10,16,38000,-57000,0.2091,0.35794681426531993,0.14884681426531993
2024-08-07_10,17,57000,-57000,0.2868,0.27911242237933354,-0.007687577620666464
2024-08-07_10,18,76000,-57000,0.3328,0.3023796633720397,-0.030420336627960287
2024-08-07_10,19,-76000,-38000,0.2922,0.2775632788823241,-0.014636721117675888
2024-08-07_10,20,-57000,-38000,0.2061,0.4152144628630372,0.2091144628630372
2024-08-07_10,21,-38000,-38000,0.3865,0.36534473656521604,-0.021155263434783966
2024-08-07_10,22,-19000,-38000,0.36,0.3363574358358459,-0.023642564164154112
2024-08-07_10,23,0,-38000,0.3508,0.326908785915039,-0.023891214084960977
2024-08-07_10,24,19000,-38000,0.3631,0.3386955138864747,-0.024404486113525303
2024-08-07_10,25,38000,-38000,0.3914,0.36721002616882314,-0.02418997383117688
2024-08-07_10,26,57000,-38000,0.2089,0.40679115383081044,0.19789115383081043
2024-08-07_10,27,76000,-38000,0.2939,0.27804870371264645,-0.015851296287353545
2024-08-07_10,28,-95000,-19000,0.3079,0.2856865942602844,-0.022213405739715586
2024-08-07_10,29,-76000,-19000,0.2681,0.20687743826550298,-0.06122256173449703
2024-08-07_10,30,-57000,-19000,0.397,0.3739406933064575,-0.023059306693542503
2024-08-07_10,31,-38000,-19000,0.3526,0.3280837294557495,-0.02451627054425054
2024-08-07_10,32,-19000,-19000,0.3241,0.29866567582553105,-0.025434324174468947
2024-08-07_10,33,0,-19000,0.3139,0.2885155000345154,-0.025384499965484586
2024-08-07_10,34,19000,-19000,0.3282,0.3022822665488891,-0.02591773345111087
2024-08-07_10,35,38000,-19000,0.3586,0.33245086493551645,-0.02614913506448352
2024-08-07_10,36,57000,-19000,0.4046,0.38024014642974846,-0.024359853570251555
2024-08-07_10,37,76000,-19000,0.276,0.2076538031742554,-0.06834619682574461
2024-08-07_10,38,95000,-19000,0.315,0.2932970899644165,-0.0217029100355835
2024-08-07_10,39,-95000,0,0.3168,0.2966464432716369,-0.02015355672836311
2024-08-07_10,40,-76000,0,0.2089,0.3842856585313721,0.17538565853137209
2024-08-07_10,41,-57000,0,0.3813,0.35544418697186275,-0.02585581302813722
2024-08-07_10,42,-38000,0,0.3375,0.31115440231018066,-0.026345597689819367
2024-08-07_10,43,-19000,0,0.3075,0.27979674282669076,-0.027703257173309237
2024-08-07_10,44,19000,0,0.3118,0.28335364273706065,-0.02844635726293937
2024-08-07_10,45,38000,0,0.3448,0.31711707147216806,-0.02768292852783194
2024-08-07_10,46,57000,0,0.3909,0.36450972328573616,-0.02639027671426386
2024-08-07_10,47,76000,0,0.2624,0.23868441402804574,-0.02371558597195428
2024-08-07_10,48,95000,0,0.3168,0.2962818901062012,-0.02051810989379882
2024-08-07_10,49,-95000,19000,0.3018,0.2863161637845154,-0.015483836215484603
2024-08-07_10,50,-76000,19000,0.21,0.37223565400750735,0.16223565400750736
2024-08-07_10,51,-57000,19000,0.3817,0.354636350769989,-0.027063649230010978
2024-08-07_10,52,-38000,19000,0.3387,0.31037907936541753,-0.02832092063458247
2024-08-07_10,53,-19000,19000,0.3112,0.28285236881237785,-0.028347631187622124
2024-08-07_10,54,0,19000,0.3023,0.27333594183215326,-0.02896405816784675
2024-08-07_10,55,19000,19000,0.3153,0.2866839911399537,-0.028616008860046338
2024-08-07_10,56,38000,19000,0.3464,0.3181852334840698,-0.02821476651593019
2024-08-07_10,57,57000,19000,0.3922,0.36481430986209107,-0.027385690137908925
2024-08-07_10,58,76000,19000,0.2653,0.21061018727615366,-0.05468981272384632
2024-08-07_10,59,95000,19000,0.306,0.287060576355072,-0.01893942364492801
2024-08-07_10,60,-76000,38000,0.2728,0.21298826906890866,-0.05981173093109132
2024-08-07_10,61,-57000,38000,0.3983,0.37192894144833377,-0.026371058551666215
2024-08-07_10,62,-38000,38000,0.3571,0.3295408214594422,-0.027559178540557783
2024-08-07_10,63,-19000,38000,0.3321,0.30336700369335934,-0.028732996306640668
2024-08-07_10,64,0,38000,0.3236,0.2948739567890626,-0.028726043210937413
2024-08-07_10,65,19000,38000,0.3361,0.3072460479842225,-0.028853952015777506
2024-08-07_10,66,38000,38000,0.3648,0.33621784296438606,-0.028582157035613953
2024-08-07_10,67,57000,38000,0.4081,0.38174168389129637,-0.02635831610870365
2024-08-07_10,68,76000,38000,0.2812,0.231137899958191,-0.050062100041809
2024-08-07_10,69,-76000,57000,0.3063,0.2839308221817016,-0.02236917781829839
2024-08-07_10,70,-57000,57000,0.209,0.4093976880905762,0.2003976880905762
2024-08-07_10,71,-38000,57000,0.3897,0.3610371656119079,-0.028662834388092084
2024-08-07_10,72,-19000,57000,0.3657,0.33682085898556524,-0.028879141014434784
2024-08-07_10,73,0,57000,0.3576,0.3288855937560424,-0.028714406243957546
2024-08-07_10,74,19000,57000,0.3692,0.34118407114233396,-0.028015928857666017
2024-08-07_10,75,38000,57000,0.3964,0.368942587349121,-0.027457412650878976
2024-08-07_10,76,57000,57000,0.211,0.3845463500440063,0.1735463500440063
2024-08-07_10,77,76000,57000,0.3018,0.2845383869171143,-0.017261613082885707
2024-08-07_10,78,-57000,76000,0.2957,0.27499632434844967,-0.020703675651550346
2024-08-07_10,79,-38000,76000,0.2106,0.38354288166629025,0.17294288166629024
2024-08-07_10,80,-19000,76000,0.4135,0.38548547920089726,-0.028014520799102716
2024-08-07_10,81,0,76000,0.405,0.3778734335899352,-0.027126566410064834
2024-08-07_10,82,19000,76000,0.4161,0.389434926077179,-0.026665073922821025
2024-08-07_10,83,38000,76000,0.21,0.32590548036807254,0.11590548036807255
2024-08-07_10,84,57000,76000,0.296,0.26781058177948003,-0.028189418220519957
2024-08-07_10,85,-19000,95000,0.2831,0.2600339620202943,-0.023066037979705745
2024-08-07_10,86,0,95000,0.2854,0.2634880075454711,-0.021911992454528906
2024-08-07_10,87,19000,95000,0.285,0.24343250761920165,-0.04156749238079832
2024-08-21_01,0,-19000,-95000,0.3112,0.32461375638919066,0.013413756389190679
2024-08-21_01,1,0,-95000,0.3262,0.3334968537330627,0.007296853733062714
2024-08-21_01,2,19000,-95000,0.3182,0.320214256597229,0.002014256597229036
2024-08-21_01,3,-57000,-76000,0.3309,0.35327872772216806,0.022378727722168035
2024-08-21_01,4,-38000,-76000,0.2859,0.29321183725997924,0.007311837259979248
2024-08-21_01,5,-19000,-76000,0.2621,0.2613214357752991,-0.0007785642247009061
2024-08-21_01,6,0,-76000,0.21,0.24979248163610834,0.03979248163610835
2024-08-21_01,7,19000,-76000,0.2662,0.2796298736429139,0.013429873642913925
2024-08-21_01,8,38000,-76000,0.2873,0.2863206561077576,-0.0009793438922424125
2024-08-21_01,9,57000,-76000,0.3225,0.3404031683921813,0.017903168392181312
2024-08-21_01,10,-76000,-57000,0.3187,0.33173820514678964,0.013038205146789661
2024-08-21_01,11,-57000,-57000,0.2681,0.29072552675079355,0.022625526750793545
2024-08-21_01,12,-38000,-57000,0.4107,0.3978670585727233,-0.0128329414272767
2024-08-21_01,13,-19000,-57000,0.3855,0.3861613452557373,0.0006613452557373001
2024-08-21_01,14,0,-57000,0.3776,0.37937638583972166,0.0017763858397216725
2024-08-21_01,15,19000,-57000,0.3873,0.3877891253548278,0.0004891253548278129
2024-08-21_01,16,38000,-57000,0.4146,0.3682633572460021,-0.0463366427539979
2024-08-21_01,17,57000,-57000,0.2714,0.2842073482023011,0.012807348202301116
2024-08-21_01,18,76000,-57000,0.3182,0.32749339838027947,0.009293398380279483
2024-08-21_01,19,-76000,-38000,0.2756,0.28474252376788334,0.009142523767883326
2024-08-21_01,20,-57000,-38000,0.4027,0.4197429902277221,0.0170429902277221
2024-08-21_01,21,-38000,-38000,0.3609,0.36344733647375493,0.0025473364737549353
2024-08-21_01,22,-19000,-38000,0.3337,0.33520488510281377,0.0015048851028137689
2024-08-21_01,23,0,-38000,0.3241,0.3262279027752686,0.0021279027752685864
2024-08-21_01,24,19000,-38000,0.3366,0.3380114799254761,0.001411479925476078
2024-08-21_01,25,38000,-38000,0.366,0.36737188596725456,0.0013718859672545713
2024-08-21_01,26,57000,-38000,0.4095,0.4147933608753662,0.005293360875366249
2024-08-21_01,27,76000,-38000,0.2817,0.28685722522833257,0.005157225228332563
2024-08-21_01,28,-95000,-19000,0.299,0.3024613068987122,0.003461306898712213
2024-08-21_01,29,-76000,-19000,0.2061,0.2352034422058411,0.0291034422058411
2024-08-21_01,30,-57000,-19000,0.3695,0.372944114519165,0.003444114519164987
2024-08-21_01,31,-38000,-19000,0.3244,0.32649116169451897,0.0020911616945189504
2024-08-21_01,32,-19000,-19000,0.2956,0.29704732643298337,0.001447326432983398
2024-08-21_01,33,0,-19000,0.2854,0.2882496875789795,0.0028496875789795206
2024-08-21_01,34,19000,-19000,0.2993,0.3007205500509338,0.0014205500509337776
2024-08-21_01,35,38000,-19000,0.3303,0.332003460277954,0.0017034602779540386
2024-08-21_01,36,57000,-19000,0.3788,0.37876903897329717,-3.096102670285816e-05
2024-08-21_01,37,76000,-19000,0.21,0.2154998419469909,0.005499841946990908
2024-08-21_01,38,95000,-19000,0.3037,0.3130600601517639,0.009360060151763883
2024-08-21_01,39,-95000,0,0.3004,0.3091762072563171,0.008776207256317115
2024-08-21_01,40,-76000,0,0.4106,0.403695236772705,-0.006904763227294997
2024-08-21_01,41,-57000,0,0.3522,0.35377423835794075,0.0015742383579407382
2024-08-21_01,42,-38000,0,0.3071,0.3101330351666871,0.003033035166687126
2024-08-21_01,43,-19000,0,0.277,0.27962904451806647,0.002629044518066448
2024-08-21_01,44,19000,0,0.2812,0.28302028408322144,0.001820284083221435
2024-08-21_01,45,38000,0,0.3148,0.3164153613480529,0.0016153613480529017
2024-08-21_01,46,57000,0,0.3634,0.36384002392745973,0.00044002392745973173
2024-08-21_01,47,76000,0,0.2052,0.2528447539338379,0.04764475393383788
2024-08-21_01,48,95000,0,0.3049,0.3110870515823365,0.006187051582336511
2024-08-21_01,49,-95000,19000,0.2896,0.2899077996712952,0.0003077996712951836
2024-08-21_01,50,-76000,19000,0.4101,0.40606126933245845,-0.004038730667541568
2024-08-21_01,51,-57000,19000,0.3512,0.35406571784063723,0.0028657178406372164
2024-08-21_01,52,-38000,19000,0.3066,0.3092843248030701,0.002684324803070126
2024-08-21_01,53,-19000,19000,0.2789,0.2818170974932557,0.0029170974932556937
2024-08-21_01,54,0,19000,0.2701,0.2728675819999389,0.002767581999938873
2024-08-21_01,55,19000,19000,0.2833,0.2871310270728149,0.0038310270728149076
2024-08-21_01,56,38000,19000,0.3151,0.31741492506683344,0.002314925066833451
2024-08-21_01,57,57000,19000,0.3641,0.3639975645282594,-0.00010243547174060286
2024-08-21_01,58,76000,19000,0.2061,0.22713209715255744,0.02103209715255744
2024-08-21_01,59,95000,19000,0.2953,0.29926937789312746,0.003969377893127457
2024-08-21_01,60,-76000,38000,0.2071,0.2180214288283081,0.0109214288283081
2024-08-21_01,61,-57000,38000,0.3668,0.37060963364248656,0.003809633642486543
2024-08-21_01,62,-38000,38000,0.3241,0.32847136085409545,0.004371360854095452
2024-08-21_01,63,-19000,38000,0.2983,0.3028182973746949,0.004518297374694891
2024-08-21_01,64,0,38000,0.2899,0.2929390427709655,0.0030390427709655055
2024-08-21_01,65,19000,38000,0.3031,0.3056186277846069,0.0025186277846069305
2024-08-21_01,66,38000,38000,0.3335,0.33544568097369387,0.001945680973693853
2024-08-21_01,67,57000,38000,0.3805,0.3805739169665223,7.391696652231383e-05
2024-08-21_01,68,76000,38000,0.21,0.24462154043075568,0.03462154043075569
2024-08-21_01,69,-76000,57000,0.2873,0.29727838220596314,0.009978382205963143
2024-08-21_01,70,-57000,57000,0.4006,0.4285400892556762,0.027940089255676204
2024-08-21_01,71,-38000,57000,0.3574,0.3597909279147644,0.002390927914764418
2024-08-21_01,72,-19000,57000,0.3324,0.33540337160693356,0.0030033716069335914
2024-08-21_01,73,0,57000,0.3243,0.3273651743960877,0.003065174396087722
2024-08-21_01,74,19000,57000,0.337,0.33906073868338016,0.0020607386833801367
2024-08-21_01,75,38000,57000,0.3663,0.3678695923791504,0.0015695923791503863
2024-08-21_01,76,57000,57000,0.4132,0.3927876010643616,-0.0204123989356384
2024-08-21_01,77,76000,57000,0.2915,0.3012365617752075,0.009736561775207542
2024-08-21_01,78,-57000,76000,0.277,0.28606722536087037,0.009067225360870346
2024-08-21_01,79,-38000,76000,0.4089,0.3992765229759827,-0.00962347702401728
2024-08-21_01,80,-19000,76000,0.3822,0.3819158239078674,-0.0002841760921326042
2024-08-21_01,81,0,76000,0.3735,0.3769647313117981,0.003464731311798086
2024-08-21_01,82,19000,76000,0.3861,0.3893964289399414,0.0032964289399414204
2024-08-21_01,83,38000,76000,0.4162,0.35577735709121705,-0.060422642908782964
2024-08-21_01,84,57000,76000,0.2803,0.2781941213607788,-0.0021058786392211815
2024-08-21_01,85,-19000,95000,0.21,0.2655609651481323,0.05556096514813233
2024-08-21_01,86,0,95000,0.21,0.26035086641311644,0.05035086641311645
2024-08-21_01,87,19000,95000,0.2089,0.23684788787658695,0.027947887876586947
2024-08-21_02,0,-19000,-95000,0.3065,0.309210334258484,0.002710334258483993
2024-08-21_02,1,0,-95000,0.322,0.3034621887207032,-0.018537811279296823
2024-08-21_02,2,19000,-95000,0.3154,0.3029320742766113,-0.012467925723388729
2024-08-21_02,3,-57000,-76000,0.3281,0.3289531320571899,0.0008531320571898982
2024-08-21_02,4,-38000,-76000,0.285,0.2843223489064941,-0.000677651093505871
2024-08-21_02,5,-19000,-76000,0.2089,0.2368511694612121,0.027951169461212094
2024-08-21_02,6,0,-76000,0.2091,0.20320517280017092,-0.005894827199829089
2024-08-21_02,7,19000,-76000,0.2625,0.22519898168524177,-0.03730101831475824
2024-08-21_02,8,38000,-76000,0.284,0.2738322575701293,-0.010167742429870674
2024-08-21_02,9,57000,-76000,0.3154,0.30580164899826046,-0.009598351001739558
2024-08-21_02,10,-76000,-57000,0.3168,0.31712482872009273,0.0003248287200927069
2024-08-21_02,11,-57000,-57000,0.2662,0.25849229269250484,-0.0077077073074951485
2024-08-21_02,12,-38000,-57000,0.4087,0.33007614602380375,-0.07862385397619626
2024-08-21_02,13,-19000,-57000,0.3831,0.3918468208188781,0.00874682081887812
2024-08-21_02,14,0,-57000,0.375,0.38360301257342533,0.008603012573425328
2024-08-21_02,15,19000,-57000,0.3844,0.39413272522363285,0.009732725223632832
2024-08-21_02,16,38000,-57000,0.4107,0.273918344473816,-0.136781655526184
2024-08-21_02,17,57000,-57000,0.2657,0.2552434671866761,-0.010456532813323871
2024-08-21_02,18,76000,-57000,0.3112,0.2988297533035278,-0.012370246696472187
2024-08-21_02,19,-76000,-38000,0.2751,0.268191515289093,-0.0069084847109069925
2024-08-21_02,20,-57000,-38000,0.4018,0.39384071080831906,-0.00795928919168093
2024-08-21_02,21,-38000,-38000,0.3595,0.3683444217484131,0.0088444217484131
2024-08-21_02,22,-19000,-38000,0.3325,0.34004864844479377,0.0075486484447937485
2024-08-21_02,23,0,-38000,0.3227,0.3301950969612122,0.0074950969612122
2024-08-21_02,24,19000,-38000,0.3344,0.34157492366134634,0.007174923661346366
2024-08-21_02,25,38000,-38000,0.3626,0.3708155941009521,0.008215594100952128
2024-08-21_02,26,57000,-38000,0.4052,0.3685094496011352,-0.03669055039886482
2024-08-21_02,27,76000,-38000,0.277,0.26793817748660276,-0.009061822513397266
2024-08-21_02,28,-95000,-19000,0.2971,0.28625732772473145,-0.010842672275268528
2024-08-21_02,29,-76000,-19000,0.2052,0.17742963253491206,-0.02777036746508793
2024-08-21_02,30,-57000,-19000,0.3688,0.3774245205560607,0.008624520556060666
2024-08-21_02,31,-38000,-19000,0.3239,0.3309350160708313,0.00703501607083129
2024-08-21_02,32,-19000,-19000,0.2956,0.30330407790011593,0.007704077900115958
2024-08-21_02,33,0,-19000,0.285,0.2917955224768676,0.006795522476867599
2024-08-21_02,34,19000,-19000,0.298,0.3048856931646118,0.006885693164611795
2024-08-21_02,35,38000,-19000,0.3279,0.3369595652365418,0.009059565236541778
2024-08-21_02,36,57000,-19000,0.3752,0.3845220395708009,0.00932203957080091
2024-08-21_02,37,76000,-19000,0.2093,0.19797323068811035,-0.011326769311889667
2024-08-21_02,38,95000,-19000,0.3,0.2939732455653077,-0.006026754434692305
2024-08-21_02,39,-95000,0,0.3014,0.29839762468338016,-0.003002375316619843
2024-08-21_02,40,-76000,0,0.4105,0.3160905705116577,-0.0944094294883423
2024-08-21_02,41,-57000,0,0.3519,0.3600452009548034,0.008145200954803422
2024-08-21_02,42,-38000,0,0.307,0.3152372410115052,0.008237241011505192
2024-08-21_02,43,-19000,0,0.2772,0.2838920863838501,0.006692086383850104
2024-08-21_02,44,19000,0,0.2804,0.2874509789828186,0.00705097898281859
2024-08-21_02,45,38000,0,0.3126,0.32111326113717653,0.008513261137176542
2024-08-21_02,46,57000,0,0.3599,0.3690829808714904,0.009182980871490387
2024-08-21_02,47,76000,0,0.4191,0.17870061260418701,-0.24039938739581296
2024-08-21_02,48,95000,0,0.2995,0.3081791861534118,0.008679186153411789
2024-08-21_02,49,-95000,19000,0.2878,0.27966564837844854,-0.008134351621551461
2024-08-21_02,50,-76000,19000,0.4101,0.3089720872614746,-0.1011279127385254
2024-08-21_02,51,-57000,19000,0.351,0.35882166965368656,0.00782166965368658
2024-08-21_02,52,-38000,19000,0.3067,0.3124358259077453,0.005735825907745351
2024-08-21_02,53,-19000,19000,0.279,0.2887550969370727,0.00975509693707266
2024-08-21_02,54,0,19000,0.2699,0.27904403996740723,0.009144039967407258
2024-08-21_02,55,19000,19000,0.2825,0.2911141705191651,0.008614170519165132
2024-08-21_02,56,38000,19000,0.3131,0.3214855503826295,0.008385550382629503
2024-08-21_02,57,57000,19000,0.3604,0.36944459924526973,0.009044599245269735
2024-08-21_02,58,76000,19000,0.4196,0.17425204290408325,-0.24534795709591672
2024-08-21_02,59,95000,19000,0.2915,0.2872065614812622,-0.004293438518737758
2024-08-21_02,60,-76000,38000,0.208,0.20340350253967288,-0.004596497460327115
2024-08-21_02,61,-57000,38000,0.367,0.3746674406078796,0.007667440607879605
2024-08-21_02,62,-38000,38000,0.324,0.331571933362915,0.0075719333629150065
2024-08-21_02,63,-19000,38000,0.2982,0.30618882015686033,0.00798882015686031
2024-08-21_02,64,0,38000,0.2896,0.2985147626237794,0.008914762623779382
2024-08-21_02,65,19000,38000,0.3018,0.31093905749557504,0.009139057495575031
2024-08-21_02,66,38000,38000,0.3311,0.3417508588665161,0.010650858866516122
2024-08-21_02,67,57000,38000,0.3766,0.3867865135800781,0.010186513580078105
2024-08-21_02,68,76000,38000,0.211,0.2124996714300842,0.0014996714300841985
2024-08-21_02,69,-76000,57000,0.2913,0.2927316968917847,0.001431696891784684
2024-08-21_02,70,-57000,57000,0.4012,0.3561242905835571,-0.0450757094164429
2024-08-21_02,71,-38000,57000,0.3567,0.36490556269732666,0.00820556269732664
2024-08-21_02,72,-19000,57000,0.3316,0.34140374403103635,0.009803744031036343
2024-08-21_02,73,0,57000,0.3233,0.3317437865489501,0.008443786548950116
2024-08-21_02,74,19000,57000,0.3351,0.34437416250827035,0.009274162508270345
2024-08-21_02,75,38000,57000,0.3635,0.37451128421591195,0.011011284215911965
2024-08-21_02,76,57000,57000,0.4091,0.32956199295251465,-0.07953800704748537
2024-08-21_02,77,76000,57000,0.2882,0.28286897935867317,-0.005331020641326845
2024-08-21_02,78,-57000,76000,0.2775,0.270875984954834,-0.006624015045166021
2024-08-21_02,79,-38000,76000,0.4069,0.3322575372562866,-0.07464246274371339
2024-08-21_02,80,-19000,76000,0.3803,0.39003694630450436,0.009736946304504335
2024-08-21_02,81,0,76000,0.3714,0.3800627656936646,0.008662765693664587
2024-08-21_02,82,19000,76000,0.383,0.39371963252978515,0.01071963252978514
2024-08-21_02,83,38000,76000,0.4119,0.2660139546948548,-0.1458860453051452
2024-08-21_02,84,57000,76000,0.276,0.272580621623993,-0.0034193783760070318
2024-08-21_02,85,-19000,95000,0.21,0.23713731169198604,0.02713731169198605
2024-08-21_02,86,0,95000,0.2086,0.22606480798721318,0.01746480798721317
2024-08-21_02,87,19000,95000,0.21,0.21220008135610957,0.002200081356109579
2024-08-21_03,0,-19000,-95000,0.3089,0.29659441791052243,-0.012305582089477574
2024-08-21_03,1,0,-95000,0.3271,0.32666128673553474,-0.0004387132644652625
2024-08-21_03,2,19000,-95000,0.3201,0.31986670239889525,-0.00023329760110474274
2024-08-21_03,3,-57000,-76000,0.3318,0.3294389308929444,-0.00236106910705558
2024-08-21_03,4,-38000,-76000,0.2868,0.2823029828872681,-0.004497017112731927
2024-08-21_03,5,-19000,-76000,0.2634,0.27176065344738776,0.008360653447387734
2024-08-21_03,6,0,-76000,0.2086,0.23573293588989253,0.027132935889892518
2024-08-21_03,7,19000,-76000,0.2681,0.2679161122643432,-0.00018388773565680694
2024-08-21_03,8,38000,-76000,0.2868,0.27382026335867304,-0.012979736641326955
2024-08-21_03,9,57000,-76000,0.3192,0.31637772512435913,-0.002822274875640851
2024-08-21_03,10,-76000,-57000,0.3225,0.32391179218292243,0.0014117921829224223
2024-08-21_03,11,-57000,-57000,0.27,0.2679252670590211,-0.0020747329409789295
2024-08-21_03,12,-38000,-57000,0.4134,0.29004310647927856,-0.12335689352072143
2024-08-21_03,13,-19000,-57000,0.3879,0.39233490550238037,0.0044349055023803485
2024-08-21_03,14,0,-57000,0.3794,0.38484371517642213,0.005443715176422115
2024-08-21_03,15,19000,-57000,0.3891,0.3956205208662109,0.00652052086621091
2024-08-21_03,16,38000,-57000,0.4148,0.25028403409606925,-0.16451596590393075
2024-08-21_03,17,57000,-57000,0.27,0.27306171720678707,0.0030617172067870513
2024-08-21_03,18,76000,-57000,0.315,0.3101706166267395,-0.0048293833732604985
2024-08-21_03,19,-76000,-38000,0.2793,0.2717241359219056,-0.0075758640780944075
2024-08-21_03,20,-57000,-38000,0.4068,0.34649510694873054,-0.06030489305126946
2024-08-21_03,21,-38000,-38000,0.3645,0.3686746353474122,0.004174635347412192
2024-08-21_03,22,-19000,-38000,0.3373,0.3420141127122802,0.004714112712280227
2024-08-21_03,23,0,-38000,0.3275,0.3315360380956116,0.004036038095611594
2024-08-21_03,24,19000,-38000,0.3392,0.34488553671795663,0.00568553671795663
2024-08-21_03,25,38000,-38000,0.3673,0.37356689167022705,0.006266891670227037
2024-08-21_03,26,57000,-38000,0.4094,0.31936389921444697,-0.09003610078555302
2024-08-21_03,27,76000,-38000,0.2803,0.27281874054400634,-0.00748125945599365
2024-08-21_03,28,-95000,-19000,0.2995,0.28342419960244747,-0.01607580039755252
2024-08-21_03,29,-76000,-19000,0.2071,0.1896460058043823,-0.017453994195617717
2024-08-21_03,30,-57000,-19000,0.3738,0.3776399443931884,0.003839944393188355
2024-08-21_03,31,-38000,-19000,0.329,0.3341732219640807,0.00517322196408071
2024-08-21_03,32,-19000,-19000,0.3006,0.30627874088552853,0.005678740885528555
2024-08-21_03,33,0,-19000,0.29,0.2952569328766175,0.005256932876617493
2024-08-21_03,34,19000,-19000,0.3028,0.309725437224762,0.0069254372247619655
2024-08-21_03,35,38000,-19000,0.3327,0.3388744005617066,0.0061744005617065945
2024-08-21_03,36,57000,-19000,0.3796,0.3851452810562439,0.005545281056243911
2024-08-21_03,37,76000,-19000,0.2093,0.21151363491281128,0.002213634912811263
2024-08-21_03,38,95000,-19000,0.3032,0.3038659516341857,0.0006659516341857019
2024-08-21_03,39,-95000,0,0.3058,0.28864901714324953,-0.017150982856750485
2024-08-21_03,40,-76000,0,0.4158,0.2923964859976196,-0.12340351400238042
2024-08-21_03,41,-57000,0,0.3571,0.3609834241081543,0.003883424108154343
2024-08-21_03,42,-38000,0,0.3123,0.3155719006428832,0.0032719006428831854
2024-08-21_03,43,-19000,0,0.2825,0.2880441317332154,0.0055441317332154405
2024-08-21_03,44,19000,0,0.2854,0.2915608466191102,0.006160846619110205
2024-08-21_03,45,38000,0,0.3175,0.3257593074875489,0.008259307487548884
2024-08-21_03,46,57000,0,0.3644,0.37054985128155526,0.006149851281555263
2024-08-21_03,47,76000,0,0.2053,0.19358828194509892,-0.011711718054901094
2024-08-21_03,48,95000,0,0.3032,0.2950763136863708,-0.008123686313629253
2024-08-21_03,49,-95000,19000,0.2908,0.2850678674151611,-0.0057321325848389
2024-08-21_03,50,-76000,19000,0.4157,0.2800606477559815,-0.13563935224401852
2024-08-21_03,51,-57000,19000,0.3566,0.3604942060180054,0.0038942060180054416
2024-08-21_03,52,-38000,19000,0.3122,0.31672638285476684,0.004526382854766864
2024-08-21_03,53,-19000,19000,0.2844,0.28992654348397817,0.005526543483978186
2024-08-21_03,54,0,19000,0.2751,0.2828217052445985,0.007721705244598476
2024-08-21_03,55,19000,19000,0.2874,0.2940193644560547,0.0066193644560547105
2024-08-21_03,56,38000,19000,0.3176,0.3249462877988891,0.007346287798889128
2024-08-21_03,57,57000,19000,0.3649,0.3719732887286682,0.007073288728668192
2024-08-21_03,58,76000,19000,0.2053,0.1890806020568847,-0.016219397943115305
2024-08-21_03,59,95000,19000,0.2955,0.27287572540979,-0.022624274590209992
2024-08-21_03,60,-76000,38000,0.2089,0.2154432529378052,0.006543252937805194
2024-08-21_03,61,-57000,38000,0.3727,0.3795011459517822,0.006801145951782217
2024-08-21_03,62,-38000,38000,0.3295,0.3361756749926452,0.006675674992645209
2024-08-21_03,63,-19000,38000,0.3033,0.308362219710022,0.005062219710021965
2024-08-21_03,64,0,38000,0.2947,0.3024770988614196,0.007777098861419585
2024-08-21_03,65,19000,38000,0.3066,0.3149473310167237,0.008347331016723691
2024-08-21_03,66,38000,38000,0.3355,0.3437362663949586,0.008236266394958558
2024-08-21_03,67,57000,38000,0.381,0.3874551869678651,0.0064551869678650675
2024-08-21_03,68,76000,38000,0.21,0.23547310855203252,0.025473108552032525
2024-08-21_03,69,-76000,57000,0.2962,0.29291761360168456,-0.003282386398315462
2024-08-21_03,70,-57000,57000,0.4069,0.30411563883975223,-0.10278436116024775
2024-08-21_03,71,-38000,57000,0.3619,0.3707621607005005,0.008862160700500499
2024-08-21_03,72,-19000,57000,0.3366,0.34450374848806764,0.00790374848806763
2024-08-21_03,73,0,57000,0.3282,0.3361310889032898,0.007931088903289807
2024-08-21_03,74,19000,57000,0.3399,0.3477058513062745,0.007805851306274536
2024-08-21_03,75,38000,57000,0.3677,0.3748761481981506,0.0071761481981506
2024-08-21_03,76,57000,57000,0.4128,0.31095462583807376,-0.10184537416192624
2024-08-21_03,77,76000,57000,0.291,0.28952566976547245,-0.0014743302345275322
2024-08-21_03,78,-57000,76000,0.2831,0.2855829044342041,0.0024829044342040696
2024-08-21_03,79,-38000,76000,0.412,0.27908062057479854,-0.13291937942520143
2024-08-21_03,80,-19000,76000,0.3852,0.39036724191854855,0.00516724191854856
2024-08-21_03,81,0,76000,0.3764,0.38339856300354,0.006998563003540015
2024-08-21_03,82,19000,76000,0.3878,0.39314556914749144,0.005345569147491458
2024-08-21_03,83,38000,76000,0.4165,0.20016075352691653,-0.21633924647308345
2024-08-21_03,84,57000,76000,0.2812,0.2759297310829163,-0.005270268917083709
2024-08-21_03,85,-19000,95000,0.2625,0.2606481280293884,-0.001851871970611596
2024-08-21_03,86,0,95000,0.2643,0.24934032592773436,-0.014959674072265616
2024-08-21_03,87,19000,95000,0.2089,0.24965131529736329,0.04075131529736328
2024-08-21_04,0,-19000,-95000,0.3117,0.31444394995370484,0.0027439499537048606
2024-08-21_04,1,0,-95000,0.3318,0.3444085236549377,0.012608523654937698
2024-08-21_04,2,19000,-95000,0.3225,0.3274510638859254,0.004951063885925366
2024-08-21_04,3,-57000,-76000,0.341,0.33863098955154425,-0.0023690104484557772
2024-08-21_04,4,-38000,-76000,0.2901,0.30400179719280995,0.013901797192809928
2024-08-21_04,5,-19000,-76000,0.2685,0.2728364610263978,0.0043364610263977865
2024-08-21_04,6,0,-76000,0.2089,0.22550921252957146,0.016609212529571454
2024-08-21_04,7,19000,-76000,0.2714,0.28279268501214605,0.011392685012146075
2024-08-21_04,8,38000,-76000,0.2896,0.2939677341543885,0.0043677341543884585
2024-08-21_04,9,57000,-76000,0.3248,0.3330165141105652,0.008216514110565232
2024-08-21_04,10,-76000,-57000,0.3267,0.3218313608169556,-0.004868639183044365
2024-08-21_04,11,-57000,-57000,0.2746,0.27409836085595707,-0.0005016391440429424
2024-08-21_04,12,-38000,-57000,0.4178,0.266014762402893,-0.151785237597107
2024-08-21_04,13,-19000,-57000,0.3923,0.39705097489639285,0.004750974896392868
2024-08-21_04,14,0,-57000,0.3842,0.3883132900334778,0.004113290033477823
2024-08-21_04,15,19000,-57000,0.3937,0.3970997799461671,0.003399779946167081
2024-08-21_04,16,38000,-57000,0.4195,0.22958730440972897,-0.18991269559027102
2024-08-21_04,17,57000,-57000,0.2742,0.2646864117340393,-0.009513588265960715
2024-08-21_04,18,76000,-57000,0.3206,0.3122876279830933,-0.00831237201690671
2024-08-21_04,19,-76000,-38000,0.2831,0.28376052754818715,0.0006605275481871287
2024-08-21_04,20,-57000,-38000,0.4113,0.29910682842669667,-0.11219317157330333
2024-08-21_04,21,-38000,-38000,0.369,0.3723043061919251,0.0033043061919251215
2024-08-21_04,22,-19000,-38000,0.3419,0.34580698065536497,0.003906980655364989
2024-08-21_04,23,0,-38000,0.3324,0.3364303827062378,0.004030382706237845
2024-08-21_04,24,19000,-38000,0.3442,0.34699136761422733,0.0027913676142273247
2024-08-21_04,25,38000,-38000,0.3723,0.37551748685836794,0.003217486858367924
2024-08-21_04,26,57000,-38000,0.4144,0.25796949628283694,-0.15643050371716305
2024-08-21_04,27,76000,-38000,0.2845,0.2833263869289855,-0.0011736130710144899
2024-08-21_04,28,-95000,-19000,0.3028,0.30881160230767823,0.006011602307678221
2024-08-21_04,29,-76000,-19000,0.2085,0.18990090988641362,-0.018599090113586375
2024-08-21_04,30,-57000,-19000,0.3787,0.38273543082858286,0.0040354308285828755
2024-08-21_04,31,-38000,-19000,0.3342,0.33689583253921507,0.0026958325392150706
2024-08-21_04,32,-19000,-19000,0.3059,0.30976566834832764,0.0038656683483276333
2024-08-21_04,33,0,-19000,0.2951,0.298847637519867,0.0037476375198670087
2024-08-21_04,34,19000,-19000,0.3083,0.3126855206309205,0.004385520630920459
2024-08-21_04,35,38000,-19000,0.3382,0.3424255737861024,0.004225573786102388
2024-08-21_04,36,57000,-19000,0.3847,0.38873385285437,0.004033852854370024
2024-08-21_04,37,76000,-19000,0.21,0.21547168273721318,0.005471682737213185
2024-08-21_04,38,95000,-19000,0.3067,0.30873476940560907,0.0020347694056090937
2024-08-21_04,39,-95000,0,0.3112,0.3048652423858642,-0.0063347576141357664
2024-08-21_04,40,-76000,0,0.421,0.2383627851269836,-0.18263721487301637
2024-08-21_04,41,-57000,0,0.3623,0.3654316920396118,0.0031316920396117776
2024-08-21_04,42,-38000,0,0.3178,0.32165009457830807,0.0038500945783080387
2024-08-21_04,43,-19000,0,0.288,0.29044895834271234,0.0024489583427123596
2024-08-21_04,44,19000,0,0.291,0.29479903382672124,0.0037990338267212542
2024-08-21_04,45,38000,0,0.3232,0.32593163450860585,0.0027316345086058624
2024-08-21_04,46,57000,0,0.3698,0.37436269888278195,0.004562698882781935
2024-08-21_04,47,76000,0,0.2071,0.1910005893941651,-0.01609941060583492
2024-08-21_04,48,95000,0,0.3075,0.3130061558723449,0.005506155872344931
2024-08-21_04,49,-95000,19000,0.2948,0.2997496158912659,0.004949615891265913
2024-08-21_04,50,-76000,19000,0.4212,0.23149163727709965,-0.18970836272290037
2024-08-21_04,51,-57000,19000,0.3619,0.3646303776200561,0.0027303776200561236
2024-08-21_04,52,-38000,19000,0.318,0.32164683743969724,0.003646837439697237
2024-08-21_04,53,-19000,19000,0.2902,0.2937872789158935,0.0035872789158934992
2024-08-21_04,54,0,19000,0.2808,0.28495174873617546,0.004151748736175465
2024-08-21_04,55,19000,19000,0.2933,0.29723126894262686,0.003931268942626853
2024-08-21_04,56,38000,19000,0.3236,0.32770314636788944,0.004103146367889443
2024-08-21_04,57,57000,19000,0.3705,0.37477645588308706,0.00427645588308706
2024-08-21_04,58,76000,19000,0.2078,0.186022232186432,-0.021777767813568022
2024-08-21_04,59,95000,19000,0.2985,0.2962254244404603,-0.0022745755595396933
2024-08-21_04,60,-76000,38000,0.2093,0.21517028407507321,0.005870284075073201
2024-08-21_04,61,-57000,38000,0.3786,0.38070236014205927,0.0021023601420592786
2024-08-21_04,62,-38000,38000,0.3357,0.3405209924970093,0.004820992497009291
2024-08-21_04,63,-19000,38000,0.3096,0.3139604456579286,0.004360445657928591
2024-08-21_04,64,0,38000,0.3005,0.3046813911426087,0.004181391142608737
2024-08-21_04,65,19000,38000,0.3127,0.31735632900454713,0.004656329004547155
2024-08-21_04,66,38000,38000,0.3418,0.34890561950076293,0.007105619500762939
2024-08-21_04,67,57000,38000,0.3868,0.39091550027062993,0.004115500270629957
2024-08-21_04,68,76000,38000,0.2653,0.2285836041763305,-0.03671639582366948
2024-08-21_04,69,-76000,57000,0.3018,0.3041574568748474,0.0023574568748473967
2024-08-21_04,70,-57000,57000,0.4135,0.27129216295288083,-0.14220783704711915
2024-08-21_04,71,-38000,57000,0.3685,0.3735287593508301,0.005028759350830081
2024-08-21_04,72,-19000,57000,0.343,0.34727462490972905,0.004274624909729019
2024-08-21_04,73,0,57000,0.3341,0.33891337830200197,0.004813378302001958
2024-08-21_04,74,19000,57000,0.3459,0.35211780155093386,0.006217801550933877
2024-08-21_04,75,38000,57000,0.3736,0.37878486818569956,0.005184868185699576
2024-08-21_04,76,57000,57000,0.4189,0.240270679632965,-0.178629320367035
2024-08-21_04,77,76000,57000,0.295,0.29420553894042967,-0.0007944610595703172
2024-08-21_04,78,-57000,76000,0.2892,0.29877128314971924,0.009571283149719223
2024-08-21_04,79,-38000,76000,0.4191,0.22344456122830203,-0.19565543877169794
2024-08-21_04,80,-19000,76000,0.3916,0.3977158262303162,0.006115826230316201
2024-08-21_04,81,0,76000,0.3821,0.3874982564926147,0.005398256492614717
2024-08-21_04,82,19000,76000,0.3936,0.4002415062590332,0.006641506259033203
2024-08-21_04,83,38000,76000,0.2025,0.22921752499130243,0.02671752499130242
2024-08-21_04,84,57000,76000,0.2864,0.2741070315361023,-0.012292968463897713
2024-08-21_04,85,-19000,95000,0.2709,0.2619187975054932,-0.00898120249450679
2024-08-21_04,86,0,95000,0.2714,0.2586318223953247,-0.012768177604675301
2024-08-21_04,87,19000,95000,0.2662,0.24274389791485596,-0.023456102085144037
2024-08-21_05,0,-19000,-95000,0.314,0.315060048786316,0.0010600487863159924
2024-08-21_05,1,0,-95000,0.336,0.32798984851837165,-0.00801015148162837
2024-08-21_05,2,19000,-95000,0.3271,0.3185574688786317,-0.008542531121368324
2024-08-21_05,3,-57000,-76000,0.3469,0.34496577863693245,-0.0019342213630675342
2024-08-21_05,4,-38000,-76000,0.2925,0.2960718024902953,0.003571802490295317
2024-08-21_05,5,-19000,-76000,0.2728,0.280284266454651,0.007484266454651001
2024-08-21_05,6,0,-76000,0.2653,0.26129081919342045,-0.0040091808065795265
2024-08-21_05,7,19000,-76000,0.2746,0.274990751467743,0.000390751467742978
2024-08-21_05,8,38000,-76000,0.292,0.29810004108407595,0.006100041084075969
2024-08-21_05,9,57000,-76000,0.329,0.3261272802352906,-0.0028727197647094305
2024-08-21_05,10,-76000,-57000,0.3318,0.33473219757080086,0.0029321975708008763
2024-08-21_05,11,-57000,-57000,0.2784,0.2827161116203307,0.004316111620330743
2024-08-21_05,12,-38000,-57000,0.422,0.23289950847445673,-0.18910049152554326
2024-08-21_05,13,-19000,-57000,0.3967,0.39977710131317146,0.0030771013131714597
2024-08-21_05,14,0,-57000,0.3888,0.39166913175878904,0.0028691317587890564
2024-08-21_05,15,19000,-57000,0.3983,0.40172071476815785,0.003420714768157862
2024-08-21_05,16,38000,-57000,0.2069,0.2291273212791749,0.0222273212791749
2024-08-21_05,17,57000,-57000,0.2779,0.27847018766329956,0.0005701876632995817
2024-08-21_05,18,76000,-57000,0.3243,0.32170425796508795,-0.0025957420349120297
2024-08-21_05,19,-76000,-38000,0.285,0.2833979282519836,-0.0016020717480163538
2024-08-21_05,20,-57000,-38000,0.4154,0.2870535481425782,-0.12834645185742177
2024-08-21_05,21,-38000,-38000,0.3738,0.3770482589980164,0.0032482589980163956
2024-08-21_05,22,-19000,-38000,0.347,0.34864292564627086,0.0016429256462708874
2024-08-21_05,23,0,-38000,0.3373,0.33932743377917474,0.0020274337791747477
2024-08-21_05,24,19000,-38000,0.3493,0.35103494918496714,0.0017349491849671383
2024-08-21_05,25,38000,-38000,0.3775,0.3805054917335511,0.00300549173355108
2024-08-21_05,26,57000,-38000,0.4191,0.25354397660644534,-0.16555602339355463
2024-08-21_05,27,76000,-38000,0.2873,0.2804120034645996,-0.006887996535400398
2024-08-21_05,28,-95000,-19000,0.306,0.30026982092279053,-0.005730179077209463
2024-08-21_05,29,-76000,-19000,0.21,0.21917240208758548,0.00917240208758549
2024-08-21_05,30,-57000,-19000,0.3837,0.3863990774784547,0.0026990774784547145
2024-08-21_05,31,-38000,-19000,0.3391,0.34038700768530283,0.0012870076853028212
2024-08-21_05,32,-19000,-19000,0.311,0.3125247200924073,0.0015247200924072835
2024-08-21_05,33,0,-19000,0.3002,0.30224723759805294,0.00204723759805292
2024-08-21_05,34,19000,-19000,0.3137,0.3163854155428467,0.0026854155428467363
2024-08-21_05,35,38000,-19000,0.3435,0.3454717459831238,0.001971745983123774
2024-08-21_05,36,57000,-19000,0.3899,0.3929300690942077,0.003030069094207666
2024-08-21_05,37,76000,-19000,0.2626,0.25173878621896373,-0.010861213781036272
2024-08-21_05,38,95000,-19000,0.3096,0.30497005192453,-0.004629948075470014
2024-08-21_05,39,-95000,0,0.3182,0.3134136900901795,-0.004786309909820485
2024-08-21_05,40,-76000,0,0.2069,0.2354189227100525,0.02851892271005249
2024-08-21_05,41,-57000,0,0.3674,0.370672098961792,0.0032720989617919805
2024-08-21_05,42,-38000,0,0.3232,0.32529362854574595,0.0020936285457459625
2024-08-21_05,43,-19000,0,0.2935,0.29556911637951666,0.002069116379516678
2024-08-21_05,44,19000,0,0.2964,0.2983619799649657,0.001961979964965721
2024-08-21_05,45,38000,0,0.3288,0.3323879460425414,0.0035879460425414234
2024-08-21_05,46,57000,0,0.3751,0.37820409484280404,0.0031040948428040505
2024-08-21_05,47,76000,0,0.2089,0.20016681522854607,-0.008733184771453933
2024-08-21_05,48,95000,0,0.3112,0.3121051456451416,0.0009051456451416029
2024-08-21_05,49,-95000,19000,0.2971,0.2933074236031189,-0.0037925763968810755
2024-08-21_05,50,-76000,19000,0.2061,0.2312422253280334,0.025142225328033396
2024-08-21_05,51,-57000,19000,0.3674,0.3698007819392395,0.0024007819392394825
2024-08-21_05,52,-38000,19000,0.3236,0.32535904722024533,0.0017590472202453356
2024-08-21_05,53,-19000,19000,0.2958,0.29892168058551016,0.003121680585510156
2024-08-21_05,54,0,19000,0.2868,0.29004283194488534,0.003242831944885338
2024-08-21_05,55,19000,19000,0.299,0.30185317225491337,0.002853172254913383
2024-08-21_05,56,38000,19000,0.3292,0.3324034362176209,0.0032034362176209252
2024-08-21_05,57,57000,19000,0.376,0.37962616305191044,0.003626163051910436
2024-08-21_05,58,76000,19000,0.21,0.2052337154458619,-0.004766284554138106
2024-08-21_05,59,95000,19000,0.3009,0.29975501144470207,-0.0011449885552979322
2024-08-21_05,60,-76000,38000,0.2617,0.2480442621417236,-0.013655737858276396
2024-08-21_05,61,-57000,38000,0.384,0.38477311292236327,0.0007731129223632616
2024-08-21_05,62,-38000,38000,0.3413,0.34353766504541017,0.0022376650454101754
2024-08-21_05,63,-19000,38000,0.3155,0.3185658704833374,0.003065870483337396
2024-08-21_05,64,0,38000,0.3067,0.30960332482333364,0.002903324823333664
2024-08-21_05,65,19000,38000,0.3186,0.32247254253301993,0.0038725425330199403
2024-08-21_05,66,38000,38000,0.3473,0.3514079304397888,0.004107930439788798
2024-08-21_05,67,57000,38000,0.3922,0.39585322796603384,0.003653227966033845
2024-08-21_05,68,76000,38000,0.2714,0.26419226389834605,-0.007207736101653928
2024-08-21_05,69,-76000,57000,0.3046,0.3015381873130798,-0.0030618126869201845
2024-08-21_05,70,-57000,57000,0.4188,0.2516787725526123,-0.16712122744738772
2024-08-21_05,71,-38000,57000,0.3739,0.37660883006991575,0.0027088300699157353
2024-08-21_05,72,-19000,57000,0.3489,0.35270308020983887,0.0038030802098388827
2024-08-21_05,73,0,57000,0.3403,0.3447439585688782,0.004443958568878192
2024-08-21_05,74,19000,57000,0.3518,0.35554371673449703,0.003743716734497027
2024-08-21_05,75,38000,57000,0.3794,0.3840619483320007,0.004661948332000676
2024-08-21_05,76,57000,57000,0.2062,0.2326812093663635,0.0264812093663635
2024-08-21_05,77,76000,57000,0.2981,0.29750963945388786,-0.000590360546112112
2024-08-21_05,78,-57000,76000,0.2929,0.2865567386627197,-0.006343261337280304
2024-08-21_05,79,-38000,76000,0.2061,0.23216706215048222,0.026067062150482212
2024-08-21_05,80,-19000,76000,0.3974,0.4004520003355102,0.00305200033551023
2024-08-21_05,81,0,76000,0.388,0.39166052503585813,0.00366052503585812
2024-08-21_05,82,19000,76000,0.3994,0.4037838618034668,0.0043838618034668375
2024-08-21_05,83,38000,76000,0.208,0.22102961891595463,0.013029618915954638
2024-08-21_05,84,57000,76000,0.2906,0.2879669954299926,-0.0026330045700074245
2024-08-21_05,85,-19000,95000,0.2756,0.28016178636950684,0.004561786369506826
2024-08-21_05,86,0,95000,0.2775,0.2839582697868347,0.0064582697868346695
2024-08-21_05,87,19000,95000,0.2709,0.2707713282065124,-0.00012867179348757807
2024-08-21_06,0,-19000,-95000,0.3173,0.3279150649466247,0.010615064946624675
2024-08-21_06,1,0,-95000,0.341,0.3525542437553406,0.011554243755340587
2024-08-21_06,2,19000,-95000,0.3309,0.3382132558725892,0.007313255872589186
2024-08-21_06,3,-57000,-76000,0.3465,0.36002189226150505,0.013521892261505075
2024-08-21_06,4,-38000,-76000,0.2948,0.30817849340103143,0.013378493401031422
2024-08-21_06,5,-19000,-76000,0.2775,0.29699142020751945,0.019491420207519428
2024-08-21_06,6,0,-76000,0.27,0.2799979930766907,0.009997993076690692
2024-08-21_06,7,19000,-76000,0.2793,0.2980572597094422,0.018757259709442198
2024-08-21_06,8,38000,-76000,0.2948,0.31063376193106085,0.01583376193106084
2024-08-21_06,9,57000,-76000,0.3346,0.3414486277580262,0.006848627758026193
2024-08-21_06,10,-76000,-57000,0.3375,0.34942043132781975,0.011920431327819725
2024-08-21_06,11,-57000,-57000,0.2812,0.29976562054956046,0.018565620549560458
2024-08-21_06,12,-38000,-57000,0.2061,0.21856710519726552,0.012467105197265516
2024-08-21_06,13,-19000,-57000,0.4025,0.4036499215674134,0.0011499215674133922
2024-08-21_06,14,0,-57000,0.3947,0.39519608296655284,0.0004960829665528466
2024-08-21_06,15,19000,-57000,0.4042,0.40434641297888185,0.00014641297888184912
2024-08-21_06,16,38000,-57000,0.208,0.2215754112529602,0.013575411252960218
2024-08-21_06,17,57000,-57000,0.2817,0.2932156040377196,0.011515604037719618
2024-08-21_06,18,76000,-57000,0.3295,0.3351876366615296,0.005687636661529605
2024-08-21_06,19,-76000,-38000,0.2887,0.2967503533693543,0.00805035336935428
2024-08-21_06,20,-57000,-38000,0.421,0.26166033346362294,-0.15933966653637704
2024-08-21_06,21,-38000,-38000,0.3798,0.3799405817863464,0.00014058178634634988
2024-08-21_06,22,-19000,-38000,0.3534,0.35316782775915523,-0.0002321722408447635
2024-08-21_06,23,0,-38000,0.3442,0.34317919050558476,-0.0010208094944152424
2024-08-21_06,24,19000,-38000,0.3559,0.3554406386206359,-0.00045936137936408716
2024-08-21_06,25,38000,-38000,0.3835,0.38373639469146736,0.00023639469146735648
2024-08-21_06,26,57000,-38000,0.2052,0.2321332599008179,0.026933259900817907
2024-08-21_06,27,76000,-38000,0.2903,0.2909097058045045,0.000609705804504479
2024-08-21_06,28,-95000,-19000,0.3079,0.31112177364324956,0.003221773643249548
2024-08-21_06,29,-76000,-19000,0.2088,0.23850483457214355,0.02970483457214354
2024-08-21_06,30,-57000,-19000,0.3898,0.3898833742451172,8.337424511722924e-05
2024-08-21_06,31,-38000,-19000,0.346,0.34490038279214486,-0.0010996172078551192
2024-08-21_06,32,-19000,-19000,0.318,0.3171076823211365,-0.0008923176788634968
2024-08-21_06,33,0,-19000,0.3075,0.3064636739677429,-0.0010363260322571177
2024-08-21_06,34,19000,-19000,0.3208,0.3207280284982299,-7.197150177007394e-05
2024-08-21_06,35,38000,-19000,0.3506,0.35096684634658804,0.0003668463465880123
2024-08-21_06,36,57000,-19000,0.3961,0.3972535185115966,0.0011535185115966184
2024-08-21_06,37,76000,-19000,0.269,0.2794130415776672,0.010413041577667204
2024-08-21_06,38,95000,-19000,0.3121,0.3234014102080993,0.011301410208099327
2024-08-21_06,39,-95000,0,0.3234,0.3288175040245056,0.005417504024505582
2024-08-21_06,40,-76000,0,0.208,0.22977194105914311,0.021771941059143124
2024-08-21_06,41,-57000,0,0.3738,0.3741912132128601,0.0003912132128600643
2024-08-21_06,42,-38000,0,0.3302,0.3293880098372498,-0.0008119901627501869
2024-08-21_06,43,-19000,0,0.3008,0.2999206336854554,-0.0008793663145446051
2024-08-21_06,44,19000,0,0.3039,0.30372619427963254,-0.00017380572036745923
2024-08-21_06,45,38000,0,0.336,0.33639891023385626,0.00039891023385624225
2024-08-21_06,46,57000,0,0.382,0.3828367091506959,0.0008367091506958912
2024-08-21_06,47,76000,0,0.21,0.2306210884520874,0.020621088452087405
2024-08-21_06,48,95000,0,0.315,0.32285807857513427,0.007858078575134264
2024-08-21_06,49,-95000,19000,0.3,0.30424636731121824,0.0042463673112182465
2024-08-21_06,50,-76000,19000,0.2081,0.2185089900108338,0.010408990010833785
2024-08-21_06,51,-57000,19000,0.3737,0.373876544682312,0.0001765446823120409
2024-08-21_06,52,-38000,19000,0.3307,0.3303056107626038,-0.0003943892373962088
2024-08-21_06,53,-19000,19000,0.3033,0.3029647425874633,-0.0003352574125367047
2024-08-21_06,54,0,19000,0.2942,0.2940682162608337,-0.00013178373916633568
2024-08-21_06,55,19000,19000,0.3066,0.3070208710207214,0.0004208710207214139
2024-08-21_06,56,38000,19000,0.3369,0.3374905551894225,0.0005905551894225258
2024-08-21_06,57,57000,19000,0.3828,0.38430094913128654,0.0015009491312865664
2024-08-21_06,58,76000,19000,0.21,0.2211544219528503,0.011154421952850296
2024-08-21_06,59,95000,19000,0.3039,0.3107364636791077,0.006836463679107674
2024-08-21_06,60,-76000,38000,0.2676,0.26829154236526487,0.0006915423652648633
2024-08-21_06,61,-57000,38000,0.3903,0.3891432918537292,-0.0011567081462707796
2024-08-21_06,62,-38000,38000,0.3485,0.34745991159429934,-0.0010400884057006343
2024-08-21_06,63,-19000,38000,0.323,0.3236160912939453,0.0006160912939452978
2024-08-21_06,64,0,38000,0.3142,0.31427481398089596,7.481398089598246e-05
2024-08-21_06,65,19000,38000,0.3263,0.32753928615481565,0.0012392861548156664
2024-08-21_06,66,38000,38000,0.3547,0.35671315351193233,0.0020131535119323196
2024-08-21_06,67,57000,38000,0.3988,0.39983555251397696,0.0010355525139769672
2024-08-21_06,68,76000,38000,0.276,0.2779434059719239,0.0019434059719238839
2024-08-21_06,69,-76000,57000,0.3079,0.3082996921539307,0.00039969215393070856
2024-08-21_06,70,-57000,57000,0.2057,0.22462862242144777,0.01892862242144777
2024-08-21_06,71,-38000,57000,0.3805,0.3796267322419433,-0.0008732677580566839
2024-08-21_06,72,-19000,57000,0.3557,0.3574776499768677,0.00177764997686769
2024-08-21_06,73,0,57000,0.3476,0.34953092096844485,0.001930920968444827
2024-08-21_06,74,19000,57000,0.359,0.36032539219604487,0.0013253921960448833
2024-08-21_06,75,38000,57000,0.386,0.3873244373298035,0.001324437329803474
2024-08-21_06,76,57000,57000,0.2089,0.22758686858813482,0.018686868588134814
2024-08-21_06,77,76000,57000,0.3,0.3121234337806702,0.012123433780670212
2024-08-21_06,78,-57000,76000,0.2955,0.2985534386634827,0.0030534386634827326
2024-08-21_06,79,-38000,76000,0.2085,0.2293133573189392,0.020813357318939213
2024-08-21_06,80,-19000,76000,0.4038,0.40562223794741825,0.0018222379474182593
2024-08-21_06,81,0,76000,0.3946,0.3957399167060852,0.001139916706085209
2024-08-21_06,82,19000,76000,0.4057,0.40820783860949705,0.0025078386094970484
2024-08-21_06,83,38000,76000,0.21,0.22339729553634635,0.01339729553634636
2024-08-21_06,84,57000,76000,0.2925,0.3035510937690735,0.011051093769073539
2024-08-21_06,85,-19000,95000,0.2793,0.2898822369135742,0.010582236913574183
2024-08-21_06,86,0,95000,0.2812,0.29494560136795045,0.013745601367950444
2024-08-21_06,87,19000,95000,0.2775,0.29320379299127197,0.015703792991271948
2024-08-21_07,0,-19000,-95000,0.3201,0.34146441873519895,0.021364418735198953
2024-08-21_07,1,0,-95000,0.3402,0.37282314357757573,0.03262314357757573
2024-08-21_07,2,19000,-95000,0.3365,0.34577203551919555,0.009272035519195532
2024-08-21_07,3,-57000,-76000,0.345,0.3698202439308167,0.02482024393081672
2024-08-21_07,4,-38000,-76000,0.2943,0.30784343325305175,0.01354343325305174
2024-08-21_07,5,-19000,-76000,0.2765,0.3071585178061218,0.030658517806121777
2024-08-21_07,6,0,-76000,0.2709,0.2921813803356934,0.021281380335693434
2024-08-21_07,7,19000,-76000,0.2793,0.29563841448153694,0.016338414481536945
2024-08-21_07,8,38000,-76000,0.2953,0.3109225786797485,0.015622578679748478
2024-08-21_07,9,57000,-76000,0.3337,0.36402822828292836,0.03032822828292836
2024-08-21_07,10,-76000,-57000,0.336,0.35883475027084355,0.02283475027084353
2024-08-21_07,11,-57000,-57000,0.2803,0.3068171856470032,0.026517185647003227
2024-08-21_07,12,-38000,-57000,0.2069,0.1861582343953858,-0.020741765604614187
2024-08-21_07,13,-19000,-57000,0.4021,0.40599748883459474,0.003897488834594731
2024-08-21_07,14,0,-57000,0.3944,0.400479686151886,0.006079686151886032
2024-08-21_07,15,19000,-57000,0.4038,0.4076295410630799,0.003829541063079922
2024-08-21_07,16,38000,-57000,0.2071,0.20543585040231327,-0.001664149597686737
2024-08-21_07,17,57000,-57000,0.2812,0.2974901905054017,0.016290190505401703
2024-08-21_07,18,76000,-57000,0.3285,0.3538401255607604,0.025340125560760374
2024-08-21_07,19,-76000,-38000,0.2882,0.30115538767233274,0.01295538767233273
2024-08-21_07,20,-57000,-38000,0.4206,0.23998467962747194,-0.18061532037252803
2024-08-21_07,21,-38000,-38000,0.3794,0.3844504515687561,0.005050451568756109
2024-08-21_07,22,-19000,-38000,0.3528,0.35735394029870604,0.0045539402987060384
2024-08-21_07,23,0,-38000,0.3436,0.34779884689331064,0.004198846893310626
2024-08-21_07,24,19000,-38000,0.3556,0.35991891658029185,0.004318916580291821
2024-08-21_07,25,38000,-38000,0.3832,0.38800026273727406,0.004800262737274075
2024-08-21_07,26,57000,-38000,0.2069,0.18782444329458614,-0.01907555670541386
2024-08-21_07,27,76000,-38000,0.2901,0.31514658799078377,0.025046587990783742
2024-08-21_07,28,-95000,-19000,0.3065,0.32990533872879024,0.023405338728790248
2024-08-21_07,29,-76000,-19000,0.2089,0.2741729734757996,0.0652729734757996
2024-08-21_07,30,-57000,-19000,0.3892,0.3938080714137878,0.004608071413787829
2024-08-21_07,31,-38000,-19000,0.345,0.3500245102111206,0.005024510211120603
2024-08-21_07,32,-19000,-19000,0.3171,0.32119107558557136,0.004091075585571369
2024-08-21_07,33,0,-19000,0.3065,0.311857512465332,0.005357512465332004
2024-08-21_07,34,19000,-19000,0.3202,0.32562528047509764,0.00542528047509766
2024-08-21_07,35,38000,-19000,0.3502,0.3565834288309937,0.006383428830993687
2024-08-21_07,36,57000,-19000,0.3959,0.40028916352832034,0.004389163528320361
2024-08-21_07,37,76000,-19000,0.2681,0.2958410702937011,0.027741070293701098
2024-08-21_07,38,95000,-19000,0.3131,0.3263270983876647,0.013227098387664726
2024-08-21_07,39,-95000,0,0.3225,0.33259606189727786,0.010096061897277853
2024-08-21_07,40,-76000,0,0.208,0.19784660868762205,-0.01015339131237794
2024-08-21_07,41,-57000,0,0.3737,0.37781170560824584,0.004111705608245864
2024-08-21_07,42,-38000,0,0.3297,0.3329026381817627,0.003202638181762696
2024-08-21_07,43,-19000,0,0.2998,0.30461138941812127,0.004811389418121259
2024-08-21_07,44,19000,0,0.3031,0.30853419263137827,0.005434192631378287
2024-08-21_07,45,38000,0,0.3356,0.34043611330548096,0.004836113305480949
2024-08-21_07,46,57000,0,0.3816,0.3878888872064514,0.006288887206451432
2024-08-21_07,47,76000,0,0.21,0.23569503421652227,0.025695034216522278
2024-08-21_07,48,95000,0,0.315,0.3370382853507996,0.022038285350799602
2024-08-21_07,49,-95000,19000,0.3,0.31857060280896,0.01857060280896
2024-08-21_07,50,-76000,19000,0.2081,0.20976470279150394,0.0016647027915039359
2024-08-21_07,51,-57000,19000,0.3738,0.37845816231863405,0.004658162318634029
2024-08-21_07,52,-38000,19000,0.3302,0.3365279900701904,0.006327990070190415
2024-08-21_07,53,-19000,19000,0.3028,0.30798602757547,0.005186027575469987
2024-08-21_07,54,0,19000,0.2937,0.29878897725088494,0.0050889772508849185
2024-08-21_07,55,19000,19000,0.3062,0.3107193972422486,0.004519397242248591
2024-08-21_07,56,38000,19000,0.3365,0.34346269698703,0.006962696987030004
2024-08-21_07,57,57000,19000,0.3826,0.3875587298716736,0.004958729871673617
2024-08-21_07,58,76000,19000,0.2113,0.2375392232112732,0.0262392232112732
2024-08-21_07,59,95000,19000,0.3042,0.32037085283908073,0.016170852839080707
2024-08-21_07,60,-76000,38000,0.269,0.2916848342524109,0.022684834252410857
2024-08-21_07,61,-57000,38000,0.3907,0.3948441756001587,0.004144175600158728
2024-08-21_07,62,-38000,38000,0.348,0.35395244155654904,0.00595244155654906
2024-08-21_07,63,-19000,38000,0.3229,0.32878987174945074,0.005889871749450715
2024-08-21_07,64,0,38000,0.314,0.3194686098199463,0.005468609819946291
2024-08-21_07,65,19000,38000,0.3261,0.3323871413088074,0.00628714130880742
2024-08-21_07,66,38000,38000,0.3549,0.36043300251000976,0.005533002510009766
2024-08-21_07,67,57000,38000,0.3988,0.4050258171943055,0.0062258171943055385
2024-08-21_07,68,76000,38000,0.2765,0.30704609518396,0.030546095183959954
2024-08-21_07,69,-76000,57000,0.3093,0.3271405378341675,0.017840537834167502
2024-08-21_07,70,-57000,57000,0.2065,0.18694764777355954,-0.019552352226440445
2024-08-21_07,71,-38000,57000,0.3815,0.3864645529197388,0.004964552919738796
2024-08-21_07,72,-19000,57000,0.3566,0.36134103851101684,0.004741038511016871
2024-08-21_07,73,0,57000,0.3481,0.35421253965396116,0.006112539653961135
2024-08-21_07,74,19000,57000,0.3592,0.36550974068838504,0.006309740688385024
2024-08-21_07,75,38000,57000,0.3864,0.39334362529492184,0.006943625294921818
2024-08-21_07,76,57000,57000,0.2081,0.21155716082681275,0.003457160826812744
2024-08-21_07,77,76000,57000,0.3009,0.30769929561614995,0.006799295616149947
2024-08-21_07,78,-57000,76000,0.2967,0.31607422027587895,0.01937422027587893
2024-08-21_07,79,-38000,76000,0.209,0.20219840628195196,-0.006801593718048032
2024-08-21_07,80,-19000,76000,0.4046,0.41080801766003416,0.0062080176600341486
2024-08-21_07,81,0,76000,0.3953,0.4026879607200623,0.007387960720062314
2024-08-21_07,82,19000,76000,0.4063,0.4137927350565186,0.007492735056518596
2024-08-21_07,83,38000,76000,0.21,0.21360400194201667,0.0036040019420166824
2024-08-21_07,84,57000,76000,0.2925,0.3056804266929627,0.01318042669296271
2024-08-21_07,85,-19000,95000,0.2798,0.3085852136396484,0.02878521363964842
2024-08-21_07,86,0,95000,0.2826,0.29447566852569584,0.011875668525695826
2024-08-21_07,87,19000,95000,0.2765,0.3105476379918213,0.034047637991821256
2024-08-21_08,0,-19000,-95000,0.33,0.3426712821165161,0.01267128211651608
2024-08-21_08,1,0,-95000,0.3459,0.3620972515106202,0.016197251510620236
2024-08-21_08,2,19000,-95000,0.3387,0.3257693305017395,-0.012930669498260494
2024-08-21_08,3,-57000,-76000,0.3461,0.37749808721542355,0.03139808721542353
2024-08-21_08,4,-38000,-76000,0.2957,0.30048531935260014,0.004785319352600126
2024-08-21_08,5,-19000,-76000,0.2784,0.2776342771123046,-0.0007657228876953859
2024-08-21_08,6,0,-76000,0.2728,0.29661078974554433,0.023810789745544347
2024-08-21_08,7,19000,-76000,0.2812,0.29000229807055655,0.008802298070556547
2024-08-21_08,8,38000,-76000,0.2962,0.30693779363729856,0.010737793637298543
2024-08-21_08,9,57000,-76000,0.3356,0.36538301544189444,0.029783015441894434
2024-08-21_08,10,-76000,-57000,0.3388,0.355086383152008,0.016286383152008033
2024-08-21_08,11,-57000,-57000,0.2821,0.29764211526751705,0.015542115267517032
2024-08-21_08,12,-38000,-57000,0.2063,0.23241071500317378,0.026110715003173773
2024-08-21_08,13,-19000,-57000,0.404,0.4059140811046449,0.0019140811046448603
2024-08-21_08,14,0,-57000,0.3963,0.3989295167449036,0.002629516744903637
2024-08-21_08,15,19000,-57000,0.406,0.40696834789306635,0.0009683478930663236
2024-08-21_08,16,38000,-57000,0.2081,0.23897725589816288,0.03087725589816287
2024-08-21_08,17,57000,-57000,0.2831,0.284876418460968,0.0017764184609679878
2024-08-21_08,18,76000,-57000,0.3309,0.3401148183822631,0.009214818382263068
2024-08-21_08,19,-76000,-38000,0.2901,0.29351744307254024,0.003417443072540216
2024-08-21_08,20,-57000,-38000,0.2043,0.27333728216976927,0.06903728216976926
2024-08-21_08,21,-38000,-38000,0.3813,0.3830092781663208,0.0017092781663208267
2024-08-21_08,22,-19000,-38000,0.3549,0.35677858690100095,0.001878586901000956
2024-08-21_08,23,0,-38000,0.3456,0.3474115107835083,0.0018115107835082744
2024-08-21_08,24,19000,-38000,0.3577,0.3595529317776185,0.0018529317776184717
2024-08-21_08,25,38000,-38000,0.3856,0.38783614473342887,0.0022361447334288687
2024-08-21_08,26,57000,-38000,0.2071,0.21920981392962657,0.012109813929626567
2024-08-21_08,27,76000,-38000,0.291,0.3028865133494263,0.011886513349426309
2024-08-21_08,28,-95000,-19000,0.307,0.3110004563634948,0.004000456363494831
2024-08-21_08,29,-76000,-19000,0.2619,0.28598577752999876,0.024085777529998742
2024-08-21_08,30,-57000,-19000,0.3912,0.3919178125546875,0.0007178125546875025
2024-08-21_08,31,-38000,-19000,0.3474,0.348670609933197,0.0012706099331969978
2024-08-21_08,32,-19000,-19000,0.3193,0.3210892261392517,0.0017892261392517539
2024-08-21_08,33,0,-19000,0.3089,0.31132433132940673,0.002424331329406726
2024-08-21_08,34,19000,-19000,0.3226,0.3242356074555053,0.0016356074555052835
2024-08-21_08,35,38000,-19000,0.3528,0.3557307749657592,0.0029307749657592197
2024-08-21_08,36,57000,-19000,0.3985,0.3992565862631836,0.0007565862631835896
2024-08-21_08,37,76000,-19000,0.2709,0.2946987335739746,0.023798733573974606
2024-08-21_08,38,95000,-19000,0.315,0.3230097646901855,0.008009764690185495
2024-08-21_08,39,-95000,0,0.3215,0.33064304323196414,0.009143043231964132
2024-08-21_08,40,-76000,0,0.208,0.2364542814324646,0.028454281432464618
2024-08-21_08,41,-57000,0,0.3752,0.3761727551027527,0.0009727551027527426
2024-08-21_08,42,-38000,0,0.3316,0.3314982905765076,-0.00010170942349241319
2024-08-21_08,43,-19000,0,0.3022,0.3048387234273682,0.0026387234273681504
2024-08-21_08,44,19000,0,0.306,0.30685573192233284,0.0008557319223328475
2024-08-21_08,45,38000,0,0.3388,0.3406956151090088,0.0018956151090088191
2024-08-21_08,46,57000,0,0.3846,0.38576118015093996,0.0011611801509399666
2024-08-21_08,47,76000,0,0.21,0.2680562790917054,0.05805627909170538
2024-08-21_08,48,95000,0,0.3164,0.33241170339584347,0.016011703395843457
2024-08-21_08,49,-95000,19000,0.3,0.29623213707336427,-0.0037678629266357233
2024-08-21_08,50,-76000,19000,0.2089,0.23644306291973882,0.02754306291973882
2024-08-21_08,51,-57000,19000,0.3755,0.3768556647449951,0.0013556647449950998
2024-08-21_08,52,-38000,19000,0.3323,0.33420378438696285,0.0019037843869628701
2024-08-21_08,53,-19000,19000,0.3052,0.30715440350054934,0.0019544035005493177
2024-08-21_08,54,0,19000,0.2963,0.29730610379470823,0.001006103794708224
2024-08-21_08,55,19000,19000,0.3091,0.31033865092535406,0.001238650925354079
2024-08-21_08,56,38000,19000,0.3397,0.3435509815073243,0.0038509815073243248
2024-08-21_08,57,57000,19000,0.3858,0.38657144625625617,0.0007714462562561919
2024-08-21_08,58,76000,19000,0.2109,0.24057817374633794,0.029678173746337938
2024-08-21_08,59,95000,19000,0.3051,0.30833266142819216,0.003232661428192174
2024-08-21_08,60,-76000,38000,0.2709,0.28485783262979125,0.013957832629791278
2024-08-21_08,61,-57000,38000,0.3923,0.39425884597961425,0.0019588459796142654
2024-08-21_08,62,-38000,38000,0.3503,0.35280612509906006,0.0025061250990600636
2024-08-21_08,63,-19000,38000,0.3254,0.3283799635220337,0.0029799635220336684
2024-08-21_08,64,0,38000,0.3168,0.3188535823063965,0.002053582306396462
2024-08-21_08,65,19000,38000,0.3292,0.33073561275354,0.0015356127535400277
2024-08-21_08,66,38000,38000,0.3579,0.3604490213216247,0.0025490213216247115
2024-08-21_08,67,57000,38000,0.4021,0.40300794588662714,0.0009079458866271262
2024-08-21_08,68,76000,38000,0.2784,0.29535942268692006,0.016959422686920078
2024-08-21_08,69,-76000,57000,0.311,0.30832267990112305,-0.0026773200988769452
2024-08-21_08,70,-57000,57000,0.2071,0.2165701007468872,0.0094701007468872
2024-08-21_08,71,-38000,57000,0.3836,0.38422005207095333,0.0006200520709533364
2024-08-21_08,72,-19000,57000,0.3588,0.3592093764197998,0.00040937641979976735
2024-08-21_08,73,0,57000,0.3507,0.3526024329707642,0.0019024329707642007
2024-08-21_08,74,19000,57000,0.3622,0.36427323632250974,0.0020732363225097195
2024-08-21_08,75,38000,57000,0.3895,0.3910503943149719,0.0015503943149718924
2024-08-21_08,76,57000,57000,0.21,0.24261497284686273,0.03261497284686274
2024-08-21_08,77,76000,57000,0.3023,0.305184857082367,0.002884857082366965
2024-08-21_08,78,-57000,76000,0.2976,0.30484683504104615,0.0072468350410461735
2024-08-21_08,79,-38000,76000,0.21,0.24431569759597782,0.03431569759597783
2024-08-21_08,80,-19000,76000,0.4071,0.4088426476526489,0.0017426476526488655
2024-08-21_08,81,0,76000,0.398,0.40084336595535275,0.002843365955352728
2024-08-21_08,82,19000,76000,0.4093,0.4145785818701172,0.005278581870117205
2024-08-21_08,83,38000,76000,0.21,0.24770177983544928,0.037701779835449284
2024-08-21_08,84,57000,76000,0.2962,0.29777737064361576,0.0015773706436157386
2024-08-21_08,85,-19000,95000,0.2812,0.3030333455088806,0.02183334550888061
2024-08-21_08,86,0,95000,0.284,0.2881990511894226,0.004199051189422598
2024-08-21_08,87,19000,95000,0.2789,0.3003748830019837,0.02147488300198369
2024-08-21_10,0,-19000,-95000,0.3215,0.3485541175908202,0.027054117590820215
2024-08-21_10,1,0,-95000,0.3489,0.38831842794418336,0.039418427944183376
2024-08-21_10,2,19000,-95000,0.3412,0.3624268322864379,0.021226832286437902
2024-08-21_10,3,-57000,-76000,0.3501,0.38058609819412237,0.030486098194122346
2024-08-21_10,4,-38000,-76000,0.2976,0.32428285930169676,0.026682859301696782
2024-08-21_10,5,-19000,-76000,0.2812,0.29766352438778676,0.016463524387786754
2024-08-21_10,6,0,-76000,0.276,0.2881055852314758,0.012105585231475757
2024-08-21_10,7,19000,-76000,0.2838,0.3132714863076478,0.029471486307647787
2024-08-21_10,8,38000,-76000,0.2981,0.31047316021447746,0.012373160214477485
2024-08-21_10,9,57000,-76000,0.3416,0.36558892984390257,0.02398892984390255
2024-08-21_10,10,-76000,-57000,0.3422,0.37903560256958013,0.03683560256958013
2024-08-21_10,11,-57000,-57000,0.285,0.3062849447496948,0.021284944749694834
2024-08-21_10,12,-38000,-57000,0.2081,0.2816963979022522,0.0735963979022522
2024-08-21_10,13,-19000,-57000,0.4075,0.4000388217774964,-0.007461178222503584
2024-08-21_10,14,0,-57000,0.4001,0.3951349635212402,-0.004965036478759788
2024-08-21_10,15,19000,-57000,0.4099,0.40542126320123284,-0.004478736798767147
2024-08-21_10,16,38000,-57000,0.2089,0.2739208658807373,0.06502086588073727
2024-08-21_10,17,57000,-57000,0.2854,0.3004554927289733,0.01505549272897333
2024-08-21_10,18,76000,-57000,0.3365,0.3558171655654907,0.01931716556549068
2024-08-21_10,19,-76000,-38000,0.2915,0.3158380067462768,0.02433800674627684
2024-08-21_10,20,-57000,-38000,0.2053,0.30431367008294674,0.09901367008294673
2024-08-21_10,21,-38000,-38000,0.3848,0.37973492212765503,-0.0050650778723449474
2024-08-21_10,22,-19000,-38000,0.3585,0.3523223940621948,-0.006177605937805197
2024-08-21_10,23,0,-38000,0.3496,0.3441235662626343,-0.005476433737365727
2024-08-21_10,24,19000,-38000,0.3616,0.35603036302490243,-0.005569636975097547
2024-08-21_10,25,38000,-38000,0.3898,0.38405814428329466,-0.005741855716705324
2024-08-21_10,26,57000,-38000,0.2078,0.28448938001409907,0.07668938001409906
2024-08-21_10,27,76000,-38000,0.2939,0.3077531116535035,0.013853111653503503
2024-08-21_10,28,-95000,-19000,0.3082,0.33934105791809077,0.031141057918090798
2024-08-21_10,29,-76000,-19000,0.2662,0.27269103061746214,0.006491030617462146
2024-08-21_10,30,-57000,-19000,0.3946,0.38768287413955693,-0.006917125860443074
2024-08-21_10,31,-38000,-19000,0.3508,0.34403163337814335,-0.006768366621856647
2024-08-21_10,32,-19000,-19000,0.323,0.3178423387845154,-0.00515766121548461
2024-08-21_10,33,0,-19000,0.3131,0.3047934709073792,-0.008306529092620807
2024-08-21_10,34,19000,-19000,0.3268,0.3224471565242615,-0.004352843475738499
2024-08-21_10,35,38000,-19000,0.3568,0.3515238985937805,-0.00527610140621948
2024-08-21_10,36,57000,-19000,0.4022,0.3954504732940064,-0.006749526705993603
2024-08-21_10,37,76000,-19000,0.2737,0.27763756339993284,0.003937563399932842
2024-08-21_10,38,95000,-19000,0.3164,0.3520422756928101,0.03564227569281009
2024-08-21_10,39,-95000,0,0.322,0.34692838344573973,0.02492838344573972
2024-08-21_10,40,-76000,0,0.2081,0.27695277494805903,0.06885277494805903
2024-08-21_10,41,-57000,0,0.3788,0.37141615080383306,-0.0073838491961669694
2024-08-21_10,42,-38000,0,0.3353,0.327907314478302,-0.0073926855216979726
2024-08-21_10,43,-19000,0,0.3062,0.29997771043612675,-0.006222289563873273
2024-08-21_10,44,19000,0,0.3102,0.30309564065042105,-0.007104359349578926
2024-08-21_10,45,38000,0,0.343,0.33619151394601443,-0.006808486053985596
2024-08-21_10,46,57000,0,0.3883,0.38414417893798825,-0.004155821062011733
2024-08-21_10,47,76000,0,0.2597,0.2561108507946167,-0.0035891492053832796
2024-08-21_10,48,95000,0,0.3206,0.33747555856704714,0.016875558567047144
2024-08-21_10,49,-95000,19000,0.3014,0.33123374235000613,0.02983374235000613
2024-08-21_10,50,-76000,19000,0.209,0.2726029101567383,0.06360291015673833
2024-08-21_10,51,-57000,19000,0.3792,0.37350182452545166,-0.005698175474548317
2024-08-21_10,52,-38000,19000,0.3362,0.3285265427823486,-0.0076734572176513915
2024-08-21_10,53,-19000,19000,0.3091,0.3030008827229004,-0.006099117277099608
2024-08-21_10,54,0,19000,0.3005,0.2931093825509339,-0.007390617449066106
2024-08-21_10,55,19000,19000,0.3132,0.3061270664108582,-0.007072933589141794
2024-08-21_10,56,38000,19000,0.3439,0.3372683733891296,-0.006631626610870356
2024-08-21_10,57,57000,19000,0.3896,0.38307437968600455,-0.0065256203139954505
2024-08-21_10,58,76000,19000,0.2632,0.2654326278088379,0.002232627808837928
2024-08-21_10,59,95000,19000,0.3075,0.32778456454446414,0.020284564544464145
2024-08-21_10,60,-76000,38000,0.2728,0.3105158472032471,0.03771584720324711
2024-08-21_10,61,-57000,38000,0.396,0.38777362182373043,-0.008226378176269589
2024-08-21_10,62,-38000,38000,0.3541,0.3482128736985779,-0.00588712630142213
2024-08-21_10,63,-19000,38000,0.3295,0.32260674807022094,-0.006893251929779076
2024-08-21_10,64,0,38000,0.3212,0.31504667503433226,-0.006153324965667728
2024-08-21_10,65,19000,38000,0.3335,0.3269049355845337,-0.006595064415466312
2024-08-21_10,66,38000,38000,0.3619,0.3554169078815308,-0.0064830921184692025
2024-08-21_10,67,57000,38000,0.4056,0.3991374780197754,-0.0064625219802246225
2024-08-21_10,68,76000,38000,0.2807,0.30750984588522345,0.02680984588522345
2024-08-21_10,69,-76000,57000,0.3107,0.33954047002792354,0.02884047002792356
2024-08-21_10,70,-57000,57000,0.208,0.2844291776948853,0.0764291776948853
2024-08-21_10,71,-38000,57000,0.3873,0.3813003933444824,-0.005999606655517575
2024-08-21_10,72,-19000,57000,0.3629,0.35670851726943975,-0.006191482730560249
2024-08-21_10,73,0,57000,0.3547,0.34827737751562504,-0.0064226224843749735
2024-08-21_10,74,19000,57000,0.3662,0.36051841768188475,-0.005681582318115275
2024-08-21_10,75,38000,57000,0.3931,0.38947069305966187,-0.0036293069403381395
2024-08-21_10,76,57000,57000,0.21,0.266288900383606,0.05628890038360598
2024-08-21_10,77,76000,57000,0.3037,0.3379651497840881,0.03426514978408807
2024-08-21_10,78,-57000,76000,0.3014,0.31029729881286616,0.008897298812866161
2024-08-21_10,79,-38000,76000,0.21,0.29181052212768555,0.08181052212768555
2024-08-21_10,80,-19000,76000,0.4109,0.4044212515601502,-0.006478748439849802
2024-08-21_10,81,0,76000,0.4018,0.39687467365264895,-0.0049253263473510445
2024-08-21_10,82,19000,76000,0.4144,0.4059005458409424,-0.008499454159057618
2024-08-21_10,83,38000,76000,0.21,0.2517838306365967,0.041783830636596714
2024-08-21_10,84,57000,76000,0.2957,0.3091122101783752,0.013412210178375183
2024-08-21_10,85,-19000,95000,0.2845,0.3039298815647583,0.019429881564758333
2024-08-21_10,86,0,95000,0.2859,0.3154020979881287,0.029502097988128695
2024-08-21_10,87,19000,95000,0.2821,0.3127184154378052,0.03061841543780519
2024-08-22_01,0,-19000,-95000,0.3089,0.3748033340931092,0.06590333409310917
2024-08-22_01,1,0,-95000,0.3271,0.3879382603645325,0.06083826036453249
2024-08-22_01,2,19000,-95000,0.3267,0.38684330096463015,0.060143300964630164
2024-08-22_01,3,-57000,-76000,0.3234,0.39912798728942867,0.07572798728942864
2024-08-22_01,4,-38000,-76000,0.2826,0.3520677749127197,0.06946777491271966
2024-08-22_01,5,-19000,-76000,0.21,0.3439316928843079,0.13393169288430792
2024-08-22_01,6,0,-76000,0.21,0.3104853829684753,0.10048538296847528
2024-08-22_01,7,19000,-76000,0.2662,0.3324674935720826,0.06626749357208261
2024-08-22_01,8,38000,-76000,0.2868,0.3452760049537964,0.0584760049537964
2024-08-22_01,9,57000,-76000,0.3206,0.397117018699646,0.076517018699646
2024-08-22_01,10,-76000,-57000,0.3126,0.3791543516159057,0.06655435161590573
2024-08-22_01,11,-57000,-57000,0.2089,0.3383095735292053,0.12940957352920532
2024-08-22_01,12,-38000,-57000,0.4057,0.42402800049481204,0.018328000494812036
2024-08-22_01,13,-19000,-57000,0.3805,0.3838309833818665,0.0033309833818664925
2024-08-22_01,14,0,-57000,0.3732,0.3746991975246582,0.0014991975246582134
2024-08-22_01,15,19000,-57000,0.3839,0.38542228359548947,0.0015222835954894487
2024-08-22_01,16,38000,-57000,0.4107,0.38960622142730716,-0.021093778572692845
2024-08-22_01,17,57000,-57000,0.2681,0.3595037378162842,0.09140373781628419
2024-08-22_01,18,76000,-57000,0.3159,0.3942151665687561,0.07831516656875609
2024-08-22_01,19,-76000,-38000,0.2718,0.34759563941006466,0.07579563941006467
2024-08-22_01,20,-57000,-38000,0.3972,0.4345555462344971,0.037355546234497106
2024-08-22_01,21,-38000,-38000,0.3554,0.35764443324609374,0.0022444332460937466
2024-08-22_01,22,-19000,-38000,0.3283,0.3332878915679627,0.004987891567962699
2024-08-22_01,23,0,-38000,0.3195,0.3218492945819702,0.002349294581970196
2024-08-22_01,24,19000,-38000,0.3321,0.3355543428137817,0.003454342813781708
2024-08-22_01,25,38000,-38000,0.3615,0.36439764499664307,0.0028976449966430784
2024-08-22_01,26,57000,-38000,0.406,0.42665481721801757,0.02065481721801754
2024-08-22_01,27,76000,-38000,0.2798,0.35263286195803834,0.07283286195803834
2024-08-22_01,28,-95000,-19000,0.2948,0.3602645629191894,0.0654645629191894
2024-08-22_01,29,-76000,-19000,0.2049,0.3258806318920898,0.12098063189208982
2024-08-22_01,30,-57000,-19000,0.3643,0.36797286104763793,0.003672861047637921
2024-08-22_01,31,-38000,-19000,0.3191,0.32306781028256226,0.003967810282562267
2024-08-22_01,32,-19000,-19000,0.2907,0.29282664333438113,0.0021266433343811175
2024-08-22_01,33,0,-19000,0.2808,0.2856175422296753,0.004817542229675287
2024-08-22_01,34,19000,-19000,0.2951,0.2996472458893128,0.004547245889312823
2024-08-22_01,35,38000,-19000,0.326,0.32966801102526855,0.003668011025268536
2024-08-22_01,36,57000,-19000,0.375,0.37660468193829344,0.0016046819382934396
2024-08-22_01,37,76000,-19000,0.2093,0.3134032002844238,0.1041032002844238
2024-08-22_01,38,95000,-19000,0.3028,0.37589276157357787,0.07309276157357786
2024-08-22_01,39,-95000,0,0.3,0.37873741235733027,0.07873741235733028
2024-08-22_01,40,-76000,0,0.4059,0.44172588095089727,0.03582588095089728
2024-08-22_01,41,-57000,0,0.347,0.35068402932803344,0.003684029328033467
2024-08-22_01,42,-38000,0,0.3023,0.30516680203836055,0.0028668020383605386
2024-08-22_01,43,-19000,0,0.2725,0.27421151055801396,0.00171151055801394
2024-08-22_01,44,19000,0,0.2775,0.27985762550534055,0.0023576255053405215
2024-08-22_01,45,38000,0,0.3109,0.3134993769796143,0.002599376979614265
2024-08-22_01,46,57000,0,0.36,0.36313282858514406,0.0031328285851440762
2024-08-22_01,47,76000,0,0.4213,0.2925900734410095,-0.1287099265589905
2024-08-22_01,48,95000,0,0.3046,0.36766983127594,0.06306983127594001
2024-08-22_01,49,-95000,19000,0.2854,0.345285100804657,0.05988510080465703
2024-08-22_01,50,-76000,19000,0.4059,0.4421281296323547,0.03622812963235472
2024-08-22_01,51,-57000,19000,0.3465,0.3503900520020752,0.003890052002075206
2024-08-22_01,52,-38000,19000,0.3024,0.30570079965365604,0.003300799653656039
2024-08-22_01,53,-19000,19000,0.275,0.27697542131460573,0.0019754213146057076
2024-08-22_01,54,0,19000,0.2663,0.26767047215271,0.0013704721527100228
2024-08-22_01,55,19000,19000,0.2796,0.2832809124136658,0.0036809124136658045
2024-08-22_01,56,38000,19000,0.3117,0.31347123238540653,0.0017712323854065515
2024-08-22_01,57,57000,19000,0.3607,0.3629744738045655,0.002274473804565469
2024-08-22_01,58,76000,19000,0.2053,0.30049251320144654,0.09519251320144653
2024-08-22_01,59,95000,19000,0.2946,0.35183404566778564,0.05723404566778567
2024-08-22_01,60,-76000,38000,0.2063,0.3014528956812744,0.09515289568127441
2024-08-22_01,61,-57000,38000,0.3637,0.3679435659479675,0.004243565947967487
2024-08-22_01,62,-38000,38000,0.3205,0.323641550407196,0.003141550407195992
2024-08-22_01,63,-19000,38000,0.2949,0.2983944751887817,0.0034944751887817094
2024-08-22_01,64,0,38000,0.2865,0.29068317931420895,0.0041831793142089735
2024-08-22_01,65,19000,38000,0.2997,0.3029452645732422,0.0032452645732422014
2024-08-22_01,66,38000,38000,0.3302,0.33390602797003166,0.0037060279700316667
2024-08-22_01,67,57000,38000,0.3776,0.3794494883007813,0.001849488300781299
2024-08-22_01,68,76000,38000,0.2104,0.30990425208862304,0.09950425208862304
2024-08-22_01,69,-76000,57000,0.2887,0.34567518224716187,0.05697518224716186
2024-08-22_01,70,-57000,57000,0.3992,0.43836239059100346,0.03916239059100346
2024-08-22_01,71,-38000,57000,0.3548,0.35733159119592284,0.002531591195922833
2024-08-22_01,72,-19000,57000,0.3294,0.33278562207827755,0.003385622078277528
2024-08-22_01,73,0,57000,0.3211,0.3253500665250244,0.00425006652502441
2024-08-22_01,74,19000,57000,0.3342,0.3379052255050964,0.003705225505096388
2024-08-22_01,75,38000,57000,0.3636,0.3662729240622864,0.002672924062286419
2024-08-22_01,76,57000,57000,0.4105,0.43289823630035396,0.02239823630035398
2024-08-22_01,77,76000,57000,0.2906,0.35343797235488883,0.0628379723548888
2024-08-22_01,78,-57000,76000,0.2812,0.3463087200164795,0.0651087200164795
2024-08-22_01,79,-38000,76000,0.4095,0.432947895772522,0.023447895772522043
2024-08-22_01,80,-19000,76000,0.3802,0.381597856809906,0.0013978568099060062
2024-08-22_01,81,0,76000,0.3712,0.374501702785492,0.0033017027854920222
2024-08-22_01,82,19000,76000,0.3842,0.38649862824703984,0.002298628247039858
2024-08-22_01,83,38000,76000,0.4143,0.3581638897380677,-0.056136110261932326
2024-08-22_01,84,57000,76000,0.2798,0.3436617377281188,0.06386173772811882
2024-08-22_01,85,-19000,95000,0.21,0.3227863420928345,0.11278634209283453
2024-08-22_01,86,0,95000,0.21,0.31539827346801763,0.10539827346801764
2024-08-22_01,87,19000,95000,0.2089,0.3112328727128296,0.10233287271282962
2024-08-22_02,0,-19000,-95000,0.3103,0.4479267418985595,0.1376267418985595
2024-08-22_02,1,0,-95000,0.3328,0.462594871520996,0.129794871520996
2024-08-22_02,2,19000,-95000,0.3243,0.4480528626741638,0.1237528626741638
2024-08-22_02,3,-57000,-76000,0.3271,0.4696943925857544,0.1425943925857544
2024-08-22_02,4,-38000,-76000,0.2859,0.4078551688782044,0.1219551688782044
2024-08-22_02,5,-19000,-76000,0.2617,0.4339022483824768,0.17220224838247683
2024-08-22_02,6,0,-76000,0.21,0.4172026261741333,0.2072026261741333
2024-08-22_02,7,19000,-76000,0.2695,0.42522606240151983,0.15572606240151982
2024-08-22_02,8,38000,-76000,0.2882,0.41642264809866325,0.12822264809866324
2024-08-22_02,9,57000,-76000,0.3215,0.46208731660842894,0.14058731660842894
2024-08-22_02,10,-76000,-57000,0.3164,0.4582749771118164,0.1418749771118164
2024-08-22_02,11,-57000,-57000,0.2643,0.41833440493490603,0.15403440493490606
2024-08-22_02,12,-38000,-57000,0.4097,0.4357098827679138,0.026009882767913772
2024-08-22_02,13,-19000,-57000,0.3847,0.38656516488342296,0.0018651648834229761
2024-08-22_02,14,0,-57000,0.3772,0.3775619451148682,0.0003619451148682007
2024-08-22_02,15,19000,-57000,0.3876,0.388246112334137,0.0006461123341369723
2024-08-22_02,16,38000,-57000,0.4136,0.4212167770474853,0.007616777047485257
2024-08-22_02,17,57000,-57000,0.2695,0.42116330373980704,0.15166330373980702
2024-08-22_02,18,76000,-57000,0.3159,0.4476354552268982,0.13173545522689817
2024-08-22_02,19,-76000,-38000,0.2756,0.39811210628189087,0.12251210628189085
2024-08-22_02,20,-57000,-38000,0.4016,0.41464317810852047,0.013043178108520459
2024-08-22_02,21,-38000,-38000,0.3604,0.3619532610632935,0.0015532610632935095
2024-08-22_02,22,-19000,-38000,0.3339,0.33644914311492924,0.0025491431149292643
2024-08-22_02,23,0,-38000,0.3247,0.32513107774761973,0.0004310777476197458
2024-08-22_02,24,19000,-38000,0.3389,0.33783829822686773,-0.001061701773132251
2024-08-22_02,25,38000,-38000,0.3659,0.3653471303939819,-0.0005528696060180804
2024-08-22_02,26,57000,-38000,0.4086,0.4228968899169312,0.014296889916931177
2024-08-22_02,27,76000,-38000,0.2803,0.4141657340982666,0.13386573409826663
2024-08-22_02,28,-95000,-19000,0.2967,0.428131313472107,0.13143131347210696
2024-08-22_02,29,-76000,-19000,0.2069,0.4164348364780579,0.2095348364780579
2024-08-22_02,30,-57000,-19000,0.3696,0.370823735229187,0.0012237352291870063
2024-08-22_02,31,-38000,-19000,0.325,0.3252874960081177,0.0002874960081176714
2024-08-22_02,32,-19000,-19000,0.297,0.29650761787728885,-0.0004923821227111325
2024-08-22_02,33,0,-19000,0.2868,0.28600086105957034,-0.0007991389404296556
2024-08-22_02,34,19000,-19000,0.3006,0.3001824185456543,-0.0004175814543456724
2024-08-22_02,35,38000,-19000,0.3308,0.32978260135452275,-0.00101739864547723
2024-08-22_02,36,57000,-19000,0.3781,0.3781630729003296,6.307290032958601e-05
2024-08-22_02,37,76000,-19000,0.21,0.40442325992694095,0.19442325992694096
2024-08-22_02,38,95000,-19000,0.3028,0.43219115387753293,0.12939115387753292
2024-08-22_02,39,-95000,0,0.3037,0.4350740536689758,0.13137405366897575
2024-08-22_02,40,-76000,0,0.4101,0.42965483417581174,0.01955483417581172
2024-08-22_02,41,-57000,0,0.3525,0.35209482052035523,-0.0004051794796447461
2024-08-22_02,42,-38000,0,0.3079,0.30780795071902467,-9.204928097533704e-05
2024-08-22_02,43,-19000,0,0.279,0.27715640952743525,-0.0018435904725647712
2024-08-22_02,44,19000,0,0.283,0.2815387477904663,-0.0014612522095336922
2024-08-22_02,45,38000,0,0.3156,0.3157534554221192,0.0001534554221191975
2024-08-22_02,46,57000,0,0.3632,0.3631770943056335,-2.290569436652623e-05
2024-08-22_02,47,76000,0,0.2053,0.40727606802130123,0.20197606802130122
2024-08-22_02,48,95000,0,0.3039,0.4182838208198547,0.11438382081985471
2024-08-22_02,49,-95000,19000,0.2873,0.39935278407476804,0.11205278407476804
2024-08-22_02,50,-76000,19000,0.4101,0.4426228457915039,0.032522845791503885
2024-08-22_02,51,-57000,19000,0.3518,0.3527103063656921,0.0009103063656921151
2024-08-22_02,52,-38000,19000,0.308,0.30858526016009524,0.0005852601600952467
2024-08-22_02,53,-19000,19000,0.2811,0.2793396169780884,-0.0017603830219116157
2024-08-22_02,54,0,19000,0.2724,0.2702567459198303,-0.0021432540801696875
2024-08-22_02,55,19000,19000,0.2851,0.284959027723938,-0.00014097227606202356
2024-08-22_02,56,38000,19000,0.3161,0.3163892672149353,0.00028926721493532925
2024-08-22_02,57,57000,19000,0.3638,0.36362155347604364,-0.00017844652395637706
2024-08-22_02,58,76000,19000,0.2062,0.3834041713271179,0.1772041713271179
2024-08-22_02,59,95000,19000,0.2939,0.40208849496060184,0.10818849496060184
2024-08-22_02,60,-76000,38000,0.208,0.3973245376933594,0.1893245376933594
2024-08-22_02,61,-57000,38000,0.368,0.3696600945132752,0.001660094513275201
2024-08-22_02,62,-38000,38000,0.3257,0.32572609615914916,2.6096159149169296e-05
2024-08-22_02,63,-19000,38000,0.3003,0.3003087774142761,8.777414276073259e-06
2024-08-22_02,64,0,38000,0.2921,0.2934348039542236,0.0013348039542235846
2024-08-22_02,65,19000,38000,0.3046,0.3044172492767945,-0.00018275072320550478
2024-08-22_02,66,38000,38000,0.3342,0.33450716813333137,0.0003071681333313703
2024-08-22_02,67,57000,38000,0.3799,0.3802290460639344,0.0003290460639343573
2024-08-22_02,68,76000,38000,0.2109,0.42683879149057,0.21593879149057002
2024-08-22_02,69,-76000,57000,0.2922,0.38896109838485715,0.09676109838485714
2024-08-22_02,70,-57000,57000,0.403,0.4205808491767883,0.01758084917678826
2024-08-22_02,71,-38000,57000,0.3587,0.359024695430603,0.00032469543060298367
2024-08-22_02,72,-19000,57000,0.3339,0.33407278727239986,0.000172787272399888
2024-08-22_02,73,0,57000,0.3258,0.3266555064988709,0.0008555064988708949
2024-08-22_02,74,19000,57000,0.3379,0.3395087340495301,0.0016087340495301028
2024-08-22_02,75,38000,57000,0.3661,0.3681178087352295,0.0020178087352294982
2024-08-22_02,76,57000,57000,0.4119,0.42504240990927133,0.013142409909271346
2024-08-22_02,77,76000,57000,0.2906,0.4089438343048095,0.11834383430480949
2024-08-22_02,78,-57000,76000,0.2821,0.4035268046379089,0.12142680463790889
2024-08-22_02,79,-38000,76000,0.41,0.43101729409338374,0.021017294093383765
2024-08-22_02,80,-19000,76000,0.3825,0.38410159635549923,0.001601596355499224
2024-08-22_02,81,0,76000,0.3737,0.37657536497116084,0.0028753649711608653
2024-08-22_02,82,19000,76000,0.386,0.38799434245080566,0.001994342450805653
2024-08-22_02,83,38000,76000,0.4154,0.4441715439447631,0.02877154394476311
2024-08-22_02,84,57000,76000,0.2803,0.39728528499603266,0.11698528499603267
2024-08-22_02,85,-19000,95000,0.209,0.4252401722513428,0.21624017225134282
2024-08-22_02,86,0,95000,0.21,0.41674883594512935,0.20674883594512936
2024-08-22_02,87,19000,95000,0.209,0.4228554018825683,0.21385540188256832
2024-08-22_03,0,-19000,-95000,0.3173,0.4271969738940735,0.10989697389407349
2024-08-22_03,1,0,-95000,0.3332,0.46483794298172,0.13163794298172
2024-08-22_03,2,19000,-95000,0.3253,0.42992732711343384,0.10462732711343387
2024-08-22_03,3,-57000,-76000,0.33,0.472110779094696,0.142110779094696
2024-08-22_03,4,-38000,-76000,0.2859,0.383381005753479,0.09748100575347901
2024-08-22_03,5,-19000,-76000,0.2617,0.3742034485445862,0.11250344854458622
2024-08-22_03,6,0,-76000,0.209,0.35679976671322633,0.14779976671322634
2024-08-22_03,7,19000,-76000,0.269,0.37139820581549077,0.10239820581549075
2024-08-22_03,8,38000,-76000,0.2882,0.3880767619624328,0.09987676196243278
2024-08-22_03,9,57000,-76000,0.3215,0.4424208304405213,0.12092083044052127
2024-08-22_03,10,-76000,-57000,0.3178,0.42634859781265255,0.10854859781265253
2024-08-22_03,11,-57000,-57000,0.2653,0.3858502787199096,0.12055027871990964
2024-08-22_03,12,-38000,-57000,0.4098,0.35845611669635014,-0.05134388330364986
2024-08-22_03,13,-19000,-57000,0.3848,0.3951955470388183,0.010395547038818342
2024-08-22_03,14,0,-57000,0.3771,0.3922178559458007,0.015117855945800729
2024-08-22_03,15,19000,-57000,0.3874,0.4032875744542237,0.015887574454223674
2024-08-22_03,16,38000,-57000,0.4136,0.34861841009008787,-0.06498158990991215
2024-08-22_03,17,57000,-57000,0.27,0.3716771912809448,0.10167719128094477
2024-08-22_03,18,76000,-57000,0.3164,0.4251391193389893,0.10873911933898928
2024-08-22_03,19,-76000,-38000,0.2765,0.38479743976397707,0.10829743976397704
2024-08-22_03,20,-57000,-38000,0.4019,0.383431608096405,-0.018468391903595005
2024-08-22_03,21,-38000,-38000,0.3604,0.37763018540307614,0.017230185403076137
2024-08-22_03,22,-19000,-38000,0.3337,0.35244654432608036,0.01874654432608036
2024-08-22_03,23,0,-38000,0.3245,0.33958127731195065,0.015081277311950636
2024-08-22_03,24,19000,-38000,0.3367,0.3513204939488831,0.014620493948883095
2024-08-22_03,25,38000,-38000,0.3656,0.3815582892417908,0.015958289241790824
2024-08-22_03,26,57000,-38000,0.4087,0.3752145469398499,-0.033485453060150105
2024-08-22_03,27,76000,-38000,0.2803,0.4010149901906739,0.12071499019067389
2024-08-22_03,28,-95000,-19000,0.2997,0.4160003738435669,0.1163003738435669
2024-08-22_03,29,-76000,-19000,0.2069,0.3325474627698669,0.1256474627698669
2024-08-22_03,30,-57000,-19000,0.3697,0.3869742467947693,0.017274246794769355
2024-08-22_03,31,-38000,-19000,0.325,0.3408305134733276,0.01583051347332759
2024-08-22_03,32,-19000,-19000,0.2968,0.3125108448757019,0.0157108448757019
2024-08-22_03,33,0,-19000,0.2867,0.3031326917634277,0.01643269176342771
2024-08-22_03,34,19000,-19000,0.3004,0.3159464793497314,0.015546479349731412
2024-08-22_03,35,38000,-19000,0.3306,0.3476751703956604,0.01707517039566042
2024-08-22_03,36,57000,-19000,0.3784,0.3916093070267639,0.013209307026763872
2024-08-22_03,37,76000,-19000,0.21,0.3473928937360534,0.13739289373605343
2024-08-22_03,38,95000,-19000,0.3037,0.4252157794089966,0.12151577940899655
2024-08-22_03,39,-95000,0,0.3046,0.4242622977256775,0.11966229772567749
2024-08-22_03,40,-76000,0,0.4112,0.37542728805810544,-0.035772711941894575
2024-08-22_03,41,-57000,0,0.3527,0.3690887159247742,0.0163887159247742
2024-08-22_03,42,-38000,0,0.3083,0.3231328088642883,0.014832808864288283
2024-08-22_03,43,-19000,0,0.279,0.29674071631900023,0.017740716319000205
2024-08-22_03,44,19000,0,0.283,0.29886834766253667,0.015868347662536697
2024-08-22_03,45,38000,0,0.3158,0.3329598072576294,0.01715980725762939
2024-08-22_03,46,57000,0,0.3635,0.37763171118533323,0.01413171118533324
2024-08-22_03,47,76000,0,0.2053,0.32658707726202396,0.12128707726202395
2024-08-22_03,48,95000,0,0.3056,0.4010219844818115,0.0954219844818115
2024-08-22_03,49,-95000,19000,0.2878,0.38654907170037844,0.09874907170037844
2024-08-22_03,50,-76000,19000,0.411,0.35172721663052364,-0.059272783369476334
2024-08-22_03,51,-57000,19000,0.3523,0.36952708833569337,0.017227088335693364
2024-08-22_03,52,-38000,19000,0.3084,0.3274326908111572,0.019032690811157216
2024-08-22_03,53,-19000,19000,0.2812,0.29970054308865357,0.018500543088653565
2024-08-22_03,54,0,19000,0.2728,0.2886839986538696,0.015883998653869635
2024-08-22_03,55,19000,19000,0.2853,0.30198196476638794,0.016681964766387947
2024-08-22_03,56,38000,19000,0.3164,0.3319028413426208,0.01550284134262081
2024-08-22_03,57,57000,19000,0.3642,0.3772777769402771,0.013077776940277064
2024-08-22_03,58,76000,19000,0.2062,0.34936856147357176,0.14316856147357176
2024-08-22_03,59,95000,19000,0.2953,0.3957805725061341,0.10048057250613407
2024-08-22_03,60,-76000,38000,0.2081,0.3791271554286194,0.1710271554286194
2024-08-22_03,61,-57000,38000,0.369,0.38398786502532956,0.014987865025329561
2024-08-22_03,62,-38000,38000,0.3262,0.3470324515024109,0.02083245150241092
2024-08-22_03,63,-19000,38000,0.3009,0.32100037217608646,0.020100372176086456
2024-08-22_03,64,0,38000,0.2927,0.3109330797912597,0.01823307979125971
2024-08-22_03,65,19000,38000,0.3053,0.3245789069106445,0.01927890691064449
2024-08-22_03,66,38000,38000,0.3346,0.34904309407543943,0.014443094075439422
2024-08-22_03,67,57000,38000,0.3806,0.39835517555776967,0.017755175557769676
2024-08-22_03,68,76000,38000,0.2109,0.3750264769811402,0.16412647698114022
2024-08-22_03,69,-76000,57000,0.2946,0.39864755487442016,0.10404755487442019
2024-08-22_03,70,-57000,57000,0.4041,0.38588428579049683,-0.018215714209503187
2024-08-22_03,71,-38000,57000,0.3597,0.3762715430705261,0.016571543070526107
2024-08-22_03,72,-19000,57000,0.3346,0.3517445452504272,0.01714454525042719
2024-08-22_03,73,0,57000,0.3266,0.34638462584753416,0.019784625847534154
2024-08-22_03,74,19000,57000,0.3387,0.35443554750216677,0.01573554750216677
2024-08-22_03,75,38000,57000,0.3673,0.38473528406900026,0.017435284069000245
2024-08-22_03,76,57000,57000,0.4132,0.36428648185668955,-0.048913518143310464
2024-08-22_03,77,76000,57000,0.292,0.40894556655883796,0.11694556655883798
2024-08-22_03,78,-57000,76000,0.284,0.38499946212768554,0.10099946212768557
2024-08-22_03,79,-38000,76000,0.4109,0.3828393665500488,-0.02806063344995119
2024-08-22_03,80,-19000,76000,0.3839,0.3981832375784302,0.014283237578430197
2024-08-22_03,81,0,76000,0.3752,0.3939129588127136,0.01871295881271362
2024-08-22_03,82,19000,76000,0.3874,0.4057997825078735,0.018399782507873497
2024-08-22_03,83,38000,76000,0.4166,0.3545236689595337,-0.06207633104046634
2024-08-22_03,84,57000,76000,0.2831,0.3901325525283814,0.1070325525283814
2024-08-22_03,85,-19000,95000,0.2612,0.39418304065826415,0.13298304065826416
2024-08-22_03,86,0,95000,0.2653,0.408928024482727,0.14362802448272705
2024-08-22_03,87,19000,95000,0.2092,0.3998720730111084,0.1906720730111084
2024-08-22_04,0,-19000,-95000,0.5281,0.3087778731254578,-0.21932212687454222
2024-08-22_04,1,0,-95000,0.5531,0.3485363782882691,-0.20456362171173093
2024-08-22_04,2,19000,-95000,0.5407,0.3403601668797607,-0.20033983312023929
2024-08-22_04,3,-57000,-76000,0.5451,0.34197222270965577,-0.20312777729034426
2024-08-22_04,4,-38000,-76000,0.4847,0.30418678806604005,-0.18051321193395997
2024-08-22_04,5,-19000,-76000,0.461,0.25155655322839354,-0.20944344677160648
2024-08-22_04,6,0,-76000,0.1923,0.20935928646008306,0.017059286460083062
2024-08-22_04,7,19000,-76000,0.4578,0.27026700852005003,-0.18753299147994995
2024-08-22_04,8,38000,-76000,0.4843,0.2990921413947144,-0.1852078586052856
2024-08-22_04,9,57000,-76000,0.541,0.3431720801353455,-0.19782791986465453
2024-08-22_04,10,-76000,-57000,0.5389,0.327040841960907,-0.21185915803909305
2024-08-22_04,11,-57000,-57000,0.46,0.2674497521453857,-0.19255024785461433
2024-08-22_04,12,-38000,-57000,0.418,0.3704484763554382,-0.04755152364456178
2024-08-22_04,13,-19000,-57000,0.3894,0.3877775818460999,-0.0016224181539001292
2024-08-22_04,14,0,-57000,0.37366497,0.3803350852024231,0.00667011520242311
2024-08-22_04,15,19000,-57000,0.3913,0.3898112069649353,-0.0014887930350646617
2024-08-22_04,16,38000,-57000,0.4176,0.3486053466147766,-0.06899465338522343
2024-08-22_04,17,57000,-57000,0.4617,0.2739837906119995,-0.1877162093880005
2024-08-22_04,18,76000,-57000,0.5352,0.32350314340591435,-0.21169685659408566
2024-08-22_04,19,-76000,-38000,0.4711,0.28158612208016964,-0.18951387791983038
2024-08-22_04,20,-57000,-38000,0.4073,0.37522343200030517,-0.03207656799969483
2024-08-22_04,21,-38000,-38000,0.3653,0.3634834880939941,-0.001816511906005902
2024-08-22_04,22,-19000,-38000,0.362872085,0.33666069939535526,-0.026211385604644755
2024-08-22_04,23,0,-38000,0.3177,0.3271031376230469,0.009403137623046898
2024-08-22_04,24,19000,-38000,0.3425,0.34045394640615845,-0.002046053593841579
2024-08-22_04,25,38000,-38000,0.3705,0.367998666381836,-0.0025013336181640144
2024-08-22_04,26,57000,-38000,0.4137,0.35003979973333743,-0.06366020026666258
2024-08-22_04,27,76000,-38000,0.4761,0.2871712274878845,-0.18892877251211554
2024-08-22_04,28,-95000,-19000,0.5078,0.3099739049033814,-0.19782609509661864
2024-08-22_04,29,-76000,-19000,0.4347,0.22293176824926753,-0.21176823175073245
2024-08-22_04,30,-57000,-19000,0.375,0.3734670014226379,-0.0015329985773621102
2024-08-22_04,31,-38000,-19000,0.3286,0.3289736971744385,0.00037369717443846984
2024-08-22_04,32,-19000,-19000,0.3,0.30187954403533934,0.0018795440353393533
2024-08-22_04,33,0,-19000,0.2922,0.29119955931668096,-0.0010004406833190593
2024-08-22_04,34,19000,-19000,0.3066,0.3056147796395263,-0.0009852203604736598
2024-08-22_04,35,38000,-19000,0.3358,0.3356712521495361,-0.00012874785046390613
2024-08-22_04,36,57000,-19000,0.3818,0.38389731104162594,0.002097311041625971
2024-08-22_04,37,76000,-19000,0.4514,0.23279354646154782,-0.2186064535384522
2024-08-22_04,38,95000,-19000,0.5154,0.31634049121871943,-0.19905950878128054
2024-08-22_04,39,-95000,0,0.5228,0.3233979530334473,-0.19940204696655273
2024-08-22_04,40,-76000,0,0.4169,0.35061934537869266,-0.06628065462130733
2024-08-22_04,41,-57000,0,0.3589,0.3584402420321655,-0.0004597579678344843
2024-08-22_04,42,-38000,0,0.312,0.31373701811236576,0.0017370181123657624
2024-08-22_04,43,-19000,0,0.2718,0.28201194708395383,0.010211947083953843
2024-08-22_04,44,19000,0,0.2877,0.2870137162589417,-0.0006862837410583356
2024-08-22_04,45,38000,0,0.3216,0.31813200903576655,-0.003467990964233447
2024-08-22_04,46,57000,0,0.3667,0.366353498842102,-0.00034650115789802705
2024-08-22_04,47,76000,0,0.1913,0.23388436885314945,0.04258436885314945
2024-08-22_04,48,95000,0,0.1974,0.31948447294235227,0.12208447294235228
2024-08-22_04,49,-95000,19000,0.2803,0.29741360560501096,0.017113605605010962
2024-08-22_04,50,-76000,19000,0.4167,0.3379994655213928,-0.0787005344786072
2024-08-22_04,51,-57000,19000,0.3585,0.35742518185031125,-0.0010748181496887388
2024-08-22_04,52,-38000,19000,0.3132,0.31311756908734134,-8.243091265863756e-05
2024-08-22_04,53,-19000,19000,0.2852,0.28604023271365353,0.0008402327136535215
2024-08-22_04,54,0,19000,0.2777,0.2769771245370789,-0.000722875462921102
2024-08-22_04,55,19000,19000,0.2911,0.28770831371853633,-0.0033916862814636906
2024-08-22_04,56,38000,19000,0.3208,0.31970094563790896,-0.001099054362091012
2024-08-22_04,57,57000,19000,0.3667,0.3670633780530701,0.00036337805307007365
2024-08-22_04,58,76000,19000,0.1916,0.2213176099350891,0.029717609935089095
2024-08-22_04,59,95000,19000,0.1967,0.30144126830203244,0.10474126830203243
2024-08-22_04,60,-76000,38000,0.2687,0.2317493995028076,-0.0369506004971924
2024-08-22_04,61,-57000,38000,0.3745,0.37312225547863764,-0.0013777445213623563
2024-08-22_04,62,-38000,38000,0.3239,0.3305895165690308,0.006689516569030773
2024-08-22_04,63,-19000,38000,0.3018,0.3066121158495484,0.004812115849548382
2024-08-22_04,64,0,38000,0.2989,0.29750649418417363,-0.001393505815826368
2024-08-22_04,65,19000,38000,0.3115,0.3097522602297974,-0.0017477397702025943
2024-08-22_04,66,38000,38000,0.3351,0.3389077148360291,0.003807714836029097
2024-08-22_04,67,57000,38000,0.3846,0.38389979330966195,-0.0007002066903380455
2024-08-22_04,68,76000,38000,0.4586,0.23042467282995616,-0.22817532717004385
2024-08-22_04,69,-76000,57000,0.2959,0.30761088123321534,0.011710881233215342
2024-08-22_04,70,-57000,57000,0.4095,0.3652846633930664,-0.04421533660693355
2024-08-22_04,71,-38000,57000,0.365,0.3667838489298706,0.0017838489298706017
2024-08-22_04,72,-19000,57000,0.3406,0.33881887774026487,-0.0017811222597351462
2024-08-22_04,73,0,57000,0.352048353,0.33402886047482305,-0.018019492525176928
2024-08-22_04,74,19000,57000,0.345,0.34403871476776127,-0.0009612852322387067
2024-08-22_04,75,38000,57000,0.3723,0.37221000551760863,-8.999448239138674e-05
2024-08-22_04,76,57000,57000,0.4203,0.35460108797760004,-0.06569891202239997
2024-08-22_04,77,76000,57000,0.5,0.30445389213562013,-0.19554610786437987
2024-08-22_04,78,-57000,76000,0.4849,0.2872564314842224,-0.19764356851577758
2024-08-22_04,79,-38000,76000,0.419,0.34732266974438475,-0.07167733025561523
2024-08-22_04,80,-19000,76000,0.379183853,0.3888635811495972,0.009679728149597167
2024-08-22_04,81,0,76000,0.3805,0.37790378046035766,-0.0025962195396423415
2024-08-22_04,82,19000,76000,0.3922,0.3900645345526733,-0.0021354654473266788
2024-08-22_04,83,38000,76000,0.4222,0.3345265672407838,-0.08767343275921624
2024-08-22_04,84,57000,76000,0.4804,0.28628431024551393,-0.19411568975448606
2024-08-22_04,85,-19000,95000,0.4577,0.25698932351629644,-0.20071067648370355
2024-08-22_04,86,0,95000,0.394867372,0.24843909454345703,-0.14642827745654297
2024-08-22_04,87,19000,95000,0.4519,0.22981234721984867,-0.22208765278015136
