experiment_key,location_index,x,y,actual,predicted,error
2024-07-02_01,0,-19000,-95000,0.5259,0.5069757699966431,-0.018924230003356968
2024-07-02_01,1,0,-95000,0.5408,0.5113154053688049,-0.029484594631195016
2024-07-02_01,2,19000,-95000,0.524,0.49959903955459595,-0.024400960445404074
2024-07-02_01,3,-57000,-76000,0.542,0.5304453372955322,-0.01155466270446781
2024-07-02_01,4,-38000,-76000,0.4795,0.4715586006641388,-0.007941399335861188
2024-07-02_01,5,-19000,-76000,0.4536,0.43309277296066284,-0.02050722703933716
2024-07-02_01,6,0,-76000,0.4458,0.41131311655044556,-0.03448688344955442
2024-07-02_01,7,19000,-76000,0.4553,0.43643030524253845,-0.01886969475746153
2024-07-02_01,8,38000,-76000,0.482,0.4644377827644348,-0.01756221723556517
2024-07-02_01,9,57000,-76000,0.538,0.5107089281082153,-0.0272910718917847
2024-07-02_01,10,-76000,-57000,0.5325,0.5182418823242188,-0.014258117675781223
2024-07-02_01,11,-57000,-57000,0.4568,0.4462048411369324,-0.01059515886306761
2024-07-02_01,12,-38000,-57000,0.4136,0.42816096544265747,0.014560965442657448
2024-07-02_01,13,-19000,-57000,0.3865,0.3872623145580292,0.0007623145580291646
2024-07-02_01,14,0,-57000,0.3786,0.3779602646827698,-0.0006397353172302167
2024-07-02_01,15,19000,-57000,0.389,0.3895398676395416,0.0005398676395416135
2024-07-02_01,16,38000,-57000,0.417,0.3935883641242981,-0.023411635875701886
2024-07-02_01,17,57000,-57000,0.4604,0.45569363236427307,-0.004706367635726905
2024-07-02_01,18,76000,-57000,0.531,0.5003529191017151,-0.03064708089828494
2024-07-02_01,19,-76000,-38000,0.4665,0.45152902603149414,-0.014970973968505885
2024-07-02_01,20,-57000,-38000,0.4064,0.4008847773075104,-0.0055152226924896075
2024-07-02_01,21,-38000,-38000,0.3627,0.36442679166793823,0.00172679166793821
2024-07-02_01,22,-19000,-38000,0.3353,0.33844509720802307,0.0031450972080230843
2024-07-02_01,23,0,-38000,0.3258,0.3268461227416992,0.0010461227416992402
2024-07-02_01,24,19000,-38000,0.3383,0.3396078944206238,0.0013078944206237897
2024-07-02_01,25,38000,-38000,0.3659,0.3675537407398224,0.0016537407398223847
2024-07-02_01,26,57000,-38000,0.4105,0.4190121293067932,0.008512129306793237
2024-07-02_01,27,76000,-38000,0.4721,0.458748459815979,-0.013351540184021016
2024-07-02_01,28,-95000,-19000,0.5015,0.48916274309158325,-0.012337256908416694
2024-07-02_01,29,-76000,-19000,0.4328,0.4196305572986603,-0.01316944270133974
2024-07-02_01,30,-57000,-19000,0.3717,0.3729912042617798,0.0012912042617798103
2024-07-02_01,31,-38000,-19000,0.3266,0.32850465178489685,0.0019046517848968492
2024-07-02_01,32,-19000,-19000,0.2973,0.2995889186859131,0.0022889186859130772
2024-07-02_01,33,0,-19000,0.2863,0.2888653874397278,0.0025653874397277843
2024-07-02_01,34,19000,-19000,0.2997,0.30279240012168884,0.003092400121688821
2024-07-02_01,35,38000,-19000,0.3319,0.332825243473053,0.0009252434730530057
2024-07-02_01,36,57000,-19000,0.378,0.37963953614234924,0.0016395361423492405
2024-07-02_01,37,76000,-19000,0.4402,0.42870038747787476,-0.011499612522125224
2024-07-02_01,38,95000,-19000,0.5003,0.48630794882774353,-0.013992051172256437
2024-07-02_01,39,-95000,0,0.5033,0.4913978576660156,-0.011902142333984345
2024-07-02_01,40,-76000,0,0.4147,0.41656628251075745,0.0018662825107574332
2024-07-02_01,41,-57000,0,0.3553,0.3573705852031708,0.0020705852031707717
2024-07-02_01,42,-38000,0,0.3093,0.31126800179481506,0.001968001794815044
2024-07-02_01,43,-19000,0,0.2778,0.2808074951171875,0.0030074951171875086
2024-07-02_01,44,19000,0,0.2811,0.28390902280807495,0.0028090228080749347
2024-07-02_01,45,38000,0,0.3148,0.3168003559112549,0.0020003559112548586
2024-07-02_01,46,57000,0,0.3623,0.36402639746665955,0.001726397466659535
2024-07-02_01,47,76000,0,0.4243,0.3972363770008087,-0.027063622999191295
2024-07-02_01,48,95000,0,0.5044,0.47345954179763794,-0.03094045820236202
2024-07-02_01,49,-95000,19000,0.4836,0.45356762409210205,-0.030032375907897924
2024-07-02_01,50,-76000,19000,0.414,0.4182734787464142,0.0042734787464142054
2024-07-02_01,51,-57000,19000,0.3546,0.3565598428249359,0.001959842824935887
2024-07-02_01,52,-38000,19000,0.3096,0.3114318251609802,0.0018318251609802383
2024-07-02_01,53,-19000,19000,0.2796,0.2843122184276581,0.004712218427658066
2024-07-02_01,54,0,19000,0.2696,0.2740589678287506,0.004458967828750604
2024-07-02_01,55,19000,19000,0.283,0.2865733802318573,0.003573380231857326
2024-07-02_01,56,38000,19000,0.3145,0.3172949254512787,0.0027949254512786847
2024-07-02_01,57,57000,19000,0.3621,0.36477333307266235,0.002673333072662376
2024-07-02_01,58,76000,19000,0.425,0.3983435034751892,-0.02665649652481078
2024-07-02_01,59,95000,19000,0.4866,0.4609295725822449,-0.025670427417755104
2024-07-02_01,60,-76000,38000,0.4336,0.4132797122001648,-0.02032028779983519
2024-07-02_01,61,-57000,38000,0.3703,0.37386152148246765,0.0035615214824676333
2024-07-02_01,62,-38000,38000,0.328,0.32971686124801636,0.0017168612480163437
2024-07-02_01,63,-19000,38000,0.301,0.3053628206253052,0.004362820625305186
2024-07-02_01,64,0,38000,0.2912,0.29448115825653076,0.0032811582565307473
2024-07-02_01,65,19000,38000,0.303,0.30754587054252625,0.0045458705425262536
2024-07-02_01,66,38000,38000,0.3332,0.33633604645729065,0.0031360464572906532
2024-07-02_01,67,57000,38000,0.3775,0.3809410035610199,0.0034410035610198952
2024-07-02_01,68,76000,38000,0.4435,0.43140658736228943,-0.012093412637710577
2024-07-02_01,69,-76000,57000,0.4754,0.4600800573825836,-0.015319942617416371
2024-07-02_01,70,-57000,57000,0.4047,0.419053316116333,0.014353316116333004
2024-07-02_01,71,-38000,57000,0.3606,0.36412104964256287,0.00352104964256289
2024-07-02_01,72,-19000,57000,0.3356,0.33952826261520386,0.003928262615203848
2024-07-02_01,73,0,57000,0.3268,0.32994601130485535,0.0031460113048553673
2024-07-02_01,74,19000,57000,0.3378,0.34113383293151855,0.0033338329315185655
2024-07-02_01,75,38000,57000,0.3641,0.3692774772644043,0.005177477264404318
2024-07-02_01,76,57000,57000,0.4106,0.42728692293167114,0.016686922931671122
2024-07-02_01,77,76000,57000,0.4771,0.4664739966392517,-0.010626003360748315
2024-07-02_01,78,-57000,76000,0.4607,0.4525695741176605,-0.008130425882339476
2024-07-02_01,79,-38000,76000,0.412,0.41262733936309814,0.0006273393630981672
2024-07-02_01,80,-19000,76000,0.3845,0.3880994915962219,0.0035994915962219154
2024-07-02_01,81,0,76000,0.3756,0.37909719347953796,0.0034971934795379744
2024-07-02_01,82,19000,76000,0.3856,0.3898533880710602,0.004253388071060182
2024-07-02_01,83,38000,76000,0.4151,0.40118640661239624,-0.013913593387603784
2024-07-02_01,84,57000,76000,0.4607,0.4387153387069702,-0.021984661293029784
2024-07-02_01,85,-19000,95000,0.4486,0.43411412835121155,-0.014485871648788451
2024-07-02_01,86,0,95000,0.445,0.43131834268569946,-0.013681657314300544
2024-07-02_01,87,19000,95000,0.4465,0.42747390270233154,-0.019026097297668465
2024-07-02_02,0,-19000,-95000,0.522,0.5196633338928223,-0.002336666107177754
2024-07-02_02,1,0,-95000,0.5335,0.5390118360519409,0.005511836051940944
2024-07-02_02,2,19000,-95000,0.5181,0.5213183164596558,0.0032183164596557567
2024-07-02_02,3,-57000,-76000,0.5421,0.542137861251831,3.78612518310284e-05
2024-07-02_02,4,-38000,-76000,0.4787,0.4809861183166504,0.0022861183166503762
2024-07-02_02,5,-19000,-76000,0.4523,0.455181747674942,0.0028817476749420368
2024-07-02_02,6,0,-76000,0.444,0.43605563044548035,-0.007944369554519659
2024-07-02_02,7,19000,-76000,0.4517,0.45335879921913147,0.0016587992191314793
2024-07-02_02,8,38000,-76000,0.4763,0.47529199719429016,-0.00100800280570984
2024-07-02_02,9,57000,-76000,0.525,0.532428503036499,0.007428503036499001
2024-07-02_02,10,-76000,-57000,0.5411,0.5386579632759094,-0.0024420367240906016
2024-07-02_02,11,-57000,-57000,0.4586,0.459834486246109,0.0012344862461090012
2024-07-02_02,12,-38000,-57000,0.4151,0.40288209915161133,-0.012217900848388696
2024-07-02_02,13,-19000,-57000,0.3879,0.39122962951660156,0.00332962951660154
2024-07-02_02,14,0,-57000,0.3792,0.3843297064304352,0.005129706430435199
2024-07-02_02,15,19000,-57000,0.3878,0.3921133279800415,0.004313327980041526
2024-07-02_02,16,38000,-57000,0.4136,0.3960353136062622,-0.017564686393737816
2024-07-02_02,17,57000,-57000,0.4537,0.46217748522758484,0.008477485227584847
2024-07-02_02,18,76000,-57000,0.5161,0.5289043188095093,0.012804318809509274
2024-07-02_02,19,-76000,-38000,0.4728,0.4691602885723114,-0.0036397114276885967
2024-07-02_02,20,-57000,-38000,0.4106,0.41679778695106506,0.006197786951065043
2024-07-02_02,21,-38000,-38000,0.3663,0.36871951818466187,0.0024195181846618508
2024-07-02_02,22,-19000,-38000,0.3392,0.3419240117073059,0.0027240117073059067
2024-07-02_02,23,0,-38000,0.3296,0.33159369230270386,0.0019936923027038533
2024-07-02_02,24,19000,-38000,0.3391,0.3441122770309448,0.005012277030944812
2024-07-02_02,25,38000,-38000,0.3643,0.37104880809783936,0.006748808097839343
2024-07-02_02,26,57000,-38000,0.4073,0.4108176529407501,0.0035176529407501267
2024-07-02_02,27,76000,-38000,0.4643,0.472214937210083,0.007914937210083017
2024-07-02_02,28,-95000,-19000,0.506,0.5027300119400024,-0.003269988059997564
2024-07-02_02,29,-76000,-19000,0.4385,0.4186696410179138,-0.019830358982086183
2024-07-02_02,30,-57000,-19000,0.3767,0.3787166476249695,0.002016647624969503
2024-07-02_02,31,-38000,-19000,0.3332,0.33364444971084595,0.0004444497108459511
2024-07-02_02,32,-19000,-19000,0.3028,0.3047368824481964,0.0019368824481963975
2024-07-02_02,33,0,-19000,0.2908,0.29446035623550415,0.0036603562355041475
2024-07-02_02,34,19000,-19000,0.302,0.3072982132434845,0.005298213243484506
2024-07-02_02,35,38000,-19000,0.3328,0.33752158284187317,0.004721582841873184
2024-07-02_02,36,57000,-19000,0.3755,0.38334712386131287,0.007847123861312866
2024-07-02_02,37,76000,-19000,0.4343,0.4363687336444855,0.0020687336444854543
2024-07-02_02,38,95000,-19000,0.491,0.4999035596847534,0.008903559684753426
2024-07-02_02,39,-95000,0,0.5155,0.5116530060768127,-0.003846993923187214
2024-07-02_02,40,-76000,0,0.4226,0.4075469970703125,-0.015053002929687476
2024-07-02_02,41,-57000,0,0.3617,0.36198851466178894,0.00028851466178891894
2024-07-02_02,42,-38000,0,0.3156,0.3170444965362549,0.0014444965362548912
2024-07-02_02,43,-19000,0,0.2834,0.28600189089775085,0.0026018908977508692
2024-07-02_02,44,19000,0,0.2838,0.2893082797527313,0.0055082797527313265
2024-07-02_02,45,38000,0,0.3156,0.32221344113349915,0.006613441133499154
2024-07-02_02,46,57000,0,0.3601,0.3683772683143616,0.008277268314361597
2024-07-02_02,47,76000,0,0.4185,0.39707571268081665,-0.021424287319183333
2024-07-02_02,48,95000,0,0.4904,0.49862611293792725,0.008226112937927244
2024-07-02_02,49,-95000,19000,0.4916,0.47881990671157837,-0.012780093288421612
2024-07-02_02,50,-76000,19000,0.4225,0.4054461121559143,-0.01705388784408568
2024-07-02_02,51,-57000,19000,0.3612,0.36219874024391174,0.0009987402439117221
2024-07-02_02,52,-38000,19000,0.3163,0.3175889849662781,0.0012889849662780506
2024-07-02_02,53,-19000,19000,0.2853,0.2886824607849121,0.0033824607849121113
2024-07-02_02,54,0,19000,0.2744,0.27895021438598633,0.004550214385986351
2024-07-02_02,55,19000,19000,0.2862,0.2914152145385742,0.005215214538574209
2024-07-02_02,56,38000,19000,0.3152,0.32209575176239014,0.0068957517623901565
2024-07-02_02,57,57000,19000,0.3596,0.36898311972618103,0.009383119726181055
2024-07-02_02,58,76000,19000,0.4178,0.3934277296066284,-0.024372270393371587
2024-07-02_02,59,95000,19000,0.4776,0.48643940687179565,0.00883940687179563
2024-07-02_02,60,-76000,38000,0.4425,0.4283500909805298,-0.01414990901947022
2024-07-02_02,61,-57000,38000,0.3768,0.3788182735443115,0.0020182735443114996
2024-07-02_02,62,-38000,38000,0.335,0.3357699513435364,0.000769951343536357
2024-07-02_02,63,-19000,38000,0.3074,0.3093673288822174,0.0019673288822174007
2024-07-02_02,64,0,38000,0.2964,0.3003954291343689,0.0039954291343689
2024-07-02_02,65,19000,38000,0.3055,0.31174686551094055,0.006246865510940558
2024-07-02_02,66,38000,38000,0.3333,0.34084099531173706,0.007540995311737075
2024-07-02_02,67,57000,38000,0.3736,0.38470080494880676,0.011100804948806775
2024-07-02_02,68,76000,38000,0.4349,0.44453051686286926,0.009630516862869254
2024-07-02_02,69,-76000,57000,0.4903,0.4809790253639221,-0.009320974636077894
2024-07-02_02,70,-57000,57000,0.4131,0.41280296444892883,-0.00029703555107118973
2024-07-02_02,71,-38000,57000,0.367,0.3694690465927124,0.0024690465927124094
2024-07-02_02,72,-19000,57000,0.341,0.34381747245788574,0.002817472457885717
2024-07-02_02,73,0,57000,0.3311,0.335792601108551,0.00469260110855102
2024-07-02_02,74,19000,57000,0.3389,0.3458004295825958,0.006900429582595846
2024-07-02_02,75,38000,57000,0.3628,0.3726615607738495,0.009861560773849476
2024-07-02_02,76,57000,57000,0.4048,0.4058604836463928,0.001060483646392829
2024-07-02_02,77,76000,57000,0.4674,0.4779595136642456,0.010559513664245623
2024-07-02_02,78,-57000,76000,0.4763,0.4717867076396942,-0.004513292360305787
2024-07-02_02,79,-38000,76000,0.419,0.40797048807144165,-0.011029511928558333
2024-07-02_02,80,-19000,76000,0.3886,0.3924865424633026,0.0038865424633026113
2024-07-02_02,81,0,76000,0.378,0.3835504651069641,0.005550465106964109
2024-07-02_02,82,19000,76000,0.3846,0.3937133252620697,0.009113325262069705
2024-07-02_02,83,38000,76000,0.4115,0.39860767126083374,-0.012892328739166237
2024-07-02_02,84,57000,76000,0.4541,0.4631967544555664,0.009096754455566403
2024-07-02_02,85,-19000,95000,0.4516,0.448917955160141,-0.00268204483985901
2024-07-02_02,86,0,95000,0.4493,0.44753074645996094,-0.0017692535400390397
2024-07-02_02,87,19000,95000,0.4461,0.43739742040634155,-0.008702579593658444
2024-07-02_03,0,-19000,-95000,0.5227,0.5096972584724426,-0.013002741527557427
2024-07-02_03,1,0,-95000,0.5375,0.5310701131820679,-0.006429886817932107
2024-07-02_03,2,19000,-95000,0.5245,0.511521577835083,-0.012978422164916958
2024-07-02_03,3,-57000,-76000,0.5513,0.5324562788009644,-0.018843721199035657
2024-07-02_03,4,-38000,-76000,0.4824,0.47262150049209595,-0.009778499507904048
2024-07-02_03,5,-19000,-76000,0.4549,0.4490211009979248,-0.005878899002075222
2024-07-02_03,6,0,-76000,0.4463,0.4128228425979614,-0.03347715740203855
2024-07-02_03,7,19000,-76000,0.454,0.4490838646888733,-0.004916135311126724
2024-07-02_03,8,38000,-76000,0.4787,0.46738094091415405,-0.011319059085845962
2024-07-02_03,9,57000,-76000,0.5284,0.5231249332427979,-0.005275066757202129
2024-07-02_03,10,-76000,-57000,0.5495,0.5278799533843994,-0.021620046615600574
2024-07-02_03,11,-57000,-57000,0.4622,0.45635756850242615,-0.005842431497573852
2024-07-02_03,12,-38000,-57000,0.4179,0.3835350275039673,-0.03436497249603271
2024-07-02_03,13,-19000,-57000,0.3902,0.38955727219581604,-0.0006427278041839513
2024-07-02_03,14,0,-57000,0.3812,0.3824878931045532,0.0012878931045532394
2024-07-02_03,15,19000,-57000,0.3897,0.3910275101661682,0.001327510166168222
2024-07-02_03,16,38000,-57000,0.4155,0.3723953366279602,-0.043104663372039775
2024-07-02_03,17,57000,-57000,0.4555,0.45633193850517273,0.0008319385051727135
2024-07-02_03,18,76000,-57000,0.5193,0.5211330652236938,0.0018330652236938638
2024-07-02_03,19,-76000,-38000,0.4781,0.4605606496334076,-0.017539350366592432
2024-07-02_03,20,-57000,-38000,0.4142,0.4142824113368988,8.24113368987911e-05
2024-07-02_03,21,-38000,-38000,0.3684,0.36717796325683594,-0.0012220367431640677
2024-07-02_03,22,-19000,-38000,0.3409,0.3410275876522064,0.00012758765220644008
2024-07-02_03,23,0,-38000,0.3308,0.3293934762477875,-0.0014065237522125074
2024-07-02_03,24,19000,-38000,0.3402,0.34286344051361084,0.0026634405136108374
2024-07-02_03,25,38000,-38000,0.3655,0.37032395601272583,0.0048239560127258385
2024-07-02_03,26,57000,-38000,0.4091,0.4086844325065613,-0.0004155674934387399
2024-07-02_03,27,76000,-38000,0.4666,0.46422627568244934,-0.002373724317550674
2024-07-02_03,28,-95000,-19000,0.5111,0.4942576289176941,-0.016842371082305907
2024-07-02_03,29,-76000,-19000,0.4427,0.4120450019836426,-0.030654998016357404
2024-07-02_03,30,-57000,-19000,0.38,0.37692904472351074,-0.0030709552764892623
2024-07-02_03,31,-38000,-19000,0.3353,0.3316303491592407,-0.0036696508407592643
2024-07-02_03,32,-19000,-19000,0.3041,0.3027913272380829,-0.0013086727619170957
2024-07-02_03,33,0,-19000,0.2925,0.29274168610572815,0.00024168610572816718
2024-07-02_03,34,19000,-19000,0.303,0.3060036301612854,0.003003630161285409
2024-07-02_03,35,38000,-19000,0.3334,0.3364580273628235,0.003058027362823512
2024-07-02_03,36,57000,-19000,0.3766,0.3826214075088501,0.006021407508850107
2024-07-02_03,37,76000,-19000,0.4361,0.4296949505805969,-0.006405049419403064
2024-07-02_03,38,95000,-19000,0.4936,0.4947110116481781,0.0011110116481781174
2024-07-02_03,39,-95000,0,0.525,0.5018991231918335,-0.023100876808166526
2024-07-02_03,40,-76000,0,0.4273,0.3819943070411682,-0.0453056929588318
2024-07-02_03,41,-57000,0,0.3646,0.3601628243923187,-0.004437175607681254
2024-07-02_03,42,-38000,0,0.3181,0.3150637149810791,-0.0030362850189208923
2024-07-02_03,43,-19000,0,0.2857,0.28340402245521545,-0.0022959775447845554
2024-07-02_03,44,19000,0,0.285,0.2877700924873352,0.0027700924873352295
2024-07-02_03,45,38000,0,0.3161,0.3208504617214203,0.004750461721420296
2024-07-02_03,46,57000,0,0.3609,0.3677127957344055,0.006812795734405519
2024-07-02_03,47,76000,0,0.42,0.38218194246292114,-0.03781805753707884
2024-07-02_03,48,95000,0,0.4943,0.48004472255706787,-0.014255277442932146
2024-07-02_03,49,-95000,19000,0.4976,0.4577980041503906,-0.03980199584960936
2024-07-02_03,50,-76000,19000,0.4274,0.382890909910202,-0.044509090089797976
2024-07-02_03,51,-57000,19000,0.365,0.3605293929576874,-0.004470607042312613
2024-07-02_03,52,-38000,19000,0.3191,0.31561940908432007,-0.0034805909156799264
2024-07-02_03,53,-19000,19000,0.287,0.28714051842689514,0.00014051842689516425
2024-07-02_03,54,0,19000,0.2768,0.2775793969631195,0.0007793969631195163
2024-07-02_03,55,19000,19000,0.2875,0.2904253304004669,0.002925330400466941
2024-07-02_03,56,38000,19000,0.3161,0.320993036031723,0.00489303603172303
2024-07-02_03,57,57000,19000,0.3603,0.3681876063346863,0.00788760633468627
2024-07-02_03,58,76000,19000,0.4196,0.3786075711250305,-0.040992428874969455
2024-07-02_03,59,95000,19000,0.4795,0.4709616005420685,-0.0085383994579315
2024-07-02_03,60,-76000,38000,0.4485,0.40806591510772705,-0.04043408489227296
2024-07-02_03,61,-57000,38000,0.3811,0.3767266273498535,-0.004373372650146479
2024-07-02_03,62,-38000,38000,0.3376,0.33347123861312866,-0.004128761386871349
2024-07-02_03,63,-19000,38000,0.3085,0.3072182238101959,-0.0012817761898040736
2024-07-02_03,64,0,38000,0.2981,0.2989409863948822,0.000840986394882226
2024-07-02_03,65,19000,38000,0.3064,0.31044626235961914,0.004046262359619135
2024-07-02_03,66,38000,38000,0.3336,0.33970731496810913,0.006107314968109123
2024-07-02_03,67,57000,38000,0.3748,0.3843708634376526,0.009570863437652566
2024-07-02_03,68,76000,38000,0.4371,0.43790730834007263,0.0008073083400726433
2024-07-02_03,69,-76000,57000,0.5,0.46134325861930847,-0.03865674138069153
2024-07-02_03,70,-57000,57000,0.4182,0.4057251811027527,-0.01247481889724733
2024-07-02_03,71,-38000,57000,0.3704,0.36765435338020325,-0.00274564661979676
2024-07-02_03,72,-19000,57000,0.3433,0.34193935990333557,-0.0013606400966644228
2024-07-02_03,73,0,57000,0.333,0.33522701263427734,0.0022270126342773255
2024-07-02_03,74,19000,57000,0.3401,0.3448382019996643,0.004738201999664293
2024-07-02_03,75,38000,57000,0.3646,0.37205442786216736,0.007454427862167379
2024-07-02_03,76,57000,57000,0.4072,0.3898966908454895,-0.017303309154510504
2024-07-02_03,77,76000,57000,0.4713,0.47187551856040955,0.0005755185604095492
2024-07-02_03,78,-57000,76000,0.4854,0.4601159393787384,-0.025284060621261595
2024-07-02_03,79,-38000,76000,0.4243,0.3833104372024536,-0.0409895627975464
2024-07-02_03,80,-19000,76000,0.3924,0.3893555998802185,-0.0030444001197815207
2024-07-02_03,81,0,76000,0.3808,0.38244345784187317,0.0016434578418731416
2024-07-02_03,82,19000,76000,0.3873,0.39259573817253113,0.00529573817253115
2024-07-02_03,83,38000,76000,0.4144,0.390180766582489,-0.024219233417510977
2024-07-02_03,84,57000,76000,0.4585,0.45619428157806396,-0.002305718421936054
2024-07-02_03,85,-19000,95000,0.456,0.44241398572921753,-0.013586014270782487
2024-07-02_03,86,0,95000,0.4553,0.4370969235897064,-0.01820307641029356
2024-07-02_03,87,19000,95000,0.4498,0.4289904832839966,-0.020809516716003396
2024-07-02_04,0,-19000,-95000,0.5281,0.5353580713272095,0.007258071327209459
2024-07-02_04,1,0,-95000,0.5447,0.5537514686584473,0.009051468658447304
2024-07-02_04,2,19000,-95000,0.5265,0.5358110070228577,0.009311007022857698
2024-07-02_04,3,-57000,-76000,0.5533,0.5573638081550598,0.0040638081550598
2024-07-02_04,4,-38000,-76000,0.487,0.49324098229408264,0.006240982294082653
2024-07-02_04,5,-19000,-76000,0.4595,0.4596037268638611,0.00010372686386106444
2024-07-02_04,6,0,-76000,0.4507,0.4577641487121582,0.007064148712158214
2024-07-02_04,7,19000,-76000,0.4587,0.4606558680534363,0.0019558680534362827
2024-07-02_04,8,38000,-76000,0.4839,0.49391546845436096,0.010015468454360965
2024-07-02_04,9,57000,-76000,0.5371,0.5533627271652222,0.016262727165222146
2024-07-02_04,10,-76000,-57000,0.554,0.5569015741348267,0.002901574134826612
2024-07-02_04,11,-57000,-57000,0.4663,0.4709579348564148,0.004657934856414803
2024-07-02_04,12,-38000,-57000,0.4226,0.4231776297092438,0.0005776297092437988
2024-07-02_04,13,-19000,-57000,0.395,0.40271681547164917,0.007716815471649152
2024-07-02_04,14,0,-57000,0.386,0.39400714635849,0.00800714635848998
2024-07-02_04,15,19000,-57000,0.395,0.40366581082344055,0.008665810823440534
2024-07-02_04,16,38000,-57000,0.421,0.4239613711833954,0.0029613711833954004
2024-07-02_04,17,57000,-57000,0.461,0.4654877185821533,0.0044877185821532994
2024-07-02_04,18,76000,-57000,0.5288,0.5405650734901428,0.011765073490142774
2024-07-02_04,19,-76000,-38000,0.4814,0.48531776666641235,0.003917766666412359
2024-07-02_04,20,-57000,-38000,0.4185,0.42435112595558167,0.005851125955581682
2024-07-02_04,21,-38000,-38000,0.3729,0.3786236345767975,0.005723634576797476
2024-07-02_04,22,-19000,-38000,0.3452,0.35200613737106323,0.006806137371063226
2024-07-02_04,23,0,-38000,0.3357,0.3430326581001282,0.007332658100128175
2024-07-02_04,24,19000,-38000,0.3455,0.35333359241485596,0.007833592414855983
2024-07-02_04,25,38000,-38000,0.3711,0.38152503967285156,0.010425039672851577
2024-07-02_04,26,57000,-38000,0.415,0.4264103174209595,0.011410317420959493
2024-07-02_04,27,76000,-38000,0.4727,0.4815059006214142,0.008805900621414176
2024-07-02_04,28,-95000,-19000,0.5158,0.5142307281494141,-0.0015692718505859737
2024-07-02_04,29,-76000,-19000,0.4464,0.4521329998970032,0.005732999897003155
2024-07-02_04,30,-57000,-19000,0.384,0.38879403471946716,0.004794034719467155
2024-07-02_04,31,-38000,-19000,0.3398,0.34563422203063965,0.0058342220306396575
2024-07-02_04,32,-19000,-19000,0.3094,0.3161622881889343,0.006762288188934318
2024-07-02_04,33,0,-19000,0.2978,0.30455446243286133,0.006754462432861319
2024-07-02_04,34,19000,-19000,0.3089,0.3181189298629761,0.009218929862976066
2024-07-02_04,35,38000,-19000,0.3397,0.34914037585258484,0.009440375852584837
2024-07-02_04,36,57000,-19000,0.3828,0.39355114102363586,0.01075114102363589
2024-07-02_04,37,76000,-19000,0.4424,0.44776105880737305,0.005361058807373031
2024-07-02_04,38,95000,-19000,0.5025,0.5161980390548706,0.013698039054870659
2024-07-02_04,39,-95000,0,0.5284,0.5340403318405151,0.005640331840515156
2024-07-02_04,40,-76000,0,0.4308,0.4243503510951996,-0.006449648904800431
2024-07-02_04,41,-57000,0,0.3688,0.372907817363739,0.004107817363738997
2024-07-02_04,42,-38000,0,0.323,0.3287944197654724,0.005794419765472403
2024-07-02_04,43,-19000,0,0.2916,0.29801473021507263,0.006414730215072606
2024-07-02_04,44,19000,0,0.2915,0.3012623190879822,0.009762319087982196
2024-07-02_04,45,38000,0,0.3228,0.3335043787956238,0.010704378795623803
2024-07-02_04,46,57000,0,0.3672,0.3784656226634979,0.011265622663497898
2024-07-02_04,47,76000,0,0.4271,0.4378697872161865,0.010769787216186544
2024-07-02_04,48,95000,0,0.5035,0.5187748074531555,0.01527480745315557
2024-07-02_04,49,-95000,19000,0.4996,0.5037011504173279,0.004101150417327892
2024-07-02_04,50,-76000,19000,0.4313,0.42806437611579895,-0.0032356238842010665
2024-07-02_04,51,-57000,19000,0.3689,0.37425321340560913,0.005353213405609125
2024-07-02_04,52,-38000,19000,0.3241,0.3303878605365753,0.006287860536575318
2024-07-02_04,53,-19000,19000,0.2933,0.300884485244751,0.007584485244750971
2024-07-02_04,54,0,19000,0.2832,0.2914712429046631,0.008271242904663079
2024-07-02_04,55,19000,19000,0.2943,0.3029893636703491,0.008689363670349115
2024-07-02_04,56,38000,19000,0.323,0.3350059688091278,0.012005968809127798
2024-07-02_04,57,57000,19000,0.367,0.37847059965133667,0.011470599651336677
2024-07-02_04,58,76000,19000,0.4276,0.43008163571357727,0.0024816357135772904
2024-07-02_04,59,95000,19000,0.4885,0.4954543709754944,0.006954370975494395
2024-07-02_04,60,-76000,38000,0.4529,0.4565693736076355,0.0036693736076354733
2024-07-02_04,61,-57000,38000,0.3856,0.39175742864608765,0.006157428646087648
2024-07-02_04,62,-38000,38000,0.3426,0.3486599624156952,0.006059962415695175
2024-07-02_04,63,-19000,38000,0.3143,0.32165980339050293,0.007359803390502906
2024-07-02_04,64,0,38000,0.3045,0.312811017036438,0.008311017036437995
2024-07-02_04,65,19000,38000,0.3133,0.32355931401252747,0.010259314012527443
2024-07-02_04,66,38000,38000,0.3411,0.35209304094314575,0.010993040943145738
2024-07-02_04,67,57000,38000,0.382,0.39631277322769165,0.014312773227691644
2024-07-02_04,68,76000,38000,0.445,0.456265389919281,0.011265389919281
2024-07-02_04,69,-76000,57000,0.5065,0.5133883357048035,0.0068883357048035165
2024-07-02_04,70,-57000,57000,0.4233,0.4254589378833771,0.0021589378833770656
2024-07-02_04,71,-38000,57000,0.3752,0.3813837766647339,0.006183776664733909
2024-07-02_04,72,-19000,57000,0.3486,0.355948805809021,0.007348805809020975
2024-07-02_04,73,0,57000,0.3392,0.3472979664802551,0.008097966480255125
2024-07-02_04,74,19000,57000,0.3466,0.35803094506263733,0.01143094506263731
2024-07-02_04,75,38000,57000,0.3712,0.38372376561164856,0.012523765611648585
2024-07-02_04,76,57000,57000,0.415,0.42585641145706177,0.010856411457061788
2024-07-02_04,77,76000,57000,0.4801,0.4944232702255249,0.014323270225524876
2024-07-02_04,78,-57000,76000,0.4908,0.48851701617240906,-0.0022829838275909564
2024-07-02_04,79,-38000,76000,0.4295,0.4269225001335144,-0.0025774998664855886
2024-07-02_04,80,-19000,76000,0.3981,0.4068526327610016,0.008752632761001577
2024-07-02_04,81,0,76000,0.387,0.395707905292511,0.008707905292510976
2024-07-02_04,82,19000,76000,0.3939,0.4066210985183716,0.01272109851837161
2024-07-02_04,83,38000,76000,0.4218,0.42249882221221924,0.00069882221221923
2024-07-02_04,84,57000,76000,0.4665,0.4803835451602936,0.013883545160293553
2024-07-02_04,85,-19000,95000,0.4615,0.46966084837913513,0.00816084837913511
2024-07-02_04,86,0,95000,0.462,0.46480849385261536,0.0028084938526153347
2024-07-02_04,87,19000,95000,0.456,0.46583059430122375,0.009830594301223738
2024-07-02_05,0,-19000,-95000,0.5331,0.552143931388855,0.019043931388854962
2024-07-02_05,1,0,-95000,0.5503,0.562287449836731,0.011987449836730946
2024-07-02_05,2,19000,-95000,0.5319,0.5466879606246948,0.014787960624694785
2024-07-02_05,3,-57000,-76000,0.5591,0.5710829496383667,0.011982949638366658
2024-07-02_05,4,-38000,-76000,0.4931,0.5013896226882935,0.008289622688293474
2024-07-02_05,5,-19000,-76000,0.4657,0.4928629398345947,0.027162939834594724
2024-07-02_05,6,0,-76000,0.4577,0.466991662979126,0.00929166297912598
2024-07-02_05,7,19000,-76000,0.4658,0.4819903075695038,0.016190307569503792
2024-07-02_05,8,38000,-76000,0.4902,0.5066145062446594,0.0164145062446594
2024-07-02_05,9,57000,-76000,0.5438,0.5592825412750244,0.015482541275024464
2024-07-02_05,10,-76000,-57000,0.5593,0.5728880167007446,0.01358801670074461
2024-07-02_05,11,-57000,-57000,0.4724,0.48222172260284424,0.009821722602844252
2024-07-02_05,12,-38000,-57000,0.4295,0.43236926198005676,0.00286926198005677
2024-07-02_05,13,-19000,-57000,0.4028,0.39988699555397034,-0.0029130044460296545
2024-07-02_05,14,0,-57000,0.396,0.39174777269363403,-0.0042522273063659854
2024-07-02_05,15,19000,-57000,0.4048,0.40251752734184265,-0.002282472658157342
2024-07-02_05,16,38000,-57000,0.4287,0.43885064125061035,0.010150641250610326
2024-07-02_05,17,57000,-57000,0.4683,0.48262539505958557,0.014325395059585577
2024-07-02_05,18,76000,-57000,0.5375,0.5572364926338196,0.019736492633819602
2024-07-02_05,19,-76000,-38000,0.4875,0.4928596615791321,0.005359661579132091
2024-07-02_05,20,-57000,-38000,0.4256,0.43201011419296265,0.006410114192962668
2024-07-02_05,21,-38000,-38000,0.3807,0.37814727425575256,-0.0025527257442474194
2024-07-02_05,22,-19000,-38000,0.3535,0.3510964810848236,-0.0024035189151763725
2024-07-02_05,23,0,-38000,0.3447,0.3408887982368469,-0.0038112017631530826
2024-07-02_05,24,19000,-38000,0.3544,0.353114515542984,-0.001285484457015984
2024-07-02_05,25,38000,-38000,0.3796,0.3800439238548279,0.0004439238548278879
2024-07-02_05,26,57000,-38000,0.4231,0.4280685782432556,0.004968578243255639
2024-07-02_05,27,76000,-38000,0.4806,0.4921325445175171,0.011532544517517063
2024-07-02_05,28,-95000,-19000,0.5203,0.5291988849639893,0.008898884963989273
2024-07-02_05,29,-76000,-19000,0.453,0.46201884746551514,0.009018847465515123
2024-07-02_05,30,-57000,-19000,0.3914,0.38829514384269714,-0.003104856157302882
2024-07-02_05,31,-38000,-19000,0.3483,0.3433871269226074,-0.004912873077392577
2024-07-02_05,32,-19000,-19000,0.3187,0.3135746419429779,-0.005125358057022078
2024-07-02_05,33,0,-19000,0.3071,0.3032403886318207,-0.0038596113681793054
2024-07-02_05,34,19000,-19000,0.3188,0.31640055775642395,-0.002399442243576022
2024-07-02_05,35,38000,-19000,0.3486,0.3466752767562866,-0.0019247232437133999
2024-07-02_05,36,57000,-19000,0.3915,0.39305293560028076,0.001552935600280747
2024-07-02_05,37,76000,-19000,0.4505,0.4704236388206482,0.019923638820648182
2024-07-02_05,38,95000,-19000,0.5108,0.5255621075630188,0.014762107563018767
2024-07-02_05,39,-95000,0,0.5376,0.5366889238357544,-0.0009110761642455723
2024-07-02_05,40,-76000,0,0.4372,0.4349728226661682,-0.0022271773338317646
2024-07-02_05,41,-57000,0,0.3763,0.3717116117477417,-0.004588388252258324
2024-07-02_05,42,-38000,0,0.3324,0.32638299465179443,-0.00601700534820554
2024-07-02_05,43,-19000,0,0.301,0.29580822587013245,-0.0051917741298675435
2024-07-02_05,44,19000,0,0.3016,0.29958903789520264,-0.0020109621047973425
2024-07-02_05,45,38000,0,0.333,0.3329518437385559,-4.8156261444110005e-05
2024-07-02_05,46,57000,0,0.3761,0.3778221905231476,0.0017221905231475931
2024-07-02_05,47,76000,0,0.4357,0.4506518244743347,0.01495182447433474
2024-07-02_05,48,95000,0,0.5138,0.5225124359130859,0.008712435913085903
2024-07-02_05,49,-95000,19000,0.5058,0.497537225484848,-0.008262774515152005
2024-07-02_05,50,-76000,19000,0.4382,0.43789103627204895,-0.0003089637279510282
2024-07-02_05,51,-57000,19000,0.3764,0.37176713347435,-0.004632866525650037
2024-07-02_05,52,-38000,19000,0.3335,0.327519029378891,-0.0059809706211090274
2024-07-02_05,53,-19000,19000,0.3028,0.2988305985927582,-0.003969401407241835
2024-07-02_05,54,0,19000,0.2933,0.2902505397796631,-0.003049460220336919
2024-07-02_05,55,19000,19000,0.3041,0.3023478388786316,-0.0017521611213683896
2024-07-02_05,56,38000,19000,0.3331,0.3331315219402313,3.152194023131605e-05
2024-07-02_05,57,57000,19000,0.376,0.37966349720954895,0.0036634972095489493
2024-07-02_05,58,76000,19000,0.4363,0.44857972860336304,0.012279728603363016
2024-07-02_05,59,95000,19000,0.4975,0.5144788026809692,0.01697880268096924
2024-07-02_05,60,-76000,38000,0.4599,0.47584831714630127,0.015948317146301294
2024-07-02_05,61,-57000,38000,0.3934,0.38959041237831116,-0.0038095876216888702
2024-07-02_05,62,-38000,38000,0.3507,0.34721994400024414,-0.003480055999755871
2024-07-02_05,63,-19000,38000,0.324,0.31971779465675354,-0.00428220534324647
2024-07-02_05,64,0,38000,0.3139,0.3114387094974518,-0.00246129050254823
2024-07-02_05,65,19000,38000,0.3234,0.32251039147377014,-0.0008896085262298792
2024-07-02_05,66,38000,38000,0.3502,0.3503935635089874,0.00019356350898741548
2024-07-02_05,67,57000,38000,0.3911,0.39593181014060974,0.004831810140609738
2024-07-02_05,68,76000,38000,0.4539,0.48760122060775757,0.03370122060775754
2024-07-02_05,69,-76000,57000,0.5135,0.5096409320831299,-0.0038590679168700737
2024-07-02_05,70,-57000,57000,0.4308,0.4290902316570282,-0.001709768342971818
2024-07-02_05,71,-38000,57000,0.383,0.3795340061187744,-0.003465993881225593
2024-07-02_05,72,-19000,57000,0.3568,0.354208379983902,-0.0025916200160980285
2024-07-02_05,73,0,57000,0.3479,0.3455698490142822,-0.0023301509857177605
2024-07-02_05,74,19000,57000,0.3556,0.3561539947986603,0.0005539947986602511
2024-07-02_05,75,38000,57000,0.38,0.38284480571746826,0.0028448057174682573
2024-07-02_05,76,57000,57000,0.4241,0.429889440536499,0.0057894405364990464
2024-07-02_05,77,76000,57000,0.4903,0.5052523612976074,0.014952361297607408
2024-07-02_05,78,-57000,76000,0.4993,0.5052814483642578,0.005981448364257791
2024-07-02_05,79,-38000,76000,0.4371,0.43855857849121094,0.001458578491210949
2024-07-02_05,80,-19000,76000,0.4059,0.404222697019577,-0.0016773029804229567
2024-07-02_05,81,0,76000,0.395,0.3951862156391144,0.00018621563911436212
2024-07-02_05,82,19000,76000,0.4026,0.4053482413291931,0.002748241329193102
2024-07-02_05,83,38000,76000,0.4303,0.4556261897087097,0.0253261897087097
2024-07-02_05,84,57000,76000,0.4746,0.48319610953330994,0.008596109533309915
2024-07-02_05,85,-19000,95000,0.4658,0.48418065905570984,0.018380659055709847
2024-07-02_05,86,0,95000,0.4685,0.487724632024765,0.019224632024764987
2024-07-02_05,87,19000,95000,0.4636,0.4859020709991455,0.022302070999145496
2024-07-02_06,0,-19000,-95000,0.5328,0.5399037003517151,0.0071037003517150366
2024-07-02_06,1,0,-95000,0.5493,0.5420078039169312,-0.007292196083068858
2024-07-02_06,2,19000,-95000,0.5316,0.5376019477844238,0.006001947784423867
2024-07-02_06,3,-57000,-76000,0.5698,0.5614461898803711,-0.00835381011962888
2024-07-02_06,4,-38000,-76000,0.4929,0.475415974855423,-0.01748402514457703
2024-07-02_06,5,-19000,-76000,0.4655,0.46825069189071655,0.002750691890716528
2024-07-02_06,6,0,-76000,0.4573,0.46857181191444397,0.011271811914443985
2024-07-02_06,7,19000,-76000,0.4652,0.4485893249511719,-0.016610675048828127
2024-07-02_06,8,38000,-76000,0.4901,0.5051779747009277,0.015077974700927754
2024-07-02_06,9,57000,-76000,0.5428,0.5095054507255554,-0.03329454927444453
2024-07-02_06,10,-76000,-57000,0.5588,0.5578855276107788,-0.0009144723892211548
2024-07-02_06,11,-57000,-57000,0.4723,0.47925710678100586,0.006957106781005862
2024-07-02_06,12,-38000,-57000,0.4295,0.43162280321121216,0.0021228032112121653
2024-07-02_06,13,-19000,-57000,0.4027,0.39923548698425293,-0.0034645130157470727
2024-07-02_06,14,0,-57000,0.3938,0.39054036140441895,-0.003259638595581038
2024-07-02_06,15,19000,-57000,0.4029,0.40067315101623535,-0.002226848983764629
2024-07-02_06,16,38000,-57000,0.4286,0.44293540716171265,0.014335407161712665
2024-07-02_06,17,57000,-57000,0.4683,0.4554516077041626,-0.012848392295837396
2024-07-02_06,18,76000,-57000,0.5366,0.5254873037338257,-0.011112696266174282
2024-07-02_06,19,-76000,-38000,0.4874,0.4994640052318573,0.0120640052318573
2024-07-02_06,20,-57000,-38000,0.4255,0.4221508800983429,-0.003349119901657094
2024-07-02_06,21,-38000,-38000,0.3805,0.37488070130348206,-0.005619298696517949
2024-07-02_06,22,-19000,-38000,0.3534,0.3505817651748657,-0.0028182348251342693
2024-07-02_06,23,0,-38000,0.3443,0.3409081995487213,-0.0033918004512786815
2024-07-02_06,24,19000,-38000,0.354,0.35196453332901,-0.0020354666709899716
2024-07-02_06,25,38000,-38000,0.3796,0.37949419021606445,-0.00010580978393553986
2024-07-02_06,26,57000,-38000,0.4235,0.4337007999420166,0.010200799942016614
2024-07-02_06,27,76000,-38000,0.4805,0.48690304160118103,0.006403041601181048
2024-07-02_06,28,-95000,-19000,0.5189,0.43054261803627014,-0.08835738196372989
2024-07-02_06,29,-76000,-19000,0.4531,0.4404761791229248,-0.012623820877075198
2024-07-02_06,30,-57000,-19000,0.3916,0.3850235044956207,-0.006576495504379276
2024-07-02_06,31,-38000,-19000,0.348,0.33959677815437317,-0.008403221845626807
2024-07-02_06,32,-19000,-19000,0.318,0.31318995356559753,-0.004810046434402471
2024-07-02_06,33,0,-19000,0.3067,0.30126890540122986,-0.005431094598770114
2024-07-02_06,34,19000,-19000,0.3186,0.31242501735687256,-0.006174982643127436
2024-07-02_06,35,38000,-19000,0.3487,0.3462250828742981,-0.0024749171257019142
2024-07-02_06,36,57000,-19000,0.3918,0.3934980034828186,0.001698003482818622
2024-07-02_06,37,76000,-19000,0.4506,0.4694810211658478,0.018881021165847778
2024-07-02_06,38,95000,-19000,0.5099,0.5067599415779114,-0.003140058422088643
2024-07-02_06,39,-95000,0,0.5385,0.464751273393631,-0.073748726606369
2024-07-02_06,40,-76000,0,0.4378,0.4374649226665497,-0.00033507733345033985
2024-07-02_06,41,-57000,0,0.3764,0.36981213092803955,-0.0065878690719604616
2024-07-02_06,42,-38000,0,0.3321,0.32747548818588257,-0.004624511814117438
2024-07-02_06,43,-19000,0,0.3003,0.29776498675346375,-0.0025350132465362663
2024-07-02_06,44,19000,0,0.3015,0.29534244537353516,-0.006157554626464834
2024-07-02_06,45,38000,0,0.333,0.33298107981681824,-1.8920183181780903e-05
2024-07-02_06,46,57000,0,0.3763,0.3774077594280243,0.0011077594280242686
2024-07-02_06,47,76000,0,0.4359,0.43710023164749146,0.0012002316474914454
2024-07-02_06,48,95000,0,0.5134,0.5079457759857178,-0.005454224014282194
2024-07-02_06,49,-95000,19000,0.5065,0.48585671186447144,-0.020643288135528515
2024-07-02_06,50,-76000,19000,0.4388,0.4181440472602844,-0.0206559527397156
2024-07-02_06,51,-57000,19000,0.3766,0.37173783779144287,-0.004862162208557119
2024-07-02_06,52,-38000,19000,0.3333,0.3244501054286957,-0.008849894571304306
2024-07-02_06,53,-19000,19000,0.3023,0.2982853651046753,-0.00401463489532472
2024-07-02_06,54,0,19000,0.2929,0.28557491302490234,-0.00732508697509765
2024-07-02_06,55,19000,19000,0.3041,0.2983790934085846,-0.005720906591415387
2024-07-02_06,56,38000,19000,0.3331,0.33341702818870544,0.00031702818870543714
2024-07-02_06,57,57000,19000,0.3761,0.37843167781829834,0.00233167781829835
2024-07-02_06,58,76000,19000,0.4363,0.44343358278274536,0.00713358278274534
2024-07-02_06,59,95000,19000,0.4959,0.4274251163005829,-0.06847488369941712
2024-07-02_06,60,-76000,38000,0.4614,0.43908852338790894,-0.02231147661209104
2024-07-02_06,61,-57000,38000,0.3941,0.38911280035972595,-0.004987199640274054
2024-07-02_06,62,-38000,38000,0.3511,0.3432111144065857,-0.00788888559341433
2024-07-02_06,63,-19000,38000,0.3238,0.319674015045166,-0.004125984954833961
2024-07-02_06,64,0,38000,0.314,0.3110622763633728,-0.0029377236366271986
2024-07-02_06,65,19000,38000,0.3236,0.32357242703437805,-2.7572965621947e-05
2024-07-02_06,66,38000,38000,0.3503,0.3477230668067932,-0.0025769331932067874
2024-07-02_06,67,57000,38000,0.3913,0.39290329813957214,0.0016032981395721624
2024-07-02_06,68,76000,38000,0.4538,0.42933130264282227,-0.024468697357177716
2024-07-02_06,69,-76000,57000,0.5158,0.49001914262771606,-0.025780857372283972
2024-07-02_06,70,-57000,57000,0.4317,0.43024933338165283,-0.0014506666183471406
2024-07-02_06,71,-38000,57000,0.3838,0.3795635998249054,-0.004236400175094579
2024-07-02_06,72,-19000,57000,0.3572,0.3519577383995056,-0.005242261600494402
2024-07-02_06,73,0,57000,0.3483,0.34620052576065063,-0.0020994742393493637
2024-07-02_06,74,19000,57000,0.3558,0.35352522134780884,-0.0022747786521911673
2024-07-02_06,75,38000,57000,0.3803,0.3814530670642853,0.0011530670642852514
2024-07-02_06,76,57000,57000,0.4243,0.44583362340927124,0.02153362340927123
2024-07-02_06,77,76000,57000,0.4904,0.49751603603363037,0.0071160360336303685
2024-07-02_06,78,-57000,76000,0.5011,0.49063730239868164,-0.01046269760131835
2024-07-02_06,79,-38000,76000,0.4383,0.45682793855667114,0.01852793855667112
2024-07-02_06,80,-19000,76000,0.4066,0.4025592505931854,-0.004040749406814592
2024-07-02_06,81,0,76000,0.3956,0.39153972268104553,-0.004060277318954475
2024-07-02_06,82,19000,76000,0.4031,0.403537392616272,0.0004373926162719588
2024-07-02_06,83,38000,76000,0.4305,0.414075642824173,-0.01642435717582702
2024-07-02_06,84,57000,76000,0.4753,0.40628162026405334,-0.06901837973594666
2024-07-02_06,85,-19000,95000,0.4676,0.4658045470714569,-0.0017954529285431065
2024-07-02_06,86,0,95000,0.47,0.4844033122062683,0.014403312206268337
2024-07-02_06,87,19000,95000,0.4641,0.449349582195282,-0.01475041780471803
2024-07-02_08,0,-19000,-95000,0.5393,0.5425228476524353,0.003222847652435301
2024-07-02_08,1,0,-95000,0.556,0.5556684732437134,-0.00033152675628667083
2024-07-02_08,2,19000,-95000,0.5388,0.5361188650131226,-0.002681134986877387
2024-07-02_08,3,-57000,-76000,0.5656,0.5690450072288513,0.0034450072288513267
2024-07-02_08,4,-38000,-76000,0.4997,0.4977192282676697,-0.0019807717323303
2024-07-02_08,5,-19000,-76000,0.472,0.46810153126716614,-0.0038984687328338374
2024-07-02_08,6,0,-76000,0.4638,0.46209847927093506,-0.0017015207290649315
2024-07-02_08,7,19000,-76000,0.4721,0.4704040586948395,-0.001695941305160542
2024-07-02_08,8,38000,-76000,0.4971,0.49898266792297363,0.0018826679229736465
2024-07-02_08,9,57000,-76000,0.5502,0.553889274597168,0.0036892745971679464
2024-07-02_08,10,-76000,-57000,0.5623,0.562502384185791,0.0002023841857909936
2024-07-02_08,11,-57000,-57000,0.4785,0.4745505750179291,-0.003949424982070904
2024-07-02_08,12,-38000,-57000,0.4359,0.4211864173412323,-0.01471358265876771
2024-07-02_08,13,-19000,-57000,0.41,0.4008675813674927,-0.0091324186325073
2024-07-02_08,14,0,-57000,0.4015,0.3926664888858795,-0.008833511114120507
2024-07-02_08,15,19000,-57000,0.4113,0.40214109420776367,-0.009158905792236327
2024-07-02_08,16,38000,-57000,0.4367,0.42308005690574646,-0.013619943094253517
2024-07-02_08,17,57000,-57000,0.4765,0.4700701832771301,-0.006429816722869852
2024-07-02_08,18,76000,-57000,0.5444,0.547538161277771,0.003138161277771001
2024-07-02_08,19,-76000,-38000,0.492,0.49079886078834534,-0.001201139211654656
2024-07-02_08,20,-57000,-38000,0.431,0.4187414348125458,-0.012258565187454218
2024-07-02_08,21,-38000,-38000,0.3875,0.37709546089172363,-0.010404539108276378
2024-07-02_08,22,-19000,-38000,0.3608,0.35064125061035156,-0.010158749389648447
2024-07-02_08,23,0,-38000,0.3518,0.3413039445877075,-0.010496055412292482
2024-07-02_08,24,19000,-38000,0.3628,0.35179176926612854,-0.011008230733871471
2024-07-02_08,25,38000,-38000,0.3891,0.3795151114463806,-0.009584888553619386
2024-07-02_08,26,57000,-38000,0.4318,0.4221668541431427,-0.009633145856857317
2024-07-02_08,27,76000,-38000,0.4891,0.4854748845100403,-0.003625115489959696
2024-07-02_08,28,-95000,-19000,0.5235,0.5214204788208008,-0.002079521179199184
2024-07-02_08,29,-76000,-19000,0.4579,0.44751566648483276,-0.01038433351516721
2024-07-02_08,30,-57000,-19000,0.3981,0.387695848941803,-0.010404151058197031
2024-07-02_08,31,-38000,-19000,0.3541,0.3444284498691559,-0.009671550130844142
2024-07-02_08,32,-19000,-19000,0.3254,0.3144441246986389,-0.010955875301361107
2024-07-02_08,33,0,-19000,0.3145,0.30297622084617615,-0.011523779153823854
2024-07-02_08,34,19000,-19000,0.3281,0.3160654902458191,-0.012034509754180911
2024-07-02_08,35,38000,-19000,0.3578,0.3475561738014221,-0.010243826198577888
2024-07-02_08,36,57000,-19000,0.402,0.39172083139419556,-0.010279168605804467
2024-07-02_08,37,76000,-19000,0.4597,0.4499526619911194,-0.009747338008880613
2024-07-02_08,38,95000,-19000,0.5195,0.5248144268989563,0.005314426898956337
2024-07-02_08,39,-95000,0,0.5409,0.5343225002288818,-0.0065774997711182115
2024-07-02_08,40,-76000,0,0.4418,0.41863304376602173,-0.023166956233978298
2024-07-02_08,41,-57000,0,0.3823,0.37072861194610596,-0.011571388053894016
2024-07-02_08,42,-38000,0,0.3391,0.32702627778053284,-0.012073722219467176
2024-07-02_08,43,-19000,0,0.3078,0.29653072357177734,-0.011269276428222674
2024-07-02_08,44,19000,0,0.3111,0.29938143491744995,-0.011718565082550036
2024-07-02_08,45,38000,0,0.3436,0.3318774700164795,-0.011722529983520524
2024-07-02_08,46,57000,0,0.3871,0.37721139192581177,-0.009888608074188232
2024-07-02_08,47,76000,0,0.4457,0.43213793635368347,-0.013562063646316513
2024-07-02_08,48,95000,0,0.5207,0.5240336656570435,0.0033336656570434053
2024-07-02_08,49,-95000,19000,0.5103,0.507117509841919,-0.0031824901580810305
2024-07-02_08,50,-76000,19000,0.4428,0.42391836643218994,-0.018881633567810086
2024-07-02_08,51,-57000,19000,0.3825,0.37263911962509155,-0.009860880374908454
2024-07-02_08,52,-38000,19000,0.3401,0.3293440639972687,-0.010755936002731337
2024-07-02_08,53,-19000,19000,0.3106,0.2990541458129883,-0.011545854187011706
2024-07-02_08,54,0,19000,0.3019,0.2901650369167328,-0.011734963083267214
2024-07-02_08,55,19000,19000,0.3138,0.30159351229667664,-0.012206487703323388
2024-07-02_08,56,38000,19000,0.3438,0.3331596255302429,-0.010640374469757075
2024-07-02_08,57,57000,19000,0.3874,0.3773670196533203,-0.01003298034667971
2024-07-02_08,58,76000,19000,0.4467,0.4334339499473572,-0.013266050052642808
2024-07-02_08,59,95000,19000,0.5044,0.4986475110054016,-0.005752488994598348
2024-07-02_08,60,-76000,38000,0.465,0.45589542388916016,-0.009104576110839868
2024-07-02_08,61,-57000,38000,0.4,0.3901042342185974,-0.00989576578140261
2024-07-02_08,62,-38000,38000,0.3588,0.3473221957683563,-0.011477804231643685
2024-07-02_08,63,-19000,38000,0.3327,0.3197411000728607,-0.012958899927139278
2024-07-02_08,64,0,38000,0.3231,0.31084322929382324,-0.012256770706176756
2024-07-02_08,65,19000,38000,0.3341,0.3217163681983948,-0.012383631801605233
2024-07-02_08,66,38000,38000,0.361,0.35036084055900574,-0.01063915944099425
2024-07-02_08,67,57000,38000,0.4029,0.3948698937892914,-0.008030106210708599
2024-07-02_08,68,76000,38000,0.4636,0.45825082063674927,-0.0053491793632507445
2024-07-02_08,69,-76000,57000,0.5204,0.518101692199707,-0.0022983078002929425
2024-07-02_08,70,-57000,57000,0.4364,0.42439597845077515,-0.012004021549224864
2024-07-02_08,71,-38000,57000,0.3902,0.3798305094242096,-0.010369490575790397
2024-07-02_08,72,-19000,57000,0.3649,0.3538081645965576,-0.011091835403442385
2024-07-02_08,73,0,57000,0.3567,0.3453493118286133,-0.011350688171386736
2024-07-02_08,74,19000,57000,0.3659,0.35571080446243286,-0.010189195537567142
2024-07-02_08,75,38000,57000,0.391,0.3816729187965393,-0.009327081203460708
2024-07-02_08,76,57000,57000,0.4353,0.4198738932609558,-0.01542610673904421
2024-07-02_08,77,76000,57000,0.4974,0.5007967352867126,0.0033967352867126377
2024-07-02_08,78,-57000,76000,0.4999,0.49469900131225586,-0.005200998687744152
2024-07-02_08,79,-38000,76000,0.4421,0.42667481303215027,-0.015425186967849724
2024-07-02_08,80,-19000,76000,0.4138,0.40487778186798096,-0.008922218132019044
2024-07-02_08,81,0,76000,0.4039,0.3946767747402191,-0.009223225259780865
2024-07-02_08,82,19000,76000,0.4132,0.4045872390270233,-0.008612760972976696
2024-07-02_08,83,38000,76000,0.4401,0.4150926172733307,-0.025007382726669303
2024-07-02_08,84,57000,76000,0.483,0.48542314767837524,0.0024231476783752592
2024-07-02_08,85,-19000,95000,0.4728,0.4684007167816162,-0.004399283218383787
2024-07-02_08,86,0,95000,0.4741,0.47127336263656616,-0.0028266373634338593
2024-07-02_08,87,19000,95000,0.4692,0.4691421091556549,-5.7890844345098724e-05
2024-07-02_09,0,-19000,-95000,0.5361,0.530377984046936,-0.005722015953063986
2024-07-02_09,1,0,-95000,0.553,0.5461348295211792,-0.006865170478820848
2024-07-02_09,2,19000,-95000,0.5358,0.5406929850578308,0.0048929850578307565
2024-07-02_09,3,-57000,-76000,0.5613,0.5580928921699524,-0.0032071078300476286
2024-07-02_09,4,-38000,-76000,0.4979,0.4978657364845276,-3.4263515472421346e-05
2024-07-02_09,5,-19000,-76000,0.4705,0.4554818868637085,-0.015018113136291478
2024-07-02_09,6,0,-76000,0.4623,0.4618954658508301,-0.0004045341491699106
2024-07-02_09,7,19000,-76000,0.4706,0.45489978790283203,-0.015700212097167987
2024-07-02_09,8,38000,-76000,0.4957,0.4989825487136841,0.003282548713684108
2024-07-02_09,9,57000,-76000,0.5473,0.5259672403335571,-0.02133275966644288
2024-07-02_09,10,-76000,-57000,0.5615,0.5760605335235596,0.014560533523559571
2024-07-02_09,11,-57000,-57000,0.477,0.4849364161491394,0.007936416149139425
2024-07-02_09,12,-38000,-57000,0.4346,0.42003029584884644,-0.01456970415115355
2024-07-02_09,13,-19000,-57000,0.4082,0.40332359075546265,-0.004876409244537361
2024-07-02_09,14,0,-57000,0.3997,0.3954986035823822,-0.004201396417617798
2024-07-02_09,15,19000,-57000,0.4093,0.4046782851219177,-0.0046217148780822725
2024-07-02_09,16,38000,-57000,0.4346,0.4111734628677368,-0.02342653713226317
2024-07-02_09,17,57000,-57000,0.4743,0.4375074505805969,-0.036792549419403076
2024-07-02_09,18,76000,-57000,0.542,0.5400664806365967,-0.0019335193634033576
2024-07-02_09,19,-76000,-38000,0.492,0.5124210715293884,0.020421071529388435
2024-07-02_09,20,-57000,-38000,0.4301,0.4264013171195984,-0.0036986828804015937
2024-07-02_09,21,-38000,-38000,0.3857,0.3821749985218048,-0.0035250014781951777
2024-07-02_09,22,-19000,-38000,0.3586,0.3536515235900879,-0.004948476409912084
2024-07-02_09,23,0,-38000,0.35,0.3451400399208069,-0.004859960079193093
2024-07-02_09,24,19000,-38000,0.3601,0.35651955008506775,-0.0035804499149322266
2024-07-02_09,25,38000,-38000,0.3863,0.38405749201774597,-0.002242507982254005
2024-07-02_09,26,57000,-38000,0.4298,0.41265302896499634,-0.017146971035003677
2024-07-02_09,27,76000,-38000,0.4865,0.4700045883655548,-0.01649541163444518
2024-07-02_09,28,-95000,-19000,0.5224,0.4294677972793579,-0.09293220272064207
2024-07-02_09,29,-76000,-19000,0.4573,0.422344446182251,-0.03495555381774901
2024-07-02_09,30,-57000,-19000,0.3968,0.39061495661735535,-0.006185043382644639
2024-07-02_09,31,-38000,-19000,0.3528,0.34497955441474915,-0.007820445585250857
2024-07-02_09,32,-19000,-19000,0.323,0.3197655975818634,-0.003234402418136606
2024-07-02_09,33,0,-19000,0.3119,0.30774936079978943,-0.004150639200210582
2024-07-02_09,34,19000,-19000,0.325,0.3205684423446655,-0.004431557655334484
2024-07-02_09,35,38000,-19000,0.3551,0.3508622348308563,-0.0042377651691437035
2024-07-02_09,36,57000,-19000,0.399,0.39548152685165405,-0.0035184731483459686
2024-07-02_09,37,76000,-19000,0.457,0.4693085551261902,0.012308555126190168
2024-07-02_09,38,95000,-19000,0.5179,0.5101571679115295,-0.007742832088470486
2024-07-02_09,39,-95000,0,0.5408,0.4813409149646759,-0.059459085035324044
2024-07-02_09,40,-76000,0,0.4421,0.44412463903427124,0.0020246390342712473
2024-07-02_09,41,-57000,0,0.3817,0.3771445155143738,-0.0045554844856262044
2024-07-02_09,42,-38000,0,0.3373,0.33035558462142944,-0.006944415378570545
2024-07-02_09,43,-19000,0,0.3056,0.30003634095191956,-0.005563659048080427
2024-07-02_09,44,19000,0,0.3076,0.30145102739334106,-0.00614897260665892
2024-07-02_09,45,38000,0,0.3403,0.3369339108467102,-0.0033660891532897863
2024-07-02_09,46,57000,0,0.3835,0.3816385269165039,-0.0018614730834961013
2024-07-02_09,47,76000,0,0.4426,0.42024433612823486,-0.02235566387176513
2024-07-02_09,48,95000,0,0.5172,0.507726788520813,-0.009473211479187005
2024-07-02_09,49,-95000,19000,0.5089,0.467153400182724,-0.04174659981727602
2024-07-02_09,50,-76000,19000,0.4431,0.4123677611351013,-0.030732238864898676
2024-07-02_09,51,-57000,19000,0.382,0.37596893310546875,-0.006031066894531256
2024-07-02_09,52,-38000,19000,0.3387,0.328765332698822,-0.00993466730117798
2024-07-02_09,53,-19000,19000,0.3083,0.30382493138313293,-0.004475068616867084
2024-07-02_09,54,0,19000,0.2991,0.2920955419540405,-0.00700445804595945
2024-07-02_09,55,19000,19000,0.3107,0.3039124608039856,-0.0067875391960143805
2024-07-02_09,56,38000,19000,0.3404,0.3373337984085083,-0.0030662015914916796
2024-07-02_09,57,57000,19000,0.3835,0.3845074772834778,0.0010074772834777757
2024-07-02_09,58,76000,19000,0.4427,0.4397065043449402,-0.002993495655059797
2024-07-02_09,59,95000,19000,0.4996,0.4360372722148895,-0.06356272778511046
2024-07-02_09,60,-76000,38000,0.4654,0.4546273350715637,-0.01077266492843626
2024-07-02_09,61,-57000,38000,0.3995,0.39224502444267273,-0.007254975557327292
2024-07-02_09,62,-38000,38000,0.3566,0.34920841455459595,-0.007391585445404025
2024-07-02_09,63,-19000,38000,0.3304,0.324092298746109,-0.006307701253891018
2024-07-02_09,64,0,38000,0.3206,0.3160136640071869,-0.0045863359928131064
2024-07-02_09,65,19000,38000,0.331,0.3278246521949768,-0.00317534780502321
2024-07-02_09,66,38000,38000,0.3575,0.35485368967056274,-0.0026463103294372403
2024-07-02_09,67,57000,38000,0.3988,0.3986656367778778,-0.00013436322212218021
2024-07-02_09,68,76000,38000,0.4598,0.4708143174648285,0.011014317464828505
2024-07-02_09,69,-76000,57000,0.52,0.5167155265808105,-0.003284473419189471
2024-07-02_09,70,-57000,57000,0.4366,0.4342043995857239,-0.002395600414276111
2024-07-02_09,71,-38000,57000,0.3896,0.3829440474510193,-0.006655952548980715
2024-07-02_09,72,-19000,57000,0.3636,0.3558395802974701,-0.007760419702529886
2024-07-02_09,73,0,57000,0.355,0.3493437170982361,-0.005656282901763898
2024-07-02_09,74,19000,57000,0.3628,0.3593733310699463,-0.0034266689300537223
2024-07-02_09,75,38000,57000,0.3876,0.3868043124675751,-0.0007956875324249268
2024-07-02_09,76,57000,57000,0.4312,0.40989336371421814,-0.021306636285781888
2024-07-02_09,77,76000,57000,0.4928,0.4900740385055542,-0.0027259614944458166
2024-07-02_09,78,-57000,76000,0.5031,0.4996070861816406,-0.0034929138183593667
2024-07-02_09,79,-38000,76000,0.4431,0.42457640171051025,-0.01852359828948974
2024-07-02_09,80,-19000,76000,0.4133,0.4087359309196472,-0.004564069080352784
2024-07-02_09,81,0,76000,0.4025,0.39734816551208496,-0.0051518344879150635
2024-07-02_09,82,19000,76000,0.4106,0.40992477536201477,-0.00067522463798525
2024-07-02_09,83,38000,76000,0.4373,0.4074195623397827,-0.029880437660217307
2024-07-02_09,84,57000,76000,0.4795,0.40731245279312134,-0.07218754720687864
2024-07-02_09,85,-19000,95000,0.4722,0.47160008549690247,-0.0005999145030975428
2024-07-02_09,86,0,95000,0.4735,0.46977055072784424,-0.003729449272155738
2024-07-02_09,87,19000,95000,0.4685,0.46854034066200256,4.034066200253594e-05
2024-07-02_10,0,-19000,-95000,0.5361,0.4592687487602234,-0.07683125123977663
2024-07-02_10,1,0,-95000,0.5543,0.4727977216243744,-0.08150227837562563
2024-07-02_10,2,19000,-95000,0.536,0.46269071102142334,-0.07330928897857669
2024-07-02_10,3,-57000,-76000,0.5608,0.4612623453140259,-0.09953765468597409
2024-07-02_10,4,-38000,-76000,0.4976,0.4246222972869873,-0.07297770271301268
2024-07-02_10,5,-19000,-76000,0.4703,0.3791799247264862,-0.09112007527351379
2024-07-02_10,6,0,-76000,0.4626,0.36070144176483154,-0.10189855823516847
2024-07-02_10,7,19000,-76000,0.4708,0.3982106149196625,-0.07258938508033752
2024-07-02_10,8,38000,-76000,0.496,0.41329652070999146,-0.08270347929000854
2024-07-02_10,9,57000,-76000,0.5481,0.4661880135536194,-0.08191198644638065
2024-07-02_10,10,-76000,-57000,0.56,0.4647337794303894,-0.09526622056961065
2024-07-02_10,11,-57000,-57000,0.4765,0.39715442061424255,-0.07934557938575743
2024-07-02_10,12,-38000,-57000,0.4345,0.385874480009079,-0.04862551999092102
2024-07-02_10,13,-19000,-57000,0.4083,0.40318992733955383,-0.005110072660446163
2024-07-02_10,14,0,-57000,0.4,0.3956878185272217,-0.0043121814727783425
2024-07-02_10,15,19000,-57000,0.4097,0.4057561755180359,-0.00394382448196412
2024-07-02_10,16,38000,-57000,0.4353,0.3636810779571533,-0.0716189220428467
2024-07-02_10,17,57000,-57000,0.4751,0.4073042869567871,-0.06779571304321291
2024-07-02_10,18,76000,-57000,0.5424,0.45272767543792725,-0.08967232456207275
2024-07-02_10,19,-76000,-38000,0.4907,0.40891507267951965,-0.08178492732048037
2024-07-02_10,20,-57000,-38000,0.4298,0.375553697347641,-0.054246302652359024
2024-07-02_10,21,-38000,-38000,0.3857,0.37908506393432617,-0.006614936065673815
2024-07-02_10,22,-19000,-38000,0.3589,0.35139626264572144,-0.007503737354278561
2024-07-02_10,23,0,-38000,0.3504,0.3415524661540985,-0.008847533845901479
2024-07-02_10,24,19000,-38000,0.3607,0.3554644286632538,-0.005235571336746236
2024-07-02_10,25,38000,-38000,0.3874,0.3823758363723755,-0.005024163627624534
2024-07-02_10,26,57000,-38000,0.4306,0.3613775968551636,-0.06922240314483641
2024-07-02_10,27,76000,-38000,0.4875,0.43281006813049316,-0.054689931869506825
2024-07-02_10,28,-95000,-19000,0.5211,0.4345717430114746,-0.0865282569885254
2024-07-02_10,29,-76000,-19000,0.4568,0.35977989435195923,-0.09702010564804076
2024-07-02_10,30,-57000,-19000,0.3966,0.3899184763431549,-0.006681523656845101
2024-07-02_10,31,-38000,-19000,0.3528,0.34452205896377563,-0.008277941036224368
2024-07-02_10,32,-19000,-19000,0.3237,0.3168308436870575,-0.006869156312942493
2024-07-02_10,33,0,-19000,0.3127,0.30502849817276,-0.007671501827239968
2024-07-02_10,34,19000,-19000,0.3261,0.3198009133338928,-0.006299086666107179
2024-07-02_10,35,38000,-19000,0.3563,0.34908220171928406,-0.007217798280715948
2024-07-02_10,36,57000,-19000,0.4001,0.39582955837249756,-0.004270441627502453
2024-07-02_10,37,76000,-19000,0.4581,0.37470370531082153,-0.08339629468917847
2024-07-02_10,38,95000,-19000,0.5161,0.43412113189697266,-0.08197886810302735
2024-07-02_10,39,-95000,0,0.5376,0.47488823533058167,-0.0627117646694183
2024-07-02_10,40,-76000,0,0.4414,0.3802851438522339,-0.06111485614776613
2024-07-02_10,41,-57000,0,0.3818,0.37433922290802,-0.007460777091979953
2024-07-02_10,42,-38000,0,0.3377,0.33017033338546753,-0.007529666614532471
2024-07-02_10,43,-19000,0,0.306,0.30032891035079956,-0.005671089649200434
2024-07-02_10,44,19000,0,0.309,0.30512475967407227,-0.0038752403259277313
2024-07-02_10,45,38000,0,0.3416,0.3347753882408142,-0.006824611759185806
2024-07-02_10,46,57000,0,0.3851,0.3792434632778168,-0.005856536722183225
2024-07-02_10,47,76000,0,0.4436,0.3524840474128723,-0.09111595258712768
2024-07-02_10,48,95000,0,0.5178,0.4357491731643677,-0.08205082683563236
2024-07-02_10,49,-95000,19000,0.5075,0.4410627782344818,-0.06643722176551814
2024-07-02_10,50,-76000,19000,0.4433,0.3662368059158325,-0.07706319408416751
2024-07-02_10,51,-57000,19000,0.3827,0.3715381920337677,-0.011161807966232284
2024-07-02_10,52,-38000,19000,0.3395,0.32745006680488586,-0.01204993319511416
2024-07-02_10,53,-19000,19000,0.3092,0.3027637302875519,-0.006436269712448095
2024-07-02_10,54,0,19000,0.3,0.28940990567207336,-0.010590094327926625
2024-07-02_10,55,19000,19000,0.312,0.3059680461883545,-0.006031953811645507
2024-07-02_10,56,38000,19000,0.342,0.3347124457359314,-0.00728755426406863
2024-07-02_10,57,57000,19000,0.3852,0.38202109932899475,-0.003178900671005236
2024-07-02_10,58,76000,19000,0.4441,0.3634222149848938,-0.0806777850151062
2024-07-02_10,59,95000,19000,0.5005,0.4363988935947418,-0.06410110640525812
2024-07-02_10,60,-76000,38000,0.4706,0.36589083075523376,-0.10470916924476625
2024-07-02_10,61,-57000,38000,0.4026,0.39165863394737244,-0.010941366052627577
2024-07-02_10,62,-38000,38000,0.3574,0.3492419421672821,-0.008158057832717891
2024-07-02_10,63,-19000,38000,0.3315,0.3221447169780731,-0.009355283021926897
2024-07-02_10,64,0,38000,0.322,0.3163145184516907,-0.005685481548309335
2024-07-02_10,65,19000,38000,0.3326,0.3245372176170349,-0.008062782382965095
2024-07-02_10,66,38000,38000,0.3592,0.3519371747970581,-0.007262825202941914
2024-07-02_10,67,57000,38000,0.4007,0.3975529670715332,-0.0031470329284667975
2024-07-02_10,68,76000,38000,0.461,0.3810683786869049,-0.07993162131309511
2024-07-02_10,69,-76000,57000,0.517,0.4305584132671356,-0.0864415867328644
2024-07-02_10,70,-57000,57000,0.4362,0.37637266516685486,-0.05982733483314512
2024-07-02_10,71,-38000,57000,0.3899,0.3815624713897705,-0.008337528610229517
2024-07-02_10,72,-19000,57000,0.3644,0.358112633228302,-0.006287366771698
2024-07-02_10,73,0,57000,0.356,0.35152938961982727,-0.004470610380172713
2024-07-02_10,74,19000,57000,0.3644,0.3575226068496704,-0.0068773931503295915
2024-07-02_10,75,38000,57000,0.3895,0.3849322497844696,-0.004567750215530408
2024-07-02_10,76,57000,57000,0.4328,0.3763921856880188,-0.05640781431198122
2024-07-02_10,77,76000,57000,0.4945,0.43208587169647217,-0.06241412830352783
2024-07-02_10,78,-57000,76000,0.4992,0.4298778772354126,-0.06932212276458738
2024-07-02_10,79,-38000,76000,0.4422,0.3626070022583008,-0.0795929977416992
2024-07-02_10,80,-19000,76000,0.4137,0.40692374110221863,-0.006776258897781384
2024-07-02_10,81,0,76000,0.4033,0.39596739411354065,-0.007332605886459342
2024-07-02_10,82,19000,76000,0.412,0.4063304364681244,-0.005669563531875588
2024-07-02_10,83,38000,76000,0.4387,0.38236528635025024,-0.056334713649749735
2024-07-02_10,84,57000,76000,0.4805,0.4118945002555847,-0.06860549974441527
2024-07-02_10,85,-19000,95000,0.4704,0.37845972180366516,-0.09194027819633482
2024-07-02_10,86,0,95000,0.4731,0.40497007966041565,-0.06812992033958437
2024-07-02_10,87,19000,95000,0.47,0.38667356967926025,-0.08332643032073972
2024-07-05_01,0,-19000,-95000,0.5257,0.49085408449172974,-0.03484591550827021
2024-07-05_01,1,0,-95000,0.5382,0.43162548542022705,-0.10657451457977296
2024-07-05_01,2,19000,-95000,0.5248,0.4461086690425873,-0.07869133095741276
2024-07-05_01,3,-57000,-76000,0.5394,0.4971969723701477,-0.042203027629852286
2024-07-05_01,4,-38000,-76000,0.4812,0.4177800118923187,-0.06341998810768129
2024-07-05_01,5,-19000,-76000,0.4561,0.3881615400314331,-0.0679384599685669
2024-07-05_01,6,0,-76000,0.4485,0.3668530583381653,-0.08164694166183473
2024-07-05_01,7,19000,-76000,0.4575,0.3957661986351013,-0.0617338013648987
2024-07-05_01,8,38000,-76000,0.4836,0.40703853964805603,-0.07656146035194394
2024-07-05_01,9,57000,-76000,0.5358,0.4463890492916107,-0.08941095070838934
2024-07-05_01,10,-76000,-57000,0.5301,0.4465291500091553,-0.08357084999084474
2024-07-05_01,11,-57000,-57000,0.4582,0.3843652009963989,-0.07383479900360107
2024-07-05_01,12,-38000,-57000,0.4165,0.42955446243286133,0.013054462432861347
2024-07-05_01,13,-19000,-57000,0.3905,0.384627103805542,-0.005872896194458022
2024-07-05_01,14,0,-57000,0.3825,0.3762137293815613,-0.006286270618438727
2024-07-05_01,15,19000,-57000,0.3931,0.390289306640625,-0.002810693359375005
2024-07-05_01,16,38000,-57000,0.4215,0.469288170337677,0.047788170337677016
2024-07-05_01,17,57000,-57000,0.4638,0.4488072693347931,-0.0149927306652069
2024-07-05_01,18,76000,-57000,0.5305,0.42372068762779236,-0.10677931237220761
2024-07-05_01,19,-76000,-38000,0.4668,0.39963895082473755,-0.06716104917526244
2024-07-05_01,20,-57000,-38000,0.4071,0.3984532356262207,-0.008646764373779314
2024-07-05_01,21,-38000,-38000,0.3651,0.35860639810562134,-0.006493601894378642
2024-07-05_01,22,-19000,-38000,0.3392,0.33544018864631653,-0.003759811353683473
2024-07-05_01,23,0,-38000,0.33,0.3263092339038849,-0.003690766096115128
2024-07-05_01,24,19000,-38000,0.3428,0.3382045328617096,-0.004595467138290399
2024-07-05_01,25,38000,-38000,0.3712,0.36439281702041626,-0.006807182979583715
2024-07-05_01,26,57000,-38000,0.4169,0.44238197803497314,0.02548197803497315
2024-07-05_01,27,76000,-38000,0.4758,0.4225025177001953,-0.05329748229980469
2024-07-05_01,28,-95000,-19000,0.4969,0.3732265532016754,-0.1236734467983246
2024-07-05_01,29,-76000,-19000,0.4327,0.3885034918785095,-0.04419650812149045
2024-07-05_01,30,-57000,-19000,0.3734,0.36929312348365784,-0.004106876516342173
2024-07-05_01,31,-38000,-19000,0.3294,0.324623167514801,-0.004776832485199001
2024-07-05_01,32,-19000,-19000,0.3008,0.29654866456985474,-0.0042513354301452755
2024-07-05_01,33,0,-19000,0.2908,0.28574761748313904,-0.005052382516860965
2024-07-05_01,34,19000,-19000,0.3051,0.2977418899536133,-0.007358110046386701
2024-07-05_01,35,38000,-19000,0.3366,0.330936074256897,-0.005663925743103038
2024-07-05_01,36,57000,-19000,0.384,0.37872740626335144,-0.0052725937366485676
2024-07-05_01,37,76000,-19000,0.4467,0.3719026446342468,-0.07479735536575316
2024-07-05_01,38,95000,-19000,0.5098,0.43151116371154785,-0.07828883628845218
2024-07-05_01,39,-95000,0,0.4984,0.36734774708747864,-0.13105225291252137
2024-07-05_01,40,-76000,0,0.4144,0.4430854916572571,0.02868549165725709
2024-07-05_01,41,-57000,0,0.3562,0.355488121509552,-0.0007118784904480147
2024-07-05_01,42,-38000,0,0.3114,0.3131137192249298,0.0017137192249297994
2024-07-05_01,43,-19000,0,0.282,0.27995267510414124,-0.0020473248958587376
2024-07-05_01,44,19000,0,0.287,0.280475914478302,-0.006524085521697975
2024-07-05_01,45,38000,0,0.3209,0.32217833399772644,0.0012783339977264219
2024-07-05_01,46,57000,0,0.369,0.3618707060813904,-0.007129293918609614
2024-07-05_01,47,76000,0,0.432,0.3396851420402527,-0.09231485795974731
2024-07-05_01,48,95000,0,0.5095,0.46330881118774414,-0.04619118881225581
2024-07-05_01,49,-95000,19000,0.48,0.42430466413497925,-0.055695335865020734
2024-07-05_01,50,-76000,19000,0.4141,0.42369136214256287,0.009591362142562843
2024-07-05_01,51,-57000,19000,0.3557,0.3536357581615448,-0.0020642418384552164
2024-07-05_01,52,-38000,19000,0.3116,0.3127176761627197,0.0011176761627197385
2024-07-05_01,53,-19000,19000,0.2844,0.2818901240825653,-0.0025098759174346785
2024-07-05_01,54,0,19000,0.2753,0.27155664563179016,-0.003743354368209828
2024-07-05_01,55,19000,19000,0.289,0.2834543287754059,-0.005545671224594095
2024-07-05_01,56,38000,19000,0.3218,0.32189035415649414,9.035415649416567e-05
2024-07-05_01,57,57000,19000,0.3696,0.3624424338340759,-0.007157566165924056
2024-07-05_01,58,76000,19000,0.4328,0.3524988293647766,-0.0803011706352234
2024-07-05_01,59,95000,19000,0.4927,0.40042227506637573,-0.0922777249336243
2024-07-05_01,60,-76000,38000,0.4342,0.3354741334915161,-0.09872586650848386
2024-07-05_01,61,-57000,38000,0.372,0.36888277530670166,-0.003117224693298337
2024-07-05_01,62,-38000,38000,0.3307,0.3275378346443176,-0.003162165355682367
2024-07-05_01,63,-19000,38000,0.3048,0.3008749783039093,-0.003925021696090714
2024-07-05_01,64,0,38000,0.2966,0.29124578833580017,-0.005354211664199804
2024-07-05_01,65,19000,38000,0.31,0.30133211612701416,-0.008667883872985838
2024-07-05_01,66,38000,38000,0.341,0.333853155374527,-0.007146844625473048
2024-07-05_01,67,57000,38000,0.3862,0.3852074444293976,-0.0009925555706024047
2024-07-05_01,68,76000,38000,0.4503,0.3303101658821106,-0.11998983411788938
2024-07-05_01,69,-76000,57000,0.4747,0.41160398721694946,-0.06309601278305055
2024-07-05_01,70,-57000,57000,0.4058,0.4235333800315857,0.0177333800315857
2024-07-05_01,71,-38000,57000,0.3636,0.36015015840530396,-0.0034498415946960237
2024-07-05_01,72,-19000,57000,0.3391,0.3424031138420105,0.0033031138420104855
2024-07-05_01,73,0,57000,0.3316,0.3270415663719177,-0.004558433628082281
2024-07-05_01,74,19000,57000,0.3447,0.33733928203582764,-0.00736071796417237
2024-07-05_01,75,38000,57000,0.3728,0.3699328601360321,-0.0028671398639679158
2024-07-05_01,76,57000,57000,0.4205,0.45524561405181885,0.03474561405181886
2024-07-05_01,77,76000,57000,0.4846,0.4268375039100647,-0.05776249608993528
2024-07-05_01,78,-57000,76000,0.4602,0.4247080087661743,-0.03549199123382568
2024-07-05_01,79,-38000,76000,0.4149,0.4732235372066498,0.05832353720664979
2024-07-05_01,80,-19000,76000,0.3885,0.3801966905593872,-0.008303309440612805
2024-07-05_01,81,0,76000,0.3803,0.3730902373790741,-0.00720976262092593
2024-07-05_01,82,19000,76000,0.3933,0.3848423957824707,-0.00845760421752928
2024-07-05_01,83,38000,76000,0.4236,0.3837335407733917,-0.03986645922660825
2024-07-05_01,84,57000,76000,0.4673,0.3699900805950165,-0.09730991940498351
2024-07-05_01,85,-19000,95000,0.4481,0.40989288687705994,-0.03820711312294006
2024-07-05_01,86,0,95000,0.448,0.40903568267822266,-0.03896431732177735
2024-07-05_01,87,19000,95000,0.454,0.38502490520477295,-0.06897509479522707
2024-07-05_02,0,-19000,-95000,0.5234,0.5384056568145752,0.015005656814575219
2024-07-05_02,1,0,-95000,0.5383,0.5437461733818054,0.005446173381805419
2024-07-05_02,2,19000,-95000,0.5259,0.5307878255844116,0.004887825584411587
2024-07-05_02,3,-57000,-76000,0.5454,0.5591243505477905,0.013724350547790531
2024-07-05_02,4,-38000,-76000,0.4801,0.501768946647644,0.021668946647644016
2024-07-05_02,5,-19000,-76000,0.4527,0.46951234340667725,0.016812343406677255
2024-07-05_02,6,0,-76000,0.4446,0.4386894404888153,-0.005910559511184688
2024-07-05_02,7,19000,-76000,0.4538,0.46796339750289917,0.014163397502899189
2024-07-05_02,8,38000,-76000,0.4804,0.4977473020553589,0.017347302055358893
2024-07-05_02,9,57000,-76000,0.5343,0.5449051856994629,0.010605185699462893
2024-07-05_02,10,-76000,-57000,0.5386,0.554818332195282,0.016218332195282015
2024-07-05_02,11,-57000,-57000,0.4568,0.4699309170246124,0.013130917024612443
2024-07-05_02,12,-38000,-57000,0.413,0.4277934730052948,0.014793473005294822
2024-07-05_02,13,-19000,-57000,0.3859,0.39090779423713684,0.00500779423713682
2024-07-05_02,14,0,-57000,0.3775,0.38284066319465637,0.00534066319465637
2024-07-05_02,15,19000,-57000,0.3878,0.3930570185184479,0.005257018518447898
2024-07-05_02,16,38000,-57000,0.4163,0.3915197253227234,-0.024780274677276615
2024-07-05_02,17,57000,-57000,0.4595,0.48012202978134155,0.020622029781341533
2024-07-05_02,18,76000,-57000,0.5278,0.540879487991333,0.013079487991332961
2024-07-05_02,19,-76000,-38000,0.4674,0.4788503646850586,0.011450364685058612
2024-07-05_02,20,-57000,-38000,0.4047,0.42849770188331604,0.023797701883316036
2024-07-05_02,21,-38000,-38000,0.3614,0.3673582673072815,0.005958267307281495
2024-07-05_02,22,-19000,-38000,0.3344,0.3414956331253052,0.007095633125305201
2024-07-05_02,23,0,-38000,0.3248,0.32980939745903015,0.005009397459030174
2024-07-05_02,24,19000,-38000,0.3373,0.3437221050262451,0.0064221050262451285
2024-07-05_02,25,38000,-38000,0.3656,0.3710609972476959,0.005460997247695942
2024-07-05_02,26,57000,-38000,0.4108,0.42673659324645996,0.015936593246459962
2024-07-05_02,27,76000,-38000,0.4712,0.4836089313030243,0.012408931303024284
2024-07-05_02,28,-95000,-19000,0.4972,0.5217728614807129,0.024572861480712915
2024-07-05_02,29,-76000,-19000,0.4317,0.43316173553466797,0.001461735534667996
2024-07-05_02,30,-57000,-19000,0.3706,0.3774116039276123,0.00681160392761232
2024-07-05_02,31,-38000,-19000,0.3256,0.33310431241989136,0.007504312419891357
2024-07-05_02,32,-19000,-19000,0.2968,0.30338791012763977,0.006587910127639762
2024-07-05_02,33,0,-19000,0.2865,0.29254457354545593,0.006044573545455956
2024-07-05_02,34,19000,-19000,0.3001,0.3063633441925049,0.006263344192504905
2024-07-05_02,35,38000,-19000,0.331,0.3355776369571686,0.004577636957168563
2024-07-05_02,36,57000,-19000,0.3782,0.38339054584503174,0.005190545845031758
2024-07-05_02,37,76000,-19000,0.4408,0.44429662823677063,0.0034966282367706047
2024-07-05_02,38,95000,-19000,0.5047,0.5227681398391724,0.018068139839172326
2024-07-05_02,39,-95000,0,0.5042,0.5232601761817932,0.01906017618179323
2024-07-05_02,40,-76000,0,0.4133,0.41923975944519043,0.005939759445190429
2024-07-05_02,41,-57000,0,0.3536,0.3609747886657715,0.007374788665771459
2024-07-05_02,42,-38000,0,0.308,0.3152706027030945,0.007270602703094486
2024-07-05_02,43,-19000,0,0.2784,0.28468215465545654,0.006282154655456562
2024-07-05_02,44,19000,0,0.2823,0.28893476724624634,0.0066347672462463425
2024-07-05_02,45,38000,0,0.3152,0.32164067029953003,0.006440670299530049
2024-07-05_02,46,57000,0,0.3635,0.36827877163887024,0.0047787716388702495
2024-07-05_02,47,76000,0,0.4258,0.41861647367477417,-0.007183526325225842
2024-07-05_02,48,95000,0,0.5033,0.5005670189857483,-0.0027329810142516786
2024-07-05_02,49,-95000,19000,0.4888,0.48016518354415894,-0.008634816455841077
2024-07-05_02,50,-76000,19000,0.4143,0.4062053859233856,-0.008094614076614381
2024-07-05_02,51,-57000,19000,0.3538,0.36059555411338806,0.006795554113388058
2024-07-05_02,52,-38000,19000,0.3085,0.31574076414108276,0.007240764141082767
2024-07-05_02,53,-19000,19000,0.281,0.28751441836357117,0.0065144183635711395
2024-07-05_02,54,0,19000,0.2714,0.27757522463798523,0.006175224637985255
2024-07-05_02,55,19000,19000,0.2845,0.2913987934589386,0.0068987934589386235
2024-07-05_02,56,38000,19000,0.3159,0.32167813181877136,0.005778131818771348
2024-07-05_02,57,57000,19000,0.3643,0.3697025179862976,0.005402517986297595
2024-07-05_02,58,76000,19000,0.4273,0.4202709496021271,-0.007029050397872938
2024-07-05_02,59,95000,19000,0.4875,0.49367648363113403,0.006176483631134044
2024-07-05_02,60,-76000,38000,0.4369,0.4420264959335327,0.005126495933532704
2024-07-05_02,61,-57000,38000,0.3713,0.3785598874092102,0.007259887409210186
2024-07-05_02,62,-38000,38000,0.3278,0.3359347879886627,0.00813478798866274
2024-07-05_02,63,-19000,38000,0.3008,0.30951058864593506,0.008710588645935047
2024-07-05_02,64,0,38000,0.2924,0.29900237917900085,0.006602379179000861
2024-07-05_02,65,19000,38000,0.3048,0.31099972128868103,0.006199721288681015
2024-07-05_02,66,38000,38000,0.3356,0.3398554027080536,0.0042554027080535795
2024-07-05_02,67,57000,38000,0.3814,0.3851345181465149,0.003734518146514876
2024-07-05_02,68,76000,38000,0.4467,0.46199727058410645,0.01529727058410646
2024-07-05_02,69,-76000,57000,0.4857,0.49081647396087646,0.005116473960876444
2024-07-05_02,70,-57000,57000,0.4071,0.4284338355064392,0.02133383550643919
2024-07-05_02,71,-38000,57000,0.3621,0.3685486614704132,0.006448661470413231
2024-07-05_02,72,-19000,57000,0.3361,0.3424152433872223,0.00631524338722228
2024-07-05_02,73,0,57000,0.3276,0.3347332179546356,0.007133217954635618
2024-07-05_02,74,19000,57000,0.3406,0.3453019857406616,0.004701985740661607
2024-07-05_02,75,38000,57000,0.3685,0.3727758526802063,0.004275852680206305
2024-07-05_02,76,57000,57000,0.416,0.40755558013916016,-0.008444419860839825
2024-07-05_02,77,76000,57000,0.4815,0.49755173921585083,0.016051739215850847
2024-07-05_02,78,-57000,76000,0.4672,0.4848257303237915,0.0176257303237915
2024-07-05_02,79,-38000,76000,0.4151,0.4159356355667114,0.0008356355667114013
2024-07-05_02,80,-19000,76000,0.3872,0.393724262714386,0.006524262714385998
2024-07-05_02,81,0,76000,0.3776,0.38452354073524475,0.00692354073524476
2024-07-05_02,82,19000,76000,0.39,0.39517420530319214,0.005174205303192125
2024-07-05_02,83,38000,76000,0.4199,0.42309027910232544,0.003190279102325444
2024-07-05_02,84,57000,76000,0.464,0.46268394589424133,-0.0013160541057586905
2024-07-05_02,85,-19000,95000,0.448,0.45953619480133057,0.011536194801330557
2024-07-05_02,86,0,95000,0.449,0.4657959043979645,0.016795904397964467
2024-07-05_02,87,19000,95000,0.4519,0.4541400074958801,0.002240007495880103
2024-07-05_03,0,-19000,-95000,0.5323,0.5231525897979736,-0.009147410202026363
2024-07-05_03,1,0,-95000,0.5491,0.4563506543636322,-0.09274934563636783
2024-07-05_03,2,19000,-95000,0.5323,0.4695417881011963,-0.0627582118988037
2024-07-05_03,3,-57000,-76000,0.5566,0.5298179984092712,-0.026782001590728743
2024-07-05_03,4,-38000,-76000,0.487,0.44242623448371887,-0.044573765516281116
2024-07-05_03,5,-19000,-76000,0.4585,0.40775200724601746,-0.05074799275398256
2024-07-05_03,6,0,-76000,0.4499,0.40258508920669556,-0.047314910793304465
2024-07-05_03,7,19000,-76000,0.4595,0.4222426414489746,-0.03725735855102541
2024-07-05_03,8,38000,-76000,0.4872,0.4420781135559082,-0.04512188644409182
2024-07-05_03,9,57000,-76000,0.5455,0.4616577923297882,-0.08384220767021178
2024-07-05_03,10,-76000,-57000,0.5488,0.4920575022697449,-0.05674249773025508
2024-07-05_03,11,-57000,-57000,0.463,0.41366538405418396,-0.04933461594581606
2024-07-05_03,12,-38000,-57000,0.4188,0.4351309537887573,0.01633095378875732
2024-07-05_03,13,-19000,-57000,0.3918,0.38865768909454346,-0.0031423109054565246
2024-07-05_03,14,0,-57000,0.3831,0.3794063925743103,-0.0036936074256896934
2024-07-05_03,15,19000,-57000,0.3938,0.3920699656009674,-0.0017300343990325762
2024-07-05_03,16,38000,-57000,0.4221,0.4665233790874481,0.044423379087448145
2024-07-05_03,17,57000,-57000,0.4659,0.4573652744293213,-0.008534725570678692
2024-07-05_03,18,76000,-57000,0.5391,0.45874834060668945,-0.08035165939331057
2024-07-05_03,19,-76000,-38000,0.4744,0.43811070919036865,-0.036289290809631336
2024-07-05_03,20,-57000,-38000,0.4105,0.41530537605285645,0.004805376052856469
2024-07-05_03,21,-38000,-38000,0.3671,0.3632262945175171,-0.003873705482482892
2024-07-05_03,22,-19000,-38000,0.3404,0.3382708430290222,-0.0021291569709777636
2024-07-05_03,23,0,-38000,0.3308,0.32911863923072815,-0.0016813607692718335
2024-07-05_03,24,19000,-38000,0.3432,0.3411846160888672,-0.0020153839111328176
2024-07-05_03,25,38000,-38000,0.3717,0.36724933981895447,-0.004450660181045507
2024-07-05_03,26,57000,-38000,0.4173,0.44635406136512756,0.02905406136512756
2024-07-05_03,27,76000,-38000,0.4779,0.4422859251499176,-0.03561407485008239
2024-07-05_03,28,-95000,-19000,0.5058,0.4043460190296173,-0.10145398097038272
2024-07-05_03,29,-76000,-19000,0.4372,0.4065781533718109,-0.030621846628189064
2024-07-05_03,30,-57000,-19000,0.3763,0.37115925550460815,-0.005140744495391869
2024-07-05_03,31,-38000,-19000,0.3318,0.3259555995464325,-0.005844400453567489
2024-07-05_03,32,-19000,-19000,0.3026,0.2997685670852661,-0.002831432914733867
2024-07-05_03,33,0,-19000,0.2926,0.2887473404407501,-0.0038526595592499047
2024-07-05_03,34,19000,-19000,0.3062,0.3007732629776001,-0.00542673702239993
2024-07-05_03,35,38000,-19000,0.3373,0.3347952365875244,-0.0025047634124755747
2024-07-05_03,36,57000,-19000,0.3846,0.3813103139400482,-0.0032896860599517797
2024-07-05_03,37,76000,-19000,0.4478,0.4164966344833374,-0.031303365516662573
2024-07-05_03,38,95000,-19000,0.516,0.4596877694129944,-0.05631223058700563
2024-07-05_03,39,-95000,0,0.5153,0.4013732075691223,-0.11392679243087767
2024-07-05_03,40,-76000,0,0.4195,0.4390672743320465,0.019567274332046525
2024-07-05_03,41,-57000,0,0.3591,0.35906916856765747,-3.083143234250407e-05
2024-07-05_03,42,-38000,0,0.314,0.3176029324531555,0.0036029324531555162
2024-07-05_03,43,-19000,0,0.2852,0.28329697251319885,-0.0019030274868011565
2024-07-05_03,44,19000,0,0.2888,0.2837848663330078,-0.005015133666992189
2024-07-05_03,45,38000,0,0.3221,0.3266797959804535,0.004579795980453494
2024-07-05_03,46,57000,0,0.3699,0.3645887076854706,-0.0053112923145294255
2024-07-05_03,47,76000,0,0.4328,0.34595292806625366,-0.08684707193374636
2024-07-05_03,48,95000,0,0.5156,0.481864869594574,-0.03373513040542597
2024-07-05_03,49,-95000,19000,0.4911,0.4428219795227051,-0.0482780204772949
2024-07-05_03,50,-76000,19000,0.421,0.41657334566116333,-0.004426654338836655
2024-07-05_03,51,-57000,19000,0.3595,0.35832059383392334,-0.0011794061660766464
2024-07-05_03,52,-38000,19000,0.3146,0.315874308347702,0.0012743083477020356
2024-07-05_03,53,-19000,19000,0.2875,0.28683894872665405,-0.0006610512733459251
2024-07-05_03,54,0,19000,0.2784,0.2733820080757141,-0.0050179919242858695
2024-07-05_03,55,19000,19000,0.2915,0.2864047586917877,-0.005095241308212262
2024-07-05_03,56,38000,19000,0.3232,0.32436585426330566,0.0011658542633056768
2024-07-05_03,57,57000,19000,0.371,0.36594876646995544,-0.005051233530044552
2024-07-05_03,58,76000,19000,0.435,0.3719927966594696,-0.0630072033405304
2024-07-05_03,59,95000,19000,0.4988,0.4181850850582123,-0.08061491494178774
2024-07-05_03,60,-76000,38000,0.4448,0.3580228090286255,-0.08677719097137448
2024-07-05_03,61,-57000,38000,0.3775,0.3733441233634949,-0.004155876636505129
2024-07-05_03,62,-38000,38000,0.334,0.33097368478775024,-0.003026315212249775
2024-07-05_03,63,-19000,38000,0.3073,0.30426427721977234,-0.0030357227802276787
2024-07-05_03,64,0,38000,0.2992,0.29622769355773926,-0.0029723064422607637
2024-07-05_03,65,19000,38000,0.3118,0.30791497230529785,-0.00388502769470217
2024-07-05_03,66,38000,38000,0.3426,0.3361900746822357,-0.006409925317764298
2024-07-05_03,67,57000,38000,0.3889,0.3855065107345581,-0.003393489265441918
2024-07-05_03,68,76000,38000,0.4555,0.37252867221832275,-0.08297132778167726
2024-07-05_03,69,-76000,57000,0.4981,0.4335731565952301,-0.06452684340476988
2024-07-05_03,70,-57000,57000,0.4151,0.43748924136161804,0.022389241361618017
2024-07-05_03,71,-38000,57000,0.3687,0.36338284611701965,-0.005317153882980374
2024-07-05_03,72,-19000,57000,0.3428,0.34592539072036743,0.003125390720367438
2024-07-05_03,73,0,57000,0.335,0.3296028673648834,-0.005397132635116597
2024-07-05_03,74,19000,57000,0.3475,0.3407233953475952,-0.006776604652404761
2024-07-05_03,75,38000,57000,0.3756,0.3745397925376892,-0.0010602074623107804
2024-07-05_03,76,57000,57000,0.4245,0.4689725637435913,0.04447256374359132
2024-07-05_03,77,76000,57000,0.4945,0.442649245262146,-0.051850754737854
2024-07-05_03,78,-57000,76000,0.4786,0.44609659910202026,-0.03250340089797976
2024-07-05_03,79,-38000,76000,0.4236,0.4729990065097809,0.04939900650978091
2024-07-05_03,80,-19000,76000,0.3946,0.3828132450580597,-0.011786754941940314
2024-07-05_03,81,0,76000,0.3853,0.3778776228427887,-0.0074223771572112796
2024-07-05_03,82,19000,76000,0.398,0.38837701082229614,-0.009622989177703878
2024-07-05_03,83,38000,76000,0.4283,0.39374953508377075,-0.03455046491622926
2024-07-05_03,84,57000,76000,0.4762,0.38763442635536194,-0.08856557364463807
2024-07-05_03,85,-19000,95000,0.4583,0.43055301904678345,-0.027746980953216538
2024-07-05_03,86,0,95000,0.4602,0.4327041506767273,-0.027495849323272703
2024-07-05_03,87,19000,95000,0.401547873,0.3939000964164734,-0.007647776583526611
2024-07-05_04,0,-19000,-95000,0.5366,0.5207849740982056,-0.0158150259017944
2024-07-05_04,1,0,-95000,0.5555,0.5411249995231628,-0.014375000476837152
2024-07-05_04,2,19000,-95000,0.5376,0.5284371376037598,-0.009162862396240201
2024-07-05_04,3,-57000,-76000,0.563,0.5494955778121948,-0.01350442218780512
2024-07-05_04,4,-38000,-76000,0.4936,0.48233115673065186,-0.011268843269348128
2024-07-05_04,5,-19000,-76000,0.4648,0.4625314474105835,-0.002268552589416495
2024-07-05_04,6,0,-76000,0.4563,0.44169652462005615,-0.014603475379943831
2024-07-05_04,7,19000,-76000,0.4657,0.4559512138366699,-0.009748786163330081
2024-07-05_04,8,38000,-76000,0.493,0.4869462847709656,-0.006053715229034418
2024-07-05_04,9,57000,-76000,0.5523,0.5320711135864258,-0.020228886413574232
2024-07-05_04,10,-76000,-57000,0.5565,0.5494722127914429,-0.007027787208557124
2024-07-05_04,11,-57000,-57000,0.4694,0.4575563669204712,-0.011843633079528793
2024-07-05_04,12,-38000,-57000,0.4256,0.4137474000453949,-0.011852599954605081
2024-07-05_04,13,-19000,-57000,0.3988,0.40634268522262573,0.007542685222625745
2024-07-05_04,14,0,-57000,0.3905,0.39812836050987244,0.007628360509872423
2024-07-05_04,15,19000,-57000,0.401,0.40830448269844055,0.007304482698440529
2024-07-05_04,16,38000,-57000,0.4291,0.4186381697654724,-0.01046183023452757
2024-07-05_04,17,57000,-57000,0.4717,0.46426326036453247,-0.0074367396354675375
2024-07-05_04,18,76000,-57000,0.5456,0.5354118347167969,-0.010188165283203099
2024-07-05_04,19,-76000,-38000,0.4818,0.47765064239501953,-0.004149357604980475
2024-07-05_04,20,-57000,-38000,0.4183,0.3894566595554352,-0.028843340444564824
2024-07-05_04,21,-38000,-38000,0.3745,0.38385623693466187,0.009356236934661866
2024-07-05_04,22,-19000,-38000,0.3483,0.35639896988868713,0.008098969888687135
2024-07-05_04,23,0,-38000,0.3392,0.34778255224227905,0.008582552242279051
2024-07-05_04,24,19000,-38000,0.3511,0.3591202199459076,0.00802021994590757
2024-07-05_04,25,38000,-38000,0.379,0.38568922877311707,0.006689228773117062
2024-07-05_04,26,57000,-38000,0.4244,0.4023326635360718,-0.022067336463928222
2024-07-05_04,27,76000,-38000,0.4842,0.4669400453567505,-0.01725995464324953
2024-07-05_04,28,-95000,-19000,0.512,0.5137925744056702,0.0017925744056701554
2024-07-05_04,29,-76000,-19000,0.445,0.4279457926750183,-0.017054207324981696
2024-07-05_04,30,-57000,-19000,0.3841,0.3939632177352905,0.00986321773529053
2024-07-05_04,31,-38000,-19000,0.3402,0.34949859976768494,0.009298599767684934
2024-07-05_04,32,-19000,-19000,0.3115,0.3201991617679596,0.008699161767959596
2024-07-05_04,33,0,-19000,0.3013,0.31047937273979187,0.009179372739791858
2024-07-05_04,34,19000,-19000,0.3149,0.32370907068252563,0.008809070682525622
2024-07-05_04,35,38000,-19000,0.3458,0.3538656532764435,0.008065653276443485
2024-07-05_04,36,57000,-19000,0.392,0.39982935786247253,0.007829357862472519
2024-07-05_04,37,76000,-19000,0.4545,0.45181405544281006,-0.0026859445571899565
2024-07-05_04,38,95000,-19000,0.5227,0.5053004026412964,-0.017399597358703667
2024-07-05_04,39,-95000,0,0.5267,0.5231370329856873,-0.00356296701431269
2024-07-05_04,40,-76000,0,0.4278,0.40754076838493347,-0.020259231615066542
2024-07-05_04,41,-57000,0,0.3672,0.3774997293949127,0.010299729394912693
2024-07-05_04,42,-38000,0,0.3227,0.33379068970680237,0.011090689706802381
2024-07-05_04,43,-19000,0,0.294,0.30289724469184875,0.008897244691848771
2024-07-05_04,44,19000,0,0.2981,0.30694469809532166,0.00884469809532168
2024-07-05_04,45,38000,0,0.3311,0.34018757939338684,0.009087579393386835
2024-07-05_04,46,57000,0,0.3774,0.3848194181919098,0.007419418191909777
2024-07-05_04,47,76000,0,0.4401,0.42735421657562256,-0.012745783424377433
2024-07-05_04,48,95000,0,0.5236,0.5004178881645203,-0.02318211183547969
2024-07-05_04,49,-95000,19000,0.4985,0.4845563769340515,-0.013943623065948485
2024-07-05_04,50,-76000,19000,0.43,0.4327319860458374,0.002731986045837409
2024-07-05_04,51,-57000,19000,0.3677,0.37895724177360535,0.01125724177360532
2024-07-05_04,52,-38000,19000,0.3242,0.335409939289093,0.01120993928909303
2024-07-05_04,53,-19000,19000,0.2966,0.30603575706481934,0.009435757064819361
2024-07-05_04,54,0,19000,0.2881,0.2974430024623871,0.009343002462387062
2024-07-05_04,55,19000,19000,0.3003,0.30916547775268555,0.008865477752685536
2024-07-05_04,56,38000,19000,0.3322,0.3409695625305176,0.008769562530517583
2024-07-05_04,57,57000,19000,0.3788,0.3864923119544983,0.0076923119544982654
2024-07-05_04,58,76000,19000,0.4423,0.42548635601997375,-0.01681364398002627
2024-07-05_04,59,95000,19000,0.5065,0.4974815845489502,-0.009018415451049755
2024-07-05_04,60,-76000,38000,0.4541,0.44383013248443604,-0.010269867515563968
2024-07-05_04,61,-57000,38000,0.3861,0.3956470489501953,0.009547048950195314
2024-07-05_04,62,-38000,38000,0.3433,0.3535120487213135,0.010212048721313483
2024-07-05_04,63,-19000,38000,0.3168,0.3267647922039032,0.009964792203903172
2024-07-05_04,64,0,38000,0.3085,0.3190099000930786,0.010509900093078617
2024-07-05_04,65,19000,38000,0.3211,0.33083245158195496,0.00973245158195496
2024-07-05_04,66,38000,38000,0.3509,0.3581306040287018,0.0072306040287017925
2024-07-05_04,67,57000,38000,0.3969,0.40284305810928345,0.005943058109283472
2024-07-05_04,68,76000,38000,0.4628,0.4604431390762329,-0.002356860923767079
2024-07-05_04,69,-76000,57000,0.5075,0.5006118416786194,-0.006888158321380566
2024-07-05_04,70,-57000,57000,0.4243,0.39676204323768616,-0.027537956762313853
2024-07-05_04,71,-38000,57000,0.377,0.38694998621940613,0.009949986219406126
2024-07-05_04,72,-19000,57000,0.3514,0.362108051776886,0.010708051776885996
2024-07-05_04,73,0,57000,0.344,0.3527355492115021,0.008735549211502103
2024-07-05_04,74,19000,57000,0.3556,0.3638543486595154,0.008254348659515354
2024-07-05_04,75,38000,57000,0.3833,0.3891598582267761,0.005859858226776149
2024-07-05_04,76,57000,57000,0.4326,0.40757274627685547,-0.025027253723144516
2024-07-05_04,77,76000,57000,0.5023,0.4849608242511749,-0.017339175748825042
2024-07-05_04,78,-57000,76000,0.4875,0.4887564182281494,0.0012564182281494252
2024-07-05_04,79,-38000,76000,0.4319,0.4253876209259033,-0.006512379074096686
2024-07-05_04,80,-19000,76000,0.4033,0.41138336062431335,0.008083360624313363
2024-07-05_04,81,0,76000,0.3936,0.40075790882110596,0.007157908821105952
2024-07-05_04,82,19000,76000,0.4063,0.4119689464569092,0.005668946456909185
2024-07-05_04,83,38000,76000,0.4363,0.4291357398033142,-0.007164260196685812
2024-07-05_04,84,57000,76000,0.4838,0.4751514792442322,-0.00864852075576783
2024-07-05_04,85,-19000,95000,0.4649,0.4567824602127075,-0.00811753978729246
2024-07-05_04,86,0,95000,0.4685,0.45650213956832886,-0.01199786043167117
2024-07-05_04,87,19000,95000,0.4686,0.4580751061439514,-0.0105248938560486
2024-07-05_05,0,-19000,-95000,0.5394,0.5293822288513184,-0.010017771148681631
2024-07-05_05,1,0,-95000,0.5582,0.5418529510498047,-0.016347048950195342
2024-07-05_05,2,19000,-95000,0.5389,0.5270665287971497,-0.011833471202850387
2024-07-05_05,3,-57000,-76000,0.566,0.5537505149841309,-0.012249485015869088
2024-07-05_05,4,-38000,-76000,0.4954,0.4835488200187683,-0.011851179981231696
2024-07-05_05,5,-19000,-76000,0.466,0.44960135221481323,-0.016398647785186793
2024-07-05_05,6,0,-76000,0.4577,0.45161038637161255,-0.006089613628387447
2024-07-05_05,7,19000,-76000,0.467,0.4549904763698578,-0.012009523630142238
2024-07-05_05,8,38000,-76000,0.4945,0.4830528497695923,-0.01144715023040771
2024-07-05_05,9,57000,-76000,0.5548,0.5418080687522888,-0.012991931247711141
2024-07-05_05,10,-76000,-57000,0.5596,0.5486950874328613,-0.010904912567138658
2024-07-05_05,11,-57000,-57000,0.4712,0.4635199010372162,-0.007680098962783821
2024-07-05_05,12,-38000,-57000,0.4274,0.42121198773384094,-0.00618801226615906
2024-07-05_05,13,-19000,-57000,0.4005,0.4030979573726654,0.0025979573726653826
2024-07-05_05,14,0,-57000,0.3918,0.3950907289981842,0.0032907289981842225
2024-07-05_05,15,19000,-57000,0.4023,0.4045419692993164,0.0022419692993164153
2024-07-05_05,16,38000,-57000,0.4301,0.4199710190296173,-0.010128980970382673
2024-07-05_05,17,57000,-57000,0.4728,0.4626908004283905,-0.010109199571609495
2024-07-05_05,18,76000,-57000,0.5499,0.5302585363388062,-0.019641463661193903
2024-07-05_05,19,-76000,-38000,0.4842,0.4772968888282776,-0.006903111171722431
2024-07-05_05,20,-57000,-38000,0.4204,0.42137062549591064,0.0009706254959106486
2024-07-05_05,21,-38000,-38000,0.3761,0.37931039929389954,0.0032103992938995463
2024-07-05_05,22,-19000,-38000,0.3496,0.3523663580417633,0.002766358041763284
2024-07-05_05,23,0,-38000,0.3403,0.3432045876979828,0.0029045876979827967
2024-07-05_05,24,19000,-38000,0.3521,0.354137122631073,0.002037122631072974
2024-07-05_05,25,38000,-38000,0.3804,0.3821720778942108,0.0017720778942107995
2024-07-05_05,26,57000,-38000,0.4259,0.41599082946777344,-0.009909170532226563
2024-07-05_05,27,76000,-38000,0.4866,0.47658219933509827,-0.01001780066490171
2024-07-05_05,28,-95000,-19000,0.5151,0.5068892240524292,-0.008210775947570803
2024-07-05_05,29,-76000,-19000,0.4473,0.4382034242153168,-0.009096575784683203
2024-07-05_05,30,-57000,-19000,0.3861,0.3894900977611542,0.003390097761154176
2024-07-05_05,31,-38000,-19000,0.3418,0.34629490971565247,0.004494909715652473
2024-07-05_05,32,-19000,-19000,0.3124,0.3166109025478363,0.004210902547836293
2024-07-05_05,33,0,-19000,0.3021,0.30443182587623596,0.0023318258762359823
2024-07-05_05,34,19000,-19000,0.3158,0.3184867799282074,0.0026867799282073723
2024-07-05_05,35,38000,-19000,0.347,0.34957608580589294,0.002576085805892969
2024-07-05_05,36,57000,-19000,0.3938,0.39485710859298706,0.0010571085929870772
2024-07-05_05,37,76000,-19000,0.4561,0.4467296600341797,-0.009370339965820318
2024-07-05_05,38,95000,-19000,0.5256,0.5088365077972412,-0.016763492202758745
2024-07-05_05,39,-95000,0,0.5312,0.5313611030578613,0.00016110305786132262
2024-07-05_05,40,-76000,0,0.4305,0.4211001992225647,-0.009399800777435297
2024-07-05_05,41,-57000,0,0.3692,0.3733876347541809,0.0041876347541809356
2024-07-05_05,42,-38000,0,0.3248,0.3302171230316162,0.005417123031616233
2024-07-05_05,43,-19000,0,0.2952,0.2998847961425781,0.004684796142578107
2024-07-05_05,44,19000,0,0.299,0.30235952138900757,0.0033595213890075803
2024-07-05_05,45,38000,0,0.3325,0.33477315306663513,0.002273153066635114
2024-07-05_05,46,57000,0,0.3788,0.3794513940811157,0.0006513940811156971
2024-07-05_05,47,76000,0,0.442,0.4314720034599304,-0.010527996540069584
2024-07-05_05,48,95000,0,0.5286,0.5083608627319336,-0.020239137268066365
2024-07-05_05,49,-95000,19000,0.5018,0.4956839084625244,-0.00611609153747561
2024-07-05_05,50,-76000,19000,0.4323,0.41833245754241943,-0.013967542457580584
2024-07-05_05,51,-57000,19000,0.3699,0.374054491519928,0.004154491519927972
2024-07-05_05,52,-38000,19000,0.3255,0.33043327927589417,0.0049332792758941535
2024-07-05_05,53,-19000,19000,0.298,0.30130359530448914,0.0033035953044891486
2024-07-05_05,54,0,19000,0.2891,0.2919432520866394,0.0028432520866393807
2024-07-05_05,55,19000,19000,0.3018,0.3041417896747589,0.0023417896747588984
2024-07-05_05,56,38000,19000,0.3335,0.336010217666626,0.002510217666625958
2024-07-05_05,57,57000,19000,0.3801,0.37992924451828003,-0.00017075548171996413
2024-07-05_05,58,76000,19000,0.4441,0.4275522232055664,-0.01654777679443359
2024-07-05_05,59,95000,19000,0.5096,0.48675674200057983,-0.02284325799942022
2024-07-05_05,60,-76000,38000,0.4568,0.4458481967449188,-0.01095180325508116
2024-07-05_05,61,-57000,38000,0.3883,0.3922361731529236,0.0039361731529236055
2024-07-05_05,62,-38000,38000,0.345,0.3499593436717987,0.004959343671798733
2024-07-05_05,63,-19000,38000,0.3184,0.32204514741897583,0.0036451474189758137
2024-07-05_05,64,0,38000,0.3099,0.31429755687713623,0.004397556877136222
2024-07-05_05,65,19000,38000,0.3226,0.3246709108352661,0.0020709108352661154
2024-07-05_05,66,38000,38000,0.3523,0.3523784577846527,7.845778465270792e-05
2024-07-05_05,67,57000,38000,0.398,0.39725255966186523,-0.000747440338134786
2024-07-05_05,68,76000,38000,0.4642,0.4539634585380554,-0.010236541461944582
2024-07-05_05,69,-76000,57000,0.5135,0.507483184337616,-0.00601681566238399
2024-07-05_05,70,-57000,57000,0.427,0.41889798641204834,-0.00810201358795165
2024-07-05_05,71,-38000,57000,0.3789,0.38179221749305725,0.0028922174930572364
2024-07-05_05,72,-19000,57000,0.3531,0.35677286982536316,0.0036728698253631342
2024-07-05_05,73,0,57000,0.3455,0.3483809530735016,0.002880953073501613
2024-07-05_05,74,19000,57000,0.3569,0.3576989471912384,0.0007989471912384083
2024-07-05_05,75,38000,57000,0.3848,0.3849131464958191,0.0001131464958191164
2024-07-05_05,76,57000,57000,0.434,0.42639797925949097,-0.00760202074050903
2024-07-05_05,77,76000,57000,0.505,0.4908909797668457,-0.014109020233154301
2024-07-05_05,78,-57000,76000,0.4935,0.48493829369544983,-0.008561706304550165
2024-07-05_05,79,-38000,76000,0.4346,0.42573344707489014,-0.00886655292510985
2024-07-05_05,80,-19000,76000,0.4055,0.4073873460292816,0.0018873460292815891
2024-07-05_05,81,0,76000,0.3953,0.3970997631549835,0.0017997631549835358
2024-07-05_05,82,19000,76000,0.408,0.40713998675346375,-0.0008600132465362287
2024-07-05_05,83,38000,76000,0.438,0.4194595217704773,-0.018540478229522706
2024-07-05_05,84,57000,76000,0.487,0.47554832696914673,-0.01145167303085326
2024-07-05_05,85,-19000,95000,0.4679,0.456773579120636,-0.011126420879363996
2024-07-05_05,86,0,95000,0.4721,0.4605017304420471,-0.0115982695579529
2024-07-05_05,87,19000,95000,0.4705,0.4657336473464966,-0.004766352653503392
2024-07-05_06,0,-19000,-95000,0.538,0.5327982902526855,-0.005201709747314487
2024-07-05_06,1,0,-95000,0.5567,0.5509934425354004,-0.005706557464599582
2024-07-05_06,2,19000,-95000,0.5383,0.5335301160812378,-0.004769883918762208
2024-07-05_06,3,-57000,-76000,0.5655,0.5594032406806946,-0.006096759319305423
2024-07-05_06,4,-38000,-76000,0.4966,0.49108725786209106,-0.005512742137908921
2024-07-05_06,5,-19000,-76000,0.4675,0.46985766291618347,0.002357662916183445
2024-07-05_06,6,0,-76000,0.4593,0.4478738307952881,-0.0114261692047119
2024-07-05_06,7,19000,-76000,0.4685,0.4644588828086853,-0.004041117191314725
2024-07-05_06,8,38000,-76000,0.4955,0.4896465241909027,-0.005853475809097286
2024-07-05_06,9,57000,-76000,0.554,0.5447527170181274,-0.009247282981872607
2024-07-05_06,10,-76000,-57000,0.5584,0.5534650683403015,-0.004934931659698494
2024-07-05_06,11,-57000,-57000,0.4729,0.4690956473350525,-0.003804352664947497
2024-07-05_06,12,-38000,-57000,0.4301,0.41429203748703003,-0.015807962512969953
2024-07-05_06,13,-19000,-57000,0.4029,0.4000707268714905,-0.002829273128509502
2024-07-05_06,14,0,-57000,0.3947,0.3919774889945984,-0.0027225110054016066
2024-07-05_06,15,19000,-57000,0.405,0.4016837477684021,-0.003316252231597927
2024-07-05_06,16,38000,-57000,0.4326,0.41044455766677856,-0.02215544233322142
2024-07-05_06,17,57000,-57000,0.4746,0.4697505831718445,-0.004849416828155539
2024-07-05_06,18,76000,-57000,0.5491,0.5419645309448242,-0.007135469055175814
2024-07-05_06,19,-76000,-38000,0.4862,0.48048126697540283,-0.005718733024597189
2024-07-05_06,20,-57000,-38000,0.423,0.41173192858695984,-0.011268071413040148
2024-07-05_06,21,-38000,-38000,0.3789,0.3773641586303711,-0.0015358413696289208
2024-07-05_06,22,-19000,-38000,0.3526,0.3509838581085205,-0.0016161418914795167
2024-07-05_06,23,0,-38000,0.3435,0.34063372015953064,-0.002866279840469388
2024-07-05_06,24,19000,-38000,0.3553,0.35256922245025635,-0.002730777549743657
2024-07-05_06,25,38000,-38000,0.3834,0.3801494836807251,-0.003250516319274921
2024-07-05_06,26,57000,-38000,0.4285,0.4144880473613739,-0.01401195263862609
2024-07-05_06,27,76000,-38000,0.4883,0.48305201530456543,-0.005247984695434582
2024-07-05_06,28,-95000,-19000,0.5153,0.5127058625221252,-0.002594137477874736
2024-07-05_06,29,-76000,-19000,0.4497,0.443920373916626,-0.005779626083374012
2024-07-05_06,30,-57000,-19000,0.389,0.3880338668823242,-0.0009661331176757937
2024-07-05_06,31,-38000,-19000,0.345,0.3431076109409332,-0.0018923890590667458
2024-07-05_06,32,-19000,-19000,0.316,0.31408748030662537,-0.001912519693374637
2024-07-05_06,33,0,-19000,0.3058,0.3035299777984619,-0.002270022201538102
2024-07-05_06,34,19000,-19000,0.3196,0.3167434334754944,-0.0028565665245056104
2024-07-05_06,35,38000,-19000,0.3501,0.34730762243270874,-0.002792377567291282
2024-07-05_06,36,57000,-19000,0.397,0.39268702268600464,-0.004312977313995381
2024-07-05_06,37,76000,-19000,0.4588,0.4531349837779999,-0.005665016222000108
2024-07-05_06,38,95000,-19000,0.5279,0.5171065330505371,-0.010793466949462927
2024-07-05_06,39,-95000,0,0.5325,0.5300815105438232,-0.002418489456176731
2024-07-05_06,40,-76000,0,0.433,0.41941794753074646,-0.013582052469253536
2024-07-05_06,41,-57000,0,0.3721,0.3713591396808624,-0.0007408603191375596
2024-07-05_06,42,-38000,0,0.3285,0.3268386423587799,-0.001661357641220107
2024-07-05_06,43,-19000,0,0.2986,0.2956782579421997,-0.0029217420578002695
2024-07-05_06,44,19000,0,0.3026,0.29938724637031555,-0.0032127536296844283
2024-07-05_06,45,38000,0,0.336,0.33224204182624817,-0.003757958173751852
2024-07-05_06,46,57000,0,0.3821,0.37782588601112366,-0.004274113988876338
2024-07-05_06,47,76000,0,0.4448,0.4160914719104767,-0.02870852808952329
2024-07-05_06,48,95000,0,0.5295,0.5084396004676819,-0.021060399532318086
2024-07-05_06,49,-95000,19000,0.5031,0.49411970376968384,-0.008980296230316154
2024-07-05_06,50,-76000,19000,0.4348,0.41891804337501526,-0.01588195662498476
2024-07-05_06,51,-57000,19000,0.3726,0.37189435958862305,-0.0007056404113769399
2024-07-05_06,52,-38000,19000,0.3293,0.32773658633232117,-0.0015634136676788146
2024-07-05_06,53,-19000,19000,0.3015,0.2989427149295807,-0.0025572850704193018
2024-07-05_06,54,0,19000,0.2928,0.2899206280708313,-0.002879371929168706
2024-07-05_06,55,19000,19000,0.3056,0.3023577928543091,-0.0032422071456909007
2024-07-05_06,56,38000,19000,0.3371,0.3331708014011383,-0.003929198598861705
2024-07-05_06,57,57000,19000,0.3834,0.3785352408885956,-0.0048647591114044375
2024-07-05_06,58,76000,19000,0.4468,0.4203502833843231,-0.026449716615676855
2024-07-05_06,59,95000,19000,0.5125,0.49381399154663086,-0.018686008453369096
2024-07-05_06,60,-76000,38000,0.4594,0.4453573524951935,-0.014042647504806494
2024-07-05_06,61,-57000,38000,0.3911,0.3894267678260803,-0.001673232173919681
2024-07-05_06,62,-38000,38000,0.3481,0.3462969958782196,-0.001803004121780416
2024-07-05_06,63,-19000,38000,0.3219,0.3197300136089325,-0.0021699863910675243
2024-07-05_06,64,0,38000,0.3133,0.3111526072025299,-0.0021473927974701157
2024-07-05_06,65,19000,38000,0.3263,0.3223969638347626,-0.0039030361652374057
2024-07-05_06,66,38000,38000,0.3554,0.3506503105163574,-0.004749689483642572
2024-07-05_06,67,57000,38000,0.4014,0.39528295397758484,-0.00611704602241514
2024-07-05_06,68,76000,38000,0.4668,0.45849645137786865,-0.00830354862213134
2024-07-05_06,69,-76000,57000,0.516,0.4998319447040558,-0.016168055295944228
2024-07-05_06,70,-57000,57000,0.4295,0.4156073331832886,-0.013892666816711419
2024-07-05_06,71,-38000,57000,0.3818,0.37976890802383423,-0.0020310919761657442
2024-07-05_06,72,-19000,57000,0.3561,0.35401391983032227,-0.002086080169677762
2024-07-05_06,73,0,57000,0.3485,0.34686148166656494,-0.001638518333435035
2024-07-05_06,74,19000,57000,0.3599,0.3565080761909485,-0.0033919238090515114
2024-07-05_06,75,38000,57000,0.3878,0.3828865885734558,-0.0049134114265441675
2024-07-05_06,76,57000,57000,0.4367,0.41823551058769226,-0.018464489412307716
2024-07-05_06,77,76000,57000,0.5064,0.49277541041374207,-0.013624589586257896
2024-07-05_06,78,-57000,76000,0.495,0.4869740605354309,-0.008025939464569087
2024-07-05_06,79,-38000,76000,0.437,0.4242730140686035,-0.012726985931396484
2024-07-05_06,80,-19000,76000,0.4083,0.4038025140762329,-0.004497485923767086
2024-07-05_06,81,0,76000,0.3983,0.39449751377105713,-0.0038024862289428585
2024-07-05_06,82,19000,76000,0.4107,0.4039219617843628,-0.0067780382156372165
2024-07-05_06,83,38000,76000,0.4402,0.41337820887565613,-0.026821791124343852
2024-07-05_06,84,57000,76000,0.4878,0.4782978594303131,-0.009502140569686901
2024-07-05_06,85,-19000,95000,0.4693,0.4707716107368469,0.0014716107368469289
2024-07-05_06,86,0,95000,0.4741,0.46828269958496094,-0.005817300415039084
2024-07-05_06,87,19000,95000,0.4712,0.46047306060791016,-0.010726939392089851
2024-07-05_07,0,-19000,-95000,0.5422,0.5336651802062988,-0.008534819793701187
2024-07-05_07,1,0,-95000,0.5592,0.5531284809112549,-0.0060715190887451476
2024-07-05_07,2,19000,-95000,0.5407,0.530667781829834,-0.010032218170165974
2024-07-05_07,3,-57000,-76000,0.5682,0.5599478483200073,-0.008252151679992714
2024-07-05_07,4,-38000,-76000,0.4983,0.4854377508163452,-0.012862249183654806
2024-07-05_07,5,-19000,-76000,0.4695,0.474420964717865,0.004920964717865017
2024-07-05_07,6,0,-76000,0.4612,0.4631986618041992,0.00199866180419922
2024-07-05_07,7,19000,-76000,0.47,0.46222808957099915,-0.007771910429000828
2024-07-05_07,8,38000,-76000,0.497,0.48614269495010376,-0.010857305049896238
2024-07-05_07,9,57000,-76000,0.5557,0.5421512126922607,-0.01354878730773923
2024-07-05_07,10,-76000,-57000,0.5622,0.5592646598815918,-0.002935340118408236
2024-07-05_07,11,-57000,-57000,0.4752,0.4661470055580139,-0.009052994441986095
2024-07-05_07,12,-38000,-57000,0.4323,0.43459445238113403,0.0022944523811340156
2024-07-05_07,13,-19000,-57000,0.4051,0.40523290634155273,0.00013290634155271874
2024-07-05_07,14,0,-57000,0.3966,0.39915964007377625,0.002559640073776237
2024-07-05_07,15,19000,-57000,0.407,0.40744754672050476,0.00044754672050478783
2024-07-05_07,16,38000,-57000,0.4343,0.4338754117488861,-0.00042458825111391096
2024-07-05_07,17,57000,-57000,0.4761,0.4714237153530121,-0.004676284646987938
2024-07-05_07,18,76000,-57000,0.5514,0.5406496524810791,-0.0107503475189209
2024-07-05_07,19,-76000,-38000,0.4885,0.47942885756492615,-0.009071142435073842
2024-07-05_07,20,-57000,-38000,0.4256,0.41259220242500305,-0.013007797574996927
2024-07-05_07,21,-38000,-38000,0.3813,0.38307374715805054,0.0017737471580505648
2024-07-05_07,22,-19000,-38000,0.3543,0.3571013808250427,0.002801380825042721
2024-07-05_07,23,0,-38000,0.3453,0.3472168743610382,0.0019168743610382122
2024-07-05_07,24,19000,-38000,0.3566,0.3591445982456207,0.002544598245620755
2024-07-05_07,25,38000,-38000,0.3849,0.3865300416946411,0.0016300416946410934
2024-07-05_07,26,57000,-38000,0.4301,0.42724448442459106,-0.002855515575408918
2024-07-05_07,27,76000,-38000,0.4902,0.4813752770423889,-0.008824722957611109
2024-07-05_07,28,-95000,-19000,0.5189,0.505998969078064,-0.012901030921936063
2024-07-05_07,29,-76000,-19000,0.4528,0.45070040225982666,-0.00209959774017332
2024-07-05_07,30,-57000,-19000,0.3917,0.39348748326301575,0.0017874832630157544
2024-07-05_07,31,-38000,-19000,0.3469,0.349883109331131,0.0029831093311309953
2024-07-05_07,32,-19000,-19000,0.318,0.3210146427154541,0.0030146427154540967
2024-07-05_07,33,0,-19000,0.3074,0.31014272570610046,0.0027427257061004573
2024-07-05_07,34,19000,-19000,0.3211,0.3229820132255554,0.0018820132255554234
2024-07-05_07,35,38000,-19000,0.3521,0.35405394434928894,0.0019539443492889164
2024-07-05_07,36,57000,-19000,0.3986,0.39943599700927734,0.0008359970092773339
2024-07-05_07,37,76000,-19000,0.4602,0.4613133668899536,0.0011133668899536153
2024-07-05_07,38,95000,-19000,0.5273,0.5172975063323975,-0.01000249366760253
2024-07-05_07,39,-95000,0,0.5369,0.5264683961868286,-0.01043160381317143
2024-07-05_07,40,-76000,0,0.4362,0.44338685274124146,0.0071868527412414784
2024-07-05_07,41,-57000,0,0.3751,0.37721535563468933,0.002115355634689342
2024-07-05_07,42,-38000,0,0.3311,0.33440259099006653,0.003302590990066523
2024-07-05_07,43,-19000,0,0.3008,0.30377206206321716,0.0029720620632171513
2024-07-05_07,44,19000,0,0.3045,0.3067009150981903,0.0022009150981903147
2024-07-05_07,45,38000,0,0.338,0.34003353118896484,0.002033531188964821
2024-07-05_07,46,57000,0,0.3837,0.3844858407974243,0.0007858407974243309
2024-07-05_07,47,76000,0,0.4461,0.43860313296318054,-0.0074968670368194545
2024-07-05_07,48,95000,0,0.5303,0.5161329507827759,-0.014167049217224115
2024-07-05_07,49,-95000,19000,0.5071,0.498447060585022,-0.008652939414978023
2024-07-05_07,50,-76000,19000,0.4382,0.45007431507110596,0.011874315071105979
2024-07-05_07,51,-57000,19000,0.376,0.3770065903663635,0.0010065903663635245
2024-07-05_07,52,-38000,19000,0.3323,0.3353610038757324,0.0030610038757324376
2024-07-05_07,53,-19000,19000,0.3036,0.30720704793930054,0.003607047939300556
2024-07-05_07,54,0,19000,0.2949,0.2973918318748474,0.0024918318748474166
2024-07-05_07,55,19000,19000,0.3075,0.309883177280426,0.00238317728042603
2024-07-05_07,56,38000,19000,0.3387,0.340625137090683,0.0019251370906829823
2024-07-05_07,57,57000,19000,0.3848,0.38588398694992065,0.001083986949920679
2024-07-05_07,58,76000,19000,0.4478,0.44780296087265015,2.960872650170643e-06
2024-07-05_07,59,95000,19000,0.5107,0.48667237162590027,-0.024027628374099774
2024-07-05_07,60,-76000,38000,0.4626,0.46753641963005066,0.004936419630050648
2024-07-05_07,61,-57000,38000,0.3945,0.39731618762016296,0.0028161876201629465
2024-07-05_07,62,-38000,38000,0.3512,0.35411691665649414,0.0029169166564941285
2024-07-05_07,63,-19000,38000,0.3248,0.3269787132740021,0.0021787132740020976
2024-07-05_07,64,0,38000,0.316,0.3182417154312134,0.002241715431213376
2024-07-05_07,65,19000,38000,0.3284,0.3301455080509186,0.0017455080509185539
2024-07-05_07,66,38000,38000,0.3569,0.3589594066143036,0.002059406614303594
2024-07-05_07,67,57000,38000,0.4025,0.4022861123085022,-0.00021388769149782716
2024-07-05_07,68,76000,38000,0.4677,0.47142642736434937,0.0037264273643493606
2024-07-05_07,69,-76000,57000,0.5205,0.49971091747283936,-0.020789082527160607
2024-07-05_07,70,-57000,57000,0.433,0.4342489242553711,0.0012489242553710977
2024-07-05_07,71,-38000,57000,0.3849,0.3870337903499603,0.0021337903499603073
2024-07-05_07,72,-19000,57000,0.3591,0.36145660281181335,0.0023566028118133797
2024-07-05_07,73,0,57000,0.3509,0.35346782207489014,0.002567822074890147
2024-07-05_07,74,19000,57000,0.3617,0.36321789026260376,0.0015178902626037383
2024-07-05_07,75,38000,57000,0.3891,0.3894849419593811,0.0003849419593811021
2024-07-05_07,76,57000,57000,0.4375,0.43334707617759705,-0.004152923822402954
2024-07-05_07,77,76000,57000,0.508,0.49729257822036743,-0.010707421779632575
2024-07-05_07,78,-57000,76000,0.5008,0.49736422300338745,-0.0034357769966125717
2024-07-05_07,79,-38000,76000,0.44,0.4380980432033539,-0.0019019567966461204
2024-07-05_07,80,-19000,76000,0.4111,0.41085129976272583,-0.0002487002372741909
2024-07-05_07,81,0,76000,0.4008,0.4026246964931488,0.001824696493148814
2024-07-05_07,82,19000,76000,0.4121,0.4136056900024414,0.0015056900024413844
2024-07-05_07,83,38000,76000,0.4413,0.440729558467865,-0.0005704415321350353
2024-07-05_07,84,57000,76000,0.49,0.47927364706993103,-0.01072635293006896
2024-07-05_07,85,-19000,95000,0.4719,0.4643959403038025,-0.007504059696197496
2024-07-05_07,86,0,95000,0.4773,0.47106197476387024,-0.006238025236129763
2024-07-05_07,87,19000,95000,0.4727,0.4651010036468506,-0.007598996353149423
2024-07-05_08,0,-19000,-95000,0.5452,0.5115943551063538,-0.03360564489364626
2024-07-05_08,1,0,-95000,0.5608,0.5560104846954346,-0.004789515304565395
2024-07-05_08,2,19000,-95000,0.5425,0.5304417014122009,-0.012058298587799055
2024-07-05_08,3,-57000,-76000,0.5692,0.5389050245285034,-0.03029497547149662
2024-07-05_08,4,-38000,-76000,0.5017,0.4771687388420105,-0.024531261157989537
2024-07-05_08,5,-19000,-76000,0.4731,0.44604262709617615,-0.027057372903823873
2024-07-05_08,6,0,-76000,0.4649,0.45939090847969055,-0.005509091520309428
2024-07-05_08,7,19000,-76000,0.4736,0.45644131302833557,-0.01715868697166445
2024-07-05_08,8,38000,-76000,0.5003,0.49587658047676086,-0.004423419523239103
2024-07-05_08,9,57000,-76000,0.5578,0.507310688495636,-0.050489311504363976
2024-07-05_08,10,-76000,-57000,0.5641,0.5530988574028015,-0.011001142597198532
2024-07-05_08,11,-57000,-57000,0.4788,0.4751541018486023,-0.0036458981513977085
2024-07-05_08,12,-38000,-57000,0.4359,0.4165429174900055,-0.019357082509994517
2024-07-05_08,13,-19000,-57000,0.4098,0.40454426407814026,-0.005255735921859739
2024-07-05_08,14,0,-57000,0.4013,0.3975863456726074,-0.003713654327392568
2024-07-05_08,15,19000,-57000,0.4116,0.40640273690223694,-0.005197263097763083
2024-07-05_08,16,38000,-57000,0.4383,0.39362478256225586,-0.044675217437744164
2024-07-05_08,17,57000,-57000,0.4796,0.429066926240921,-0.050533073759079006
2024-07-05_08,18,76000,-57000,0.5533,0.5285369157791138,-0.024763084220886245
2024-07-05_08,19,-76000,-38000,0.4921,0.4954981505870819,0.0033981505870819273
2024-07-05_08,20,-57000,-38000,0.4298,0.414573609828949,-0.01522639017105104
2024-07-05_08,21,-38000,-38000,0.3862,0.3837759494781494,-0.0024240505218505737
2024-07-05_08,22,-19000,-38000,0.3592,0.35551077127456665,-0.003689228725433369
2024-07-05_08,23,0,-38000,0.3502,0.3476492166519165,-0.0025507833480835074
2024-07-05_08,24,19000,-38000,0.3619,0.3592040240764618,-0.0026959759235382075
2024-07-05_08,25,38000,-38000,0.3901,0.38669365644454956,-0.0034063435554504418
2024-07-05_08,26,57000,-38000,0.4339,0.40591275691986084,-0.027987243080139168
2024-07-05_08,27,76000,-38000,0.4939,0.4719695448875427,-0.02193045511245728
2024-07-05_08,28,-95000,-19000,0.5226,0.42621049284935,-0.09638950715064998
2024-07-05_08,29,-76000,-19000,0.4567,0.4174426794052124,-0.03925732059478759
2024-07-05_08,30,-57000,-19000,0.3967,0.3927924633026123,-0.003907536697387692
2024-07-05_08,31,-38000,-19000,0.3523,0.34760281443595886,-0.00469718556404114
2024-07-05_08,32,-19000,-19000,0.3231,0.32168707251548767,-0.0014129274845123274
2024-07-05_08,33,0,-19000,0.3123,0.3089905083179474,-0.0033094916820526343
2024-07-05_08,34,19000,-19000,0.3266,0.32169201970100403,-0.004907980298995973
2024-07-05_08,35,38000,-19000,0.3571,0.35314881801605225,-0.003951181983947727
2024-07-05_08,36,57000,-19000,0.4036,0.3976498544216156,-0.005950145578384414
2024-07-05_08,37,76000,-19000,0.4638,0.4545813500881195,-0.009218649911880483
2024-07-05_08,38,95000,-19000,0.5306,0.5006994605064392,-0.02990053949356075
2024-07-05_08,39,-95000,0,0.54,0.479093074798584,-0.06090692520141605
2024-07-05_08,40,-76000,0,0.44,0.41260549426078796,-0.02739450573921204
2024-07-05_08,41,-57000,0,0.3803,0.3785155117511749,-0.0017844882488251002
2024-07-05_08,42,-38000,0,0.3365,0.33058810234069824,-0.005911897659301779
2024-07-05_08,43,-19000,0,0.3056,0.3015199303627014,-0.004080069637298567
2024-07-05_08,44,19000,0,0.3095,0.304704874753952,-0.004795125246047971
2024-07-05_08,45,38000,0,0.3431,0.33710068464279175,-0.005999315357208268
2024-07-05_08,46,57000,0,0.3888,0.3828965127468109,-0.005903487253189066
2024-07-05_08,47,76000,0,0.4498,0.4277949929237366,-0.022005007076263405
2024-07-05_08,48,95000,0,0.5326,0.49246829748153687,-0.0401317025184631
2024-07-05_08,49,-95000,19000,0.5095,0.47399163246154785,-0.0355083675384521
2024-07-05_08,50,-76000,19000,0.442,0.40026551485061646,-0.04173448514938355
2024-07-05_08,51,-57000,19000,0.3807,0.37759992480278015,-0.0031000751972198315
2024-07-05_08,52,-38000,19000,0.3377,0.3287223279476166,-0.008977672052383423
2024-07-05_08,53,-19000,19000,0.3087,0.30434277653694153,-0.004357223463058446
2024-07-05_08,54,0,19000,0.2999,0.2954423129558563,-0.004457687044143677
2024-07-05_08,55,19000,19000,0.3126,0.3065372109413147,-0.006062789058685292
2024-07-05_08,56,38000,19000,0.3442,0.3398950397968292,-0.004304960203170782
2024-07-05_08,57,57000,19000,0.39,0.3860947787761688,-0.00390522122383119
2024-07-05_08,58,76000,19000,0.4515,0.4531914293766022,0.0016914293766021604
2024-07-05_08,59,95000,19000,0.5131,0.4408751428127289,-0.07222485718727112
2024-07-05_08,60,-76000,38000,0.4658,0.45057493448257446,-0.015225065517425529
2024-07-05_08,61,-57000,38000,0.3991,0.39402586221694946,-0.005074137783050547
2024-07-05_08,62,-38000,38000,0.3561,0.35180601477622986,-0.004293985223770169
2024-07-05_08,63,-19000,38000,0.3302,0.3271212577819824,-0.0030787422180175716
2024-07-05_08,64,0,38000,0.3211,0.318693071603775,-0.002406928396224972
2024-07-05_08,65,19000,38000,0.3338,0.3295839726924896,-0.004216027307510362
2024-07-05_08,66,38000,38000,0.3621,0.3565983474254608,-0.005501652574539162
2024-07-05_08,67,57000,38000,0.4071,0.4006958305835724,-0.00640416941642763
2024-07-05_08,68,76000,38000,0.4708,0.45714759826660156,-0.013652401733398434
2024-07-05_08,69,-76000,57000,0.5226,0.5002567768096924,-0.02234322319030757
2024-07-05_08,70,-57000,57000,0.4364,0.41619595885276794,-0.020204041147232066
2024-07-05_08,71,-38000,57000,0.3896,0.38609227538108826,-0.003507724618911745
2024-07-05_08,72,-19000,57000,0.3639,0.357062429189682,-0.006837570810317994
2024-07-05_08,73,0,57000,0.3559,0.3531688153743744,-0.0027311846256256045
2024-07-05_08,74,19000,57000,0.3668,0.36180219054222107,-0.004997809457778946
2024-07-05_08,75,38000,57000,0.3941,0.38692671060562134,-0.007173289394378668
2024-07-05_08,76,57000,57000,0.4412,0.38911041617393494,-0.052089583826065045
2024-07-05_08,77,76000,57000,0.5104,0.4911869764328003,-0.019213023567199672
2024-07-05_08,78,-57000,76000,0.5025,0.48833686113357544,-0.014163138866424507
2024-07-05_08,79,-38000,76000,0.4435,0.4217851161956787,-0.021714883804321294
2024-07-05_08,80,-19000,76000,0.4153,0.41210585832595825,-0.0031941416740417505
2024-07-05_08,81,0,76000,0.4053,0.4012419581413269,-0.004058041858673089
2024-07-05_08,82,19000,76000,0.4168,0.41072404384613037,-0.006075956153869633
2024-07-05_08,83,38000,76000,0.4449,0.39979881048202515,-0.04510118951797487
2024-07-05_08,84,57000,76000,0.4921,0.4002576172351837,-0.09184238276481627
2024-07-05_08,85,-19000,95000,0.4753,0.4691295027732849,-0.006170497226715088
2024-07-05_08,86,0,95000,0.4795,0.46532881259918213,-0.014171187400817853
2024-07-05_08,87,19000,95000,0.4768,0.4643884301185608,-0.01241156988143921
2024-07-05_09,0,-19000,-95000,0.5392,0.5225605964660645,-0.01663940353393556
2024-07-05_09,1,0,-95000,0.5581,0.5424429178237915,-0.015657082176208537
2024-07-05_09,2,19000,-95000,0.5405,0.5268784165382385,-0.013621583461761455
2024-07-05_09,3,-57000,-76000,0.5677,0.5499166250228882,-0.0177833749771118
2024-07-05_09,4,-38000,-76000,0.4999,0.4829050898551941,-0.01699491014480592
2024-07-05_09,5,-19000,-76000,0.4712,0.45214951038360596,-0.01905048961639405
2024-07-05_09,6,0,-76000,0.4629,0.45240339636802673,-0.010496603631973245
2024-07-05_09,7,19000,-76000,0.4718,0.44756120443344116,-0.024238795566558835
2024-07-05_09,8,38000,-76000,0.4984,0.4852188229560852,-0.013181177043914805
2024-07-05_09,9,57000,-76000,0.5554,0.5390744805335999,-0.01632551946640015
2024-07-05_09,10,-76000,-57000,0.5621,0.5462218523025513,-0.015878147697448775
2024-07-05_09,11,-57000,-57000,0.4774,0.457177996635437,-0.02022200336456298
2024-07-05_09,12,-38000,-57000,0.4341,0.42120975255966187,-0.01289024744033812
2024-07-05_09,13,-19000,-57000,0.4075,0.40674543380737305,-0.0007545661926269265
2024-07-05_09,14,0,-57000,0.399,0.39828112721443176,-0.0007188727855682586
2024-07-05_09,15,19000,-57000,0.4095,0.4080859124660492,-0.0014140875339507808
2024-07-05_09,16,38000,-57000,0.4364,0.42846477031707764,-0.007935229682922373
2024-07-05_09,17,57000,-57000,0.4781,0.45496124029159546,-0.023138759708404566
2024-07-05_09,18,76000,-57000,0.5503,0.5294668674468994,-0.020833132553100597
2024-07-05_09,19,-76000,-38000,0.4906,0.4746864140033722,-0.015913585996627788
2024-07-05_09,20,-57000,-38000,0.4281,0.42013826966285706,-0.007961730337142925
2024-07-05_09,21,-38000,-38000,0.3838,0.38306888937950134,-0.0007311106204986317
2024-07-05_09,22,-19000,-38000,0.3569,0.3567923605442047,-0.00010763945579528311
2024-07-05_09,23,0,-38000,0.3479,0.34828490018844604,0.0003849001884460579
2024-07-05_09,24,19000,-38000,0.3596,0.3583405911922455,-0.0012594088077544918
2024-07-05_09,25,38000,-38000,0.3879,0.3859056830406189,-0.001994316959381126
2024-07-05_09,26,57000,-38000,0.432,0.42113107442855835,-0.010868925571441646
2024-07-05_09,27,76000,-38000,0.4918,0.4738338589668274,-0.017966141033172622
2024-07-05_09,28,-95000,-19000,0.5202,0.5005992650985718,-0.01960073490142822
2024-07-05_09,29,-76000,-19000,0.455,0.45262226462364197,-0.0023777353763580478
2024-07-05_09,30,-57000,-19000,0.3946,0.39315101504325867,-0.0014489849567413393
2024-07-05_09,31,-38000,-19000,0.3497,0.34974515438079834,4.515438079832901e-05
2024-07-05_09,32,-19000,-19000,0.3206,0.3204479515552521,-0.0001520484447479209
2024-07-05_09,33,0,-19000,0.3101,0.30943921208381653,-0.0006607879161834584
2024-07-05_09,34,19000,-19000,0.3242,0.3227938115596771,-0.0014061884403228642
2024-07-05_09,35,38000,-19000,0.3551,0.353683203458786,-0.001416796541214016
2024-07-05_09,36,57000,-19000,0.4018,0.3986436426639557,-0.003156357336044302
2024-07-05_09,37,76000,-19000,0.4619,0.44827520847320557,-0.01362479152679441
2024-07-05_09,38,95000,-19000,0.5279,0.5116667747497559,-0.016233225250244177
2024-07-05_09,39,-95000,0,0.5381,0.5197814702987671,-0.018318529701232933
2024-07-05_09,40,-76000,0,0.4386,0.4297192096710205,-0.008880790328979482
2024-07-05_09,41,-57000,0,0.3781,0.377412885427475,-0.0006871145725250161
2024-07-05_09,42,-38000,0,0.334,0.33323732018470764,-0.0007626798152923775
2024-07-05_09,43,-19000,0,0.3036,0.3024279773235321,-0.0011720226764678765
2024-07-05_09,44,19000,0,0.3073,0.30610764026641846,-0.0011923597335815606
2024-07-05_09,45,38000,0,0.3411,0.339212030172348,-0.0018879698276519918
2024-07-05_09,46,57000,0,0.3867,0.3834771513938904,-0.0032228486061096073
2024-07-05_09,47,76000,0,0.4479,0.44608795642852783,-0.0018120435714721883
2024-07-05_09,48,95000,0,0.5294,0.5121007561683655,-0.017299243831634503
2024-07-05_09,49,-95000,19000,0.5077,0.4899684488773346,-0.017731551122665445
2024-07-05_09,50,-76000,19000,0.4402,0.43489888310432434,-0.005301116895675639
2024-07-05_09,51,-57000,19000,0.3786,0.3786488175392151,4.8817539215095795e-05
2024-07-05_09,52,-38000,19000,0.3354,0.33518555760383606,-0.00021444239616391636
2024-07-05_09,53,-19000,19000,0.3067,0.30593234300613403,-0.0007676569938659394
2024-07-05_09,54,0,19000,0.2978,0.2969706356525421,-0.0008293643474578949
2024-07-05_09,55,19000,19000,0.3104,0.3088699281215668,-0.0015300718784332368
2024-07-05_09,56,38000,19000,0.3421,0.33977198600769043,-0.0023280139923095855
2024-07-05_09,57,57000,19000,0.3878,0.3839157223701477,-0.003884277629852273
2024-07-05_09,58,76000,19000,0.4495,0.4419131577014923,-0.007586842298507701
2024-07-05_09,59,95000,19000,0.5106,0.48608729243278503,-0.02451270756721502
2024-07-05_09,60,-76000,38000,0.4639,0.4520278871059418,-0.011872112894058207
2024-07-05_09,61,-57000,38000,0.3971,0.39624059200286865,-0.0008594079971313562
2024-07-05_09,62,-38000,38000,0.3542,0.3533329963684082,-0.0008670036315918117
2024-07-05_09,63,-19000,38000,0.3281,0.3270221948623657,-0.00107780513763428
2024-07-05_09,64,0,38000,0.3191,0.3174774646759033,-0.0016225353240966744
2024-07-05_09,65,19000,38000,0.3319,0.3293975591659546,-0.002502440834045383
2024-07-05_09,66,38000,38000,0.3601,0.35771608352661133,-0.0023839164733886475
2024-07-05_09,67,57000,38000,0.405,0.40200167894363403,-0.0029983210563659934
2024-07-05_09,68,76000,38000,0.4687,0.45017534494400024,-0.01852465505599976
2024-07-05_09,69,-76000,57000,0.5203,0.5006023049354553,-0.019697695064544662
2024-07-05_09,70,-57000,57000,0.4346,0.42471516132354736,-0.009884838676452623
2024-07-05_09,71,-38000,57000,0.3877,0.3867035508155823,-0.0009964491844177137
2024-07-05_09,72,-19000,57000,0.3621,0.3605806529521942,-0.0015193470478057636
2024-07-05_09,73,0,57000,0.3541,0.3520754277706146,-0.002024572229385402
2024-07-05_09,74,19000,57000,0.3652,0.36293548345565796,-0.0022645165443420656
2024-07-05_09,75,38000,57000,0.3922,0.38859128952026367,-0.003608710479736321
2024-07-05_09,76,57000,57000,0.4388,0.4316919445991516,-0.007108055400848412
2024-07-05_09,77,76000,57000,0.5068,0.4877914488315582,-0.0190085511684418
2024-07-05_09,78,-57000,76000,0.4997,0.4827767014503479,-0.016923298549652077
2024-07-05_09,79,-38000,76000,0.4419,0.44079387187957764,-0.0011061281204223783
2024-07-05_09,80,-19000,76000,0.4136,0.4114989936351776,-0.002101006364822411
2024-07-05_09,81,0,76000,0.4037,0.4010411500930786,-0.00265884990692139
2024-07-05_09,82,19000,76000,0.4151,0.41249391436576843,-0.002606085634231592
2024-07-05_09,83,38000,76000,0.4432,0.43273985385894775,-0.010460146141052229
2024-07-05_09,84,57000,76000,0.4891,0.4702005386352539,-0.018899461364746073
2024-07-05_09,85,-19000,95000,0.4727,0.4604254961013794,-0.012274503898620615
2024-07-05_09,86,0,95000,0.4771,0.4535921514034271,-0.0235078485965729
2024-07-05_09,87,19000,95000,0.4744,0.4526870846748352,-0.021712915325164783
2024-07-05_10,0,-19000,-95000,0.5419,0.46257075667381287,-0.07932924332618718
2024-07-05_10,1,0,-95000,0.5613,0.49262088537216187,-0.06867911462783816
2024-07-05_10,2,19000,-95000,0.5433,0.4732070565223694,-0.07009294347763062
2024-07-05_10,3,-57000,-76000,0.5696,0.4964139461517334,-0.0731860538482666
2024-07-05_10,4,-38000,-76000,0.5019,0.43955516815185547,-0.062344831848144544
2024-07-05_10,5,-19000,-76000,0.4731,0.41857853531837463,-0.05452146468162539
2024-07-05_10,6,0,-76000,0.4648,0.40199723839759827,-0.06280276160240172
2024-07-05_10,7,19000,-76000,0.474,0.4191546142101288,-0.05484538578987119
2024-07-05_10,8,38000,-76000,0.5007,0.4486862123012543,-0.05201378769874576
2024-07-05_10,9,57000,-76000,0.5586,0.4801693260669708,-0.07843067393302916
2024-07-05_10,10,-76000,-57000,0.5623,0.4987027645111084,-0.06359723548889162
2024-07-05_10,11,-57000,-57000,0.4788,0.41320306062698364,-0.06559693937301636
2024-07-05_10,12,-38000,-57000,0.4356,0.3686552345752716,-0.06694476542472838
2024-07-05_10,13,-19000,-57000,0.4092,0.40915727615356445,-4.2723846435555046e-05
2024-07-05_10,14,0,-57000,0.4006,0.4005863666534424,-1.3633346557628823e-05
2024-07-05_10,15,19000,-57000,0.4114,0.41098982095718384,-0.00041017904281615003
2024-07-05_10,16,38000,-57000,0.4382,0.3623482584953308,-0.07585174150466917
2024-07-05_10,17,57000,-57000,0.4801,0.4192974865436554,-0.06080251345634463
2024-07-05_10,18,76000,-57000,0.554,0.4821628928184509,-0.07183710718154912
2024-07-05_10,19,-76000,-38000,0.491,0.43129000067710876,-0.05970999932289123
2024-07-05_10,20,-57000,-38000,0.4293,0.3372125029563904,-0.09208749704360963
2024-07-05_10,21,-38000,-38000,0.385,0.38604652881622314,0.0010465288162231356
2024-07-05_10,22,-19000,-38000,0.3581,0.3583148121833801,0.00021481218338015307
2024-07-05_10,23,0,-38000,0.3489,0.35040903091430664,0.0015090309143066527
2024-07-05_10,24,19000,-38000,0.3611,0.36250460147857666,0.0014046014785766836
2024-07-05_10,25,38000,-38000,0.3895,0.3886971175670624,-0.000802882432937635
2024-07-05_10,26,57000,-38000,0.4341,0.36350300908088684,-0.07059699091911315
2024-07-05_10,27,76000,-38000,0.494,0.4220706820487976,-0.07192931795120239
2024-07-05_10,28,-95000,-19000,0.5211,0.4645649790763855,-0.05653502092361451
2024-07-05_10,29,-76000,-19000,0.4565,0.38338032364845276,-0.07311967635154726
2024-07-05_10,30,-57000,-19000,0.396,0.39595258235931396,-4.741764068605381e-05
2024-07-05_10,31,-38000,-19000,0.3509,0.35243937373161316,0.0015393737316131695
2024-07-05_10,32,-19000,-19000,0.3218,0.3232821822166443,0.0014821822166443122
2024-07-05_10,33,0,-19000,0.3109,0.3125511407852173,0.0016511407852172755
2024-07-05_10,34,19000,-19000,0.3255,0.326789528131485,0.0012895281314849738
2024-07-05_10,35,38000,-19000,0.3564,0.3570493459701538,0.000649345970153814
2024-07-05_10,36,57000,-19000,0.4036,0.4027671217918396,-0.0008328782081604147
2024-07-05_10,37,76000,-19000,0.4641,0.4049261212348938,-0.059173878765106214
2024-07-05_10,38,95000,-19000,0.5301,0.457738995552063,-0.07236100444793703
2024-07-05_10,39,-95000,0,0.5396,0.4731038808822632,-0.06649611911773678
2024-07-05_10,40,-76000,0,0.4404,0.3565363883972168,-0.08386361160278322
2024-07-05_10,41,-57000,0,0.3797,0.37969130277633667,-8.697223663312048e-06
2024-07-05_10,42,-38000,0,0.3352,0.3363852798938751,0.0011852798938751241
2024-07-05_10,43,-19000,0,0.3043,0.3062865436077118,0.001986543607711777
2024-07-05_10,44,19000,0,0.3087,0.3102719783782959,0.001571978378295924
2024-07-05_10,45,38000,0,0.3425,0.34297701716423035,0.00047701716423032003
2024-07-05_10,46,57000,0,0.3885,0.3878680169582367,-0.0006319830417633177
2024-07-05_10,47,76000,0,0.4498,0.37346509099006653,-0.07633490900993345
2024-07-05_10,48,95000,0,0.532,0.4510740339756012,-0.08092596602439883
2024-07-05_10,49,-95000,19000,0.5088,0.43289411067962646,-0.07590588932037357
2024-07-05_10,50,-76000,19000,0.4418,0.37948018312454224,-0.06231981687545779
2024-07-05_10,51,-57000,19000,0.3803,0.3817165493965149,0.0014165493965148657
2024-07-05_10,52,-38000,19000,0.3368,0.3390170633792877,0.0022170633792877315
2024-07-05_10,53,-19000,19000,0.3083,0.3091689944267273,0.0008689944267272764
2024-07-05_10,54,0,19000,0.2994,0.3003862500190735,0.0009862500190734869
2024-07-05_10,55,19000,19000,0.3121,0.3125269114971161,0.0004269114971161003
2024-07-05_10,56,38000,19000,0.3438,0.34475231170654297,0.0009523117065429743
2024-07-05_10,57,57000,19000,0.3898,0.39000487327575684,0.0002048732757568561
2024-07-05_10,58,76000,19000,0.4515,0.3806740641593933,-0.0708259358406067
2024-07-05_10,59,95000,19000,0.5128,0.4559765160083771,-0.05682348399162296
2024-07-05_10,60,-76000,38000,0.4655,0.4051361083984375,-0.060363891601562525
2024-07-05_10,61,-57000,38000,0.3989,0.39850980043411255,-0.000390199565887428
2024-07-05_10,62,-38000,38000,0.3558,0.3561622202396393,0.0003622202396392771
2024-07-05_10,63,-19000,38000,0.3298,0.3305899500846863,0.0007899500846862972
2024-07-05_10,64,0,38000,0.3206,0.3219534754753113,0.0013534754753112832
2024-07-05_10,65,19000,38000,0.3336,0.33496883511543274,0.0013688351154327316
2024-07-05_10,66,38000,38000,0.3621,0.3618333637714386,-0.0002666362285613788
2024-07-05_10,67,57000,38000,0.4071,0.40686267614364624,-0.00023732385635377717
2024-07-05_10,68,76000,38000,0.4707,0.4138224124908447,-0.05687758750915528
2024-07-05_10,69,-76000,57000,0.5213,0.45694857835769653,-0.06435142164230345
2024-07-05_10,70,-57000,57000,0.4363,0.3503420948982239,-0.08595790510177614
2024-07-05_10,71,-38000,57000,0.3895,0.38967981934547424,0.00017981934547423029
2024-07-05_10,72,-19000,57000,0.364,0.3645050823688507,0.0005050823688507178
2024-07-05_10,73,0,57000,0.3559,0.35570356249809265,-0.00019643750190734277
2024-07-05_10,74,19000,57000,0.367,0.36770564317703247,0.0007056431770324778
2024-07-05_10,75,38000,57000,0.3943,0.39274197816848755,-0.001558021831512435
2024-07-05_10,76,57000,57000,0.4416,0.3637319803237915,-0.07786801967620849
2024-07-05_10,77,76000,57000,0.5101,0.4371533691883087,-0.07294663081169128
2024-07-05_10,78,-57000,76000,0.5013,0.440633088350296,-0.06066691164970395
2024-07-05_10,79,-38000,76000,0.4436,0.3746126890182495,-0.06898731098175048
2024-07-05_10,80,-19000,76000,0.4155,0.4156053066253662,0.00010530662536623048
2024-07-05_10,81,0,76000,0.4056,0.40395140647888184,-0.0016485935211181801
2024-07-05_10,82,19000,76000,0.4175,0.4152890741825104,-0.0022109258174896063
2024-07-05_10,83,38000,76000,0.4458,0.37501806020736694,-0.07078193979263303
2024-07-05_10,84,57000,76000,0.4921,0.42779168486595154,-0.06430831513404844
2024-07-05_10,85,-19000,95000,0.4743,0.4188615679740906,-0.05543843202590942
2024-07-05_10,86,0,95000,0.4798,0.4138532280921936,-0.0659467719078064
2024-07-05_10,87,19000,95000,0.4786,0.4154784083366394,-0.06312159166336062
2024-07-09_01,0,-19000,-95000,0.5246,0.4319979250431061,-0.09260207495689388
2024-07-09_01,1,0,-95000,0.542,0.44823089241981506,-0.09376910758018497
2024-07-09_01,2,19000,-95000,0.5256,0.4439024329185486,-0.08169756708145137
2024-07-09_01,3,-57000,-76000,0.5408,0.4491845965385437,-0.09161540346145625
2024-07-09_01,4,-38000,-76000,0.4763,0.3996216654777527,-0.07667833452224732
2024-07-09_01,5,-19000,-76000,0.4501,0.35047200322151184,-0.09962799677848816
2024-07-09_01,6,0,-76000,0.4428,0.30917811393737793,-0.1336218860626221
2024-07-09_01,7,19000,-76000,0.4521,0.3733559250831604,-0.0787440749168396
2024-07-09_01,8,38000,-76000,0.4791,0.3985952138900757,-0.08050478610992434
2024-07-09_01,9,57000,-76000,0.5399,0.43915027379989624,-0.1007497262001038
2024-07-09_01,10,-76000,-57000,0.5304,0.4366247355937958,-0.0937752644062042
2024-07-09_01,11,-57000,-57000,0.4526,0.370246022939682,-0.082353977060318
2024-07-09_01,12,-38000,-57000,0.4093,0.4141658842563629,0.004865884256362918
2024-07-09_01,13,-19000,-57000,0.3834,0.3827461004257202,-0.0006538995742798037
2024-07-09_01,14,0,-57000,0.3753,0.3746641278266907,-0.0006358721733093486
2024-07-09_01,15,19000,-57000,0.3861,0.38494399189949036,-0.0011560081005096423
2024-07-09_01,16,38000,-57000,0.4143,0.37900033593177795,-0.03529966406822205
2024-07-09_01,17,57000,-57000,0.4586,0.37646377086639404,-0.08213622913360596
2024-07-09_01,18,76000,-57000,0.5352,0.42874038219451904,-0.10645961780548097
2024-07-09_01,19,-76000,-38000,0.4625,0.3844286799430847,-0.0780713200569153
2024-07-09_01,20,-57000,-38000,0.4014,0.41581594944000244,0.014415949440002462
2024-07-09_01,21,-38000,-38000,0.3584,0.3593049645423889,0.0009049645423889197
2024-07-09_01,22,-19000,-38000,0.3309,0.3321860432624817,0.001286043262481662
2024-07-09_01,23,0,-38000,0.3203,0.3217456042766571,0.0014456042766571309
2024-07-09_01,24,19000,-38000,0.3345,0.3343532085418701,-0.00014679145812990235
2024-07-09_01,25,38000,-38000,0.3642,0.36246177554130554,-0.0017382244586944817
2024-07-09_01,26,57000,-38000,0.4094,0.40273040533065796,-0.006669594669342027
2024-07-09_01,27,76000,-38000,0.4726,0.3957875370979309,-0.07681246290206911
2024-07-09_01,28,-95000,-19000,0.4978,0.4112076759338379,-0.08659232406616213
2024-07-09_01,29,-76000,-19000,0.4277,0.32004043459892273,-0.1076595654010773
2024-07-09_01,30,-57000,-19000,0.3677,0.36753425002098083,-0.00016574997901919186
2024-07-09_01,31,-38000,-19000,0.3212,0.32246556878089905,0.0012655687808990623
2024-07-09_01,32,-19000,-19000,0.292,0.29401838779449463,0.002018387794494647
2024-07-09_01,33,0,-19000,0.2816,0.28347545862197876,0.0018754586219787428
2024-07-09_01,34,19000,-19000,0.2963,0.29620128870010376,-9.871129989624805e-05
2024-07-09_01,35,38000,-19000,0.3283,0.3276434540748596,-0.0006565459251403616
2024-07-09_01,36,57000,-19000,0.3774,0.37498390674591064,-0.0024160932540893687
2024-07-09_01,37,76000,-19000,0.4411,0.32694387435913086,-0.11415612564086913
2024-07-09_01,38,95000,-19000,0.509,0.41832634806632996,-0.09067365193367005
2024-07-09_01,39,-95000,0,0.5003,0.4289378523826599,-0.07136214761734005
2024-07-09_01,40,-76000,0,0.4093,0.4149601459503174,0.005660145950317386
2024-07-09_01,41,-57000,0,0.3504,0.35160893201828003,0.00120893201828004
2024-07-09_01,42,-38000,0,0.3038,0.3069366216659546,0.0031366216659545754
2024-07-09_01,43,-19000,0,0.273,0.27480658888816833,0.0018065888881683145
2024-07-09_01,44,19000,0,0.2778,0.2794131934642792,0.0016131934642791834
2024-07-09_01,45,38000,0,0.3123,0.31206953525543213,-0.00023046474456789312
2024-07-09_01,46,57000,0,0.3621,0.35967403650283813,-0.0024259634971618427
2024-07-09_01,47,76000,0,0.4253,0.33516600728034973,-0.09013399271965028
2024-07-09_01,48,95000,0,0.5125,0.41053062677383423,-0.10196937322616573
2024-07-09_01,49,-95000,19000,0.4805,0.405019074678421,-0.07548092532157896
2024-07-09_01,50,-76000,19000,0.4089,0.41019612550735474,0.0012961255073547506
2024-07-09_01,51,-57000,19000,0.35,0.35020363330841064,0.00020363330841066674
2024-07-09_01,52,-38000,19000,0.3043,0.30430716276168823,7.1627616882175005e-06
2024-07-09_01,53,-19000,19000,0.2753,0.27790504693984985,0.0026050469398498644
2024-07-09_01,54,0,19000,0.266,0.26727575063705444,0.0012757506370544291
2024-07-09_01,55,19000,19000,0.2798,0.2807176411151886,0.0009176411151886055
2024-07-09_01,56,38000,19000,0.3126,0.3126271069049835,2.710690498353152e-05
2024-07-09_01,57,57000,19000,0.3627,0.36043059825897217,-0.0022694017410278544
2024-07-09_01,58,76000,19000,0.4261,0.3246272802352905,-0.10147271976470945
2024-07-09_01,59,95000,19000,0.4928,0.40215036273002625,-0.09064963726997377
2024-07-09_01,60,-76000,38000,0.429,0.31641510128974915,-0.11258489871025085
2024-07-09_01,61,-57000,38000,0.3661,0.36671650409698486,0.0006165040969848823
2024-07-09_01,62,-38000,38000,0.3224,0.32354429364204407,0.0011442936420440475
2024-07-09_01,63,-19000,38000,0.2956,0.2981265187263489,0.002526518726348903
2024-07-09_01,64,0,38000,0.287,0.289632111787796,0.002632111787796043
2024-07-09_01,65,19000,38000,0.2998,0.30094000697135925,0.001140006971359242
2024-07-09_01,66,38000,38000,0.332,0.33075883984565735,-0.0012411601543426687
2024-07-09_01,67,57000,38000,0.3789,0.37619656324386597,-0.0027034367561340478
2024-07-09_01,68,76000,38000,0.4447,0.3391419053077698,-0.10555809469223021
2024-07-09_01,69,-76000,57000,0.473,0.3983524739742279,-0.07464752602577207
2024-07-09_01,70,-57000,57000,0.3998,0.39685970544815063,-0.002940294551849354
2024-07-09_01,71,-38000,57000,0.3565,0.3594091534614563,0.0029091534614563153
2024-07-09_01,72,-19000,57000,0.3306,0.33360934257507324,0.003009342575073237
2024-07-09_01,73,0,57000,0.3218,0.325252890586853,0.0034528905868530524
2024-07-09_01,74,19000,57000,0.3352,0.33621886372566223,0.0010188637256622335
2024-07-09_01,75,38000,57000,0.3641,0.36357390880584717,-0.0005260911941528112
2024-07-09_01,76,57000,57000,0.4125,0.40381503105163574,-0.008684968948364236
2024-07-09_01,77,76000,57000,0.4842,0.40234923362731934,-0.08185076637268068
2024-07-09_01,78,-57000,76000,0.4571,0.38516807556152344,-0.07193192443847657
2024-07-09_01,79,-38000,76000,0.408,0.40983614325523376,0.0018361432552337908
2024-07-09_01,80,-19000,76000,0.381,0.38244369626045227,0.0014436962604522652
2024-07-09_01,81,0,76000,0.3722,0.3738848567008972,0.0016848567008972415
2024-07-09_01,82,19000,76000,0.3844,0.3833131194114685,-0.0010868805885315136
2024-07-09_01,83,38000,76000,0.4151,0.39489835500717163,-0.020201644992828394
2024-07-09_01,84,57000,76000,0.4636,0.3831680715084076,-0.08043192849159242
2024-07-09_01,85,-19000,95000,0.4444,0.3316478431224823,-0.11275215687751772
2024-07-09_01,86,0,95000,0.4432,0.34307166934013367,-0.10012833065986632
2024-07-09_01,87,19000,95000,0.4495,0.3271498680114746,-0.1223501319885254
2024-07-09_02,0,-19000,-95000,0.5163,0.5196641087532043,0.0033641087532043645
2024-07-09_02,1,0,-95000,0.5302,0.5361824035644531,0.00598240356445312
2024-07-09_02,2,19000,-95000,0.5163,0.5239744782447815,0.007674478244781513
2024-07-09_02,3,-57000,-76000,0.5353,0.5448694229125977,0.009569422912597658
2024-07-09_02,4,-38000,-76000,0.4727,0.4756380319595337,0.0029380319595336823
2024-07-09_02,5,-19000,-76000,0.4458,0.4611930549144745,0.015393054914474513
2024-07-09_02,6,0,-76000,0.4376,0.46845123171806335,0.030851231718063366
2024-07-09_02,7,19000,-76000,0.4464,0.4697272479534149,0.023327247953414898
2024-07-09_02,8,38000,-76000,0.4726,0.4853948950767517,0.012794895076751689
2024-07-09_02,9,57000,-76000,0.5261,0.5388705730438232,0.01277057304382323
2024-07-09_02,10,-76000,-57000,0.5282,0.5273480415344238,-0.0008519584655761747
2024-07-09_02,11,-57000,-57000,0.4505,0.45861032605171204,0.008110326051712025
2024-07-09_02,12,-38000,-57000,0.4066,0.4493243992328644,0.04272439923286436
2024-07-09_02,13,-19000,-57000,0.3801,0.3960832953453064,0.015983295345306403
2024-07-09_02,14,0,-57000,0.3719,0.38622429966926575,0.014324299669265739
2024-07-09_02,15,19000,-57000,0.3817,0.3975650668144226,0.015865066814422624
2024-07-09_02,16,38000,-57000,0.4087,0.4409294128417969,0.03222941284179687
2024-07-09_02,17,57000,-57000,0.4517,0.4662865698337555,0.014586569833755503
2024-07-09_02,18,76000,-57000,0.5203,0.5268832445144653,0.006583244514465347
2024-07-09_02,19,-76000,-38000,0.4617,0.4642593264579773,0.0025593264579772956
2024-07-09_02,20,-57000,-38000,0.3999,0.40556010603904724,0.0056601060390472635
2024-07-09_02,21,-38000,-38000,0.3568,0.371071994304657,0.014271994304656976
2024-07-09_02,22,-19000,-38000,0.3291,0.344910204410553,0.015810204410552975
2024-07-09_02,23,0,-38000,0.319,0.33389878273010254,0.014898782730102533
2024-07-09_02,24,19000,-38000,0.3315,0.34705036878585815,0.015550368785858137
2024-07-09_02,25,38000,-38000,0.3595,0.37545961141586304,0.01595961141586305
2024-07-09_02,26,57000,-38000,0.4033,0.43747690320014954,0.034176903200149544
2024-07-09_02,27,76000,-38000,0.4649,0.47066447138786316,0.005764471387863179
2024-07-09_02,28,-95000,-19000,0.4958,0.495433509349823,-0.00036649065017702043
2024-07-09_02,29,-76000,-19000,0.4272,0.47571560740470886,0.04851560740470884
2024-07-09_02,30,-57000,-19000,0.3664,0.38079583644866943,0.01439583644866943
2024-07-09_02,31,-38000,-19000,0.3204,0.33461830019950867,0.014218300199508649
2024-07-09_02,32,-19000,-19000,0.2919,0.30656805634498596,0.014668056344985969
2024-07-09_02,33,0,-19000,0.2811,0.29640311002731323,0.015303110027313216
2024-07-09_02,34,19000,-19000,0.2944,0.30958110094070435,0.01518110094070435
2024-07-09_02,35,38000,-19000,0.3248,0.34090137481689453,0.016101374816894554
2024-07-09_02,36,57000,-19000,0.3724,0.3885575234889984,0.016157523488998404
2024-07-09_02,37,76000,-19000,0.4342,0.47306638956069946,0.03886638956069949
2024-07-09_02,38,95000,-19000,0.4992,0.5068235993385315,0.007623599338531517
2024-07-09_02,39,-95000,0,0.5008,0.5132721662521362,0.012472166252136208
2024-07-09_02,40,-76000,0,0.4091,0.4493120610713959,0.040212061071395855
2024-07-09_02,41,-57000,0,0.3498,0.3635276257991791,0.013727625799179077
2024-07-09_02,42,-38000,0,0.3035,0.3199876546859741,0.01648765468597413
2024-07-09_02,43,-19000,0,0.2735,0.28776678442955017,0.01426678442955015
2024-07-09_02,44,19000,0,0.277,0.2919357120990753,0.014935712099075293
2024-07-09_02,45,38000,0,0.3096,0.32600897550582886,0.01640897550582887
2024-07-09_02,46,57000,0,0.3576,0.37266579270362854,0.015065792703628567
2024-07-09_02,47,76000,0,0.4193,0.47427889704704285,0.05497889704704284
2024-07-09_02,48,95000,0,0.4981,0.4970443844795227,-0.0010556155204772821
2024-07-09_02,49,-95000,19000,0.4791,0.48442667722702026,0.005326677227020238
2024-07-09_02,50,-76000,19000,0.4092,0.45418888330459595,0.04498888330459594
2024-07-09_02,51,-57000,19000,0.3493,0.36417973041534424,0.014879730415344239
2024-07-09_02,52,-38000,19000,0.3039,0.31907638907432556,0.015176389074325558
2024-07-09_02,53,-19000,19000,0.276,0.2912868559360504,0.015286855936050392
2024-07-09_02,54,0,19000,0.2665,0.2823607623577118,0.015860762357711777
2024-07-09_02,55,19000,19000,0.2795,0.29495668411254883,0.015456684112548802
2024-07-09_02,56,38000,19000,0.3101,0.32625266909599304,0.016152669095993055
2024-07-09_02,57,57000,19000,0.3581,0.3726755380630493,0.014575538063049343
2024-07-09_02,58,76000,19000,0.4196,0.45374611020088196,0.034146110200881985
2024-07-09_02,59,95000,19000,0.4833,0.4874095320701599,0.004109532070159905
2024-07-09_02,60,-76000,38000,0.4304,0.4633777439594269,0.032977743959426875
2024-07-09_02,61,-57000,38000,0.3655,0.38160911202430725,0.01610911202430726
2024-07-09_02,62,-38000,38000,0.322,0.33737069368362427,0.01537069368362426
2024-07-09_02,63,-19000,38000,0.2963,0.3107120096683502,0.014412009668350212
2024-07-09_02,64,0,38000,0.2875,0.3022221326828003,0.014722132682800315
2024-07-09_02,65,19000,38000,0.2993,0.3143879771232605,0.015087977123260488
2024-07-09_02,66,38000,38000,0.329,0.34574776887893677,0.016747768878936753
2024-07-09_02,67,57000,38000,0.3739,0.39100542664527893,0.01710542664527892
2024-07-09_02,68,76000,38000,0.438,0.4678225815296173,0.02982258152961731
2024-07-09_02,69,-76000,57000,0.4776,0.47653651237487793,-0.0010634876251220948
2024-07-09_02,70,-57000,57000,0.4001,0.4196385145187378,0.019538514518737782
2024-07-09_02,71,-38000,57000,0.356,0.37120214104652405,0.015202141046524065
2024-07-09_02,72,-19000,57000,0.3302,0.3465287983417511,0.016328798341751105
2024-07-09_02,73,0,57000,0.3215,0.33705633878707886,0.01555633878707885
2024-07-09_02,74,19000,57000,0.3336,0.34908202290534973,0.015482022905349724
2024-07-09_02,75,38000,57000,0.361,0.3762427866458893,0.015242786645889295
2024-07-09_02,76,57000,57000,0.4065,0.43938112258911133,0.032881122589111356
2024-07-09_02,77,76000,57000,0.474,0.48219698667526245,0.008196986675262474
2024-07-09_02,78,-57000,76000,0.4581,0.46737271547317505,0.009272715473175042
2024-07-09_02,79,-38000,76000,0.4073,0.4476749002933502,0.040374900293350224
2024-07-09_02,80,-19000,76000,0.3799,0.39602237939834595,0.016122379398345932
2024-07-09_02,81,0,76000,0.3707,0.38649076223373413,0.015790762233734157
2024-07-09_02,82,19000,76000,0.3817,0.3988594710826874,0.017159471082687394
2024-07-09_02,83,38000,76000,0.4099,0.45227038860321045,0.04237038860321046
2024-07-09_02,84,57000,76000,0.4549,0.46320685744285583,0.008306857442855808
2024-07-09_02,85,-19000,95000,0.4408,0.4627181887626648,0.02191818876266477
2024-07-09_02,86,0,95000,0.4393,0.46072715520858765,0.021427155208587623
2024-07-09_02,87,19000,95000,0.4427,0.47411447763442993,0.03141447763442995
2024-07-09_03,0,-19000,-95000,0.3112,0.32147443294525146,0.010274432945251488
2024-07-09_03,1,0,-95000,0.3416,0.3458718955516815,0.004271895551681504
2024-07-09_03,2,19000,-95000,0.3107,0.3221312165260315,0.011431216526031518
2024-07-09_03,3,-57000,-76000,0.3196,0.35017386078834534,0.03057386078834534
2024-07-09_03,4,-38000,-76000,0.313288841,0.3062695264816284,-0.007019314518371567
2024-07-09_03,5,-19000,-76000,0.1832,0.31186360120773315,0.12866360120773315
2024-07-09_03,6,0,-76000,0.18,0.2726076543331146,0.09260765433311463
2024-07-09_03,7,19000,-76000,0.1828,0.3124293088912964,0.1296293088912964
2024-07-09_03,8,38000,-76000,0.284760387,0.30571016669273376,0.02094977969273376
2024-07-09_03,9,57000,-76000,0.3168,0.3373509347438812,0.0205509347438812
2024-07-09_03,10,-76000,-57000,0.3168,0.3448982238769531,0.0280982238769531
2024-07-09_03,11,-57000,-57000,0.333403856,0.3127687871456146,-0.020635068854385374
2024-07-09_03,12,-38000,-57000,0.4144,0.17048659920692444,-0.24391340079307555
2024-07-09_03,13,-19000,-57000,0.3868,0.39888995885849,0.012089958858490013
2024-07-09_03,14,0,-57000,0.3783,0.39037787914276123,0.012077879142761205
2024-07-09_03,15,19000,-57000,0.3879,0.401260107755661,0.013360107755660988
2024-07-09_03,16,38000,-57000,0.169,0.1456986516714096,-0.023301348328590404
2024-07-09_03,17,57000,-57000,0.306723696,0.31254440546035767,0.005820709460357676
2024-07-09_03,18,76000,-57000,0.3135,0.331149160861969,0.017649160861968993
2024-07-09_03,19,-76000,-38000,0.308922076,0.29988178610801697,-0.009040289891983022
2024-07-09_03,20,-57000,-38000,0.4081,0.2609146535396576,-0.14718534646034243
2024-07-09_03,21,-38000,-38000,0.3635,0.3744708001613617,0.010970800161361705
2024-07-09_03,22,-19000,-38000,0.3363,0.3470587134361267,0.010758713436126721
2024-07-09_03,23,0,-38000,0.3259,0.3382834494113922,0.012383449411392189
2024-07-09_03,24,19000,-38000,0.3377,0.3501398265361786,0.012439826536178589
2024-07-09_03,25,38000,-38000,0.3656,0.37793394923210144,0.01233394923210146
2024-07-09_03,26,57000,-38000,0.4098,0.2310231626033783,-0.1787768373966217
2024-07-09_03,27,76000,-38000,0.304556333,0.302764892578125,-0.0017914404218750124
2024-07-09_03,28,-95000,-19000,0.307,0.3185960054397583,0.011596005439758306
2024-07-09_03,29,-76000,-19000,0.1762,0.1942029893398285,0.018002989339828496
2024-07-09_03,30,-57000,-19000,0.3743,0.38395485281944275,0.009654852819442727
2024-07-09_03,31,-38000,-19000,0.3283,0.33986666798591614,0.011566667985916157
2024-07-09_03,32,-19000,-19000,0.2992,0.3105265498161316,0.01132654981613157
2024-07-09_03,33,0,-19000,0.288,0.2999795377254486,0.01197953772544863
2024-07-09_03,34,19000,-19000,0.301,0.3138177692890167,0.012817769289016734
2024-07-09_03,35,38000,-19000,0.3318,0.3442938029766083,0.012493802976608293
2024-07-09_03,36,57000,-19000,0.3784,0.39143243432044983,0.013032434320449815
2024-07-09_03,37,76000,-19000,0.1781,0.2550428807735443,0.0769428807735443
2024-07-09_03,38,95000,-19000,0.3075,0.3183768391609192,0.010876839160919194
2024-07-09_03,39,-95000,0,0.3126,0.32137733697891235,0.008777336978912365
2024-07-09_03,40,-76000,0,0.1705,0.165529265999794,-0.004970734000206006
2024-07-09_03,41,-57000,0,0.3576,0.36704373359680176,0.009443733596801784
2024-07-09_03,42,-38000,0,0.3116,0.3229884207248688,0.011388420724868786
2024-07-09_03,43,-19000,0,0.2812,0.29342031478881836,0.012220314788818354
2024-07-09_03,44,19000,0,0.2838,0.2973155081272125,0.013515508127212528
2024-07-09_03,45,38000,0,0.3164,0.3302655518054962,0.013865551805496201
2024-07-09_03,46,57000,0,0.3639,0.37721574306488037,0.01331574306488037
2024-07-09_03,47,76000,0,0.1718,0.1909046322107315,0.019104632210731498
2024-07-09_03,48,95000,0,0.3093,0.3248445689678192,0.015544568967819195
2024-07-09_03,49,-95000,19000,0.3046,0.3082774579524994,0.0036774579524994078
2024-07-09_03,50,-76000,19000,0.1703,0.16571778059005737,-0.004582219409942634
2024-07-09_03,51,-57000,19000,0.3574,0.36700353026390076,0.009603530263900761
2024-07-09_03,52,-38000,19000,0.312,0.32388296723365784,0.011882967233657837
2024-07-09_03,53,-19000,19000,0.2835,0.2960244119167328,0.012524411916732814
2024-07-09_03,54,0,19000,0.2733,0.2869722247123718,0.013672224712371839
2024-07-09_03,55,19000,19000,0.2863,0.29968851804733276,0.013388518047332765
2024-07-09_03,56,38000,19000,0.3169,0.33116233348846436,0.01426233348846434
2024-07-09_03,57,57000,19000,0.3645,0.3780096173286438,0.013509617328643808
2024-07-09_03,58,76000,19000,0.1729,0.19506040215492249,0.022160402154922487
2024-07-09_03,59,95000,19000,0.3056,0.31572288274765015,0.010122882747650164
2024-07-09_03,60,-76000,38000,0.1781,0.2444482445716858,0.06634824457168578
2024-07-09_03,61,-57000,38000,0.3741,0.38358864188194275,0.009488641881942761
2024-07-09_03,62,-38000,38000,0.3303,0.34207046031951904,0.01177046031951906
2024-07-09_03,63,-19000,38000,0.3031,0.3165951669216156,0.01349516692161562
2024-07-09_03,64,0,38000,0.2941,0.3078625500202179,0.013762550020217923
2024-07-09_03,65,19000,38000,0.306,0.32095441222190857,0.014954412221908575
2024-07-09_03,66,38000,38000,0.3358,0.3499218821525574,0.014121882152557386
2024-07-09_03,67,57000,38000,0.3807,0.3950295150279999,0.014329515027999895
2024-07-09_03,68,76000,38000,0.18,0.2811860144138336,0.10118601441383362
2024-07-09_03,69,-76000,57000,0.3075,0.31840232014656067,0.010902320146560673
2024-07-09_03,70,-57000,57000,0.4107,0.23174795508384705,-0.17895204491615296
2024-07-09_03,71,-38000,57000,0.3638,0.37507936358451843,0.01127936358451842
2024-07-09_03,72,-19000,57000,0.3378,0.35029369592666626,0.01249369592666627
2024-07-09_03,73,0,57000,0.3288,0.34263041615486145,0.013830416154861469
2024-07-09_03,74,19000,57000,0.3402,0.35406044125556946,0.013860441255569456
2024-07-09_03,75,38000,57000,0.3674,0.3825153112411499,0.015115311241149898
2024-07-09_03,76,57000,57000,0.415,0.17305679619312286,-0.24194320380687712
2024-07-09_03,77,76000,57000,0.303457271,0.3112145662307739,0.007757295230773953
2024-07-09_03,78,-57000,76000,0.303070174,0.3042341470718384,0.0011639730718383534
2024-07-09_03,79,-38000,76000,0.1701,0.16285353899002075,-0.007246461009979249
2024-07-09_03,80,-19000,76000,0.3875,0.4005333185195923,0.013033318519592274
2024-07-09_03,81,0,76000,0.3777,0.39111635088920593,0.013416350889205952
2024-07-09_03,82,19000,76000,0.3885,0.4038563072681427,0.015356307268142688
2024-07-09_03,83,38000,76000,0.1705,0.17047783732414246,-2.2162675857556602e-05
2024-07-09_03,84,57000,76000,0.304266287,0.2965536117553711,-0.00771267524462893
2024-07-09_03,85,-19000,95000,0.1823,0.3056314289569855,0.12333142895698548
2024-07-09_03,86,0,95000,0.1818,0.31215280294418335,0.13035280294418336
2024-07-09_03,87,19000,95000,0.1804,0.3005969524383545,0.12019695243835449
2024-07-09_04,0,-19000,-95000,0.3112,0.3220812678337097,0.01088126783370974
2024-07-09_04,1,0,-95000,0.3215,0.3478042185306549,0.0263042185306549
2024-07-09_04,2,19000,-95000,0.3112,0.3174630403518677,0.006263040351867699
2024-07-09_04,3,-57000,-76000,0.3337,0.341592013835907,0.007892013835906986
2024-07-09_04,4,-38000,-76000,0.3028,0.3171525001525879,0.014352500152587877
2024-07-09_04,5,-19000,-76000,0.3023217,0.24961382150650024,-0.05270787849349978
2024-07-09_04,6,0,-76000,0.1814,0.21904772520065308,0.03764772520065307
2024-07-09_04,7,19000,-76000,0.302136926,0.24360987544059753,-0.05852705055940244
2024-07-09_04,8,38000,-76000,0.293363664,0.30248984694480896,0.009126182944808936
2024-07-09_04,9,57000,-76000,0.3187,0.3374755084514618,0.01877550845146181
2024-07-09_04,10,-76000,-57000,0.3234,0.33268389105796814,0.009283891057968119
2024-07-09_04,11,-57000,-57000,0.285911636,0.28142744302749634,-0.004484192972503687
2024-07-09_04,12,-38000,-57000,0.1703,0.3564826250076294,0.1861826250076294
2024-07-09_04,13,-19000,-57000,0.3935,0.38771870732307434,-0.005781292676925676
2024-07-09_04,14,0,-57000,0.3847,0.3795458972454071,-0.005154102754592882
2024-07-09_04,15,19000,-57000,0.3943,0.3890080153942108,-0.005291984605789168
2024-07-09_04,16,38000,-57000,0.1707,0.21838527917861938,0.047685279178619394
2024-07-09_04,17,57000,-57000,0.283101582,0.31793662905693054,0.034835047056930524
2024-07-09_04,18,76000,-57000,0.3159,0.3322908282279968,0.016390828227996812
2024-07-09_04,19,-76000,-38000,0.277922075,0.31225651502609253,0.03433444002609254
2024-07-09_04,20,-57000,-38000,0.169,0.4083355665206909,0.2393355665206909
2024-07-09_04,21,-38000,-38000,0.3704,0.3630044460296631,-0.007395553970336921
2024-07-09_04,22,-19000,-38000,0.3437,0.33632588386535645,-0.00737411613464356
2024-07-09_04,23,0,-38000,0.3337,0.3264163136482239,-0.00728368635177612
2024-07-09_04,24,19000,-38000,0.3452,0.3393365740776062,-0.005863425922393806
2024-07-09_04,25,38000,-38000,0.3723,0.36694276332855225,-0.005357236671447774
2024-07-09_04,26,57000,-38000,0.1696,0.38497310876846313,0.21537310876846313
2024-07-09_04,27,76000,-38000,0.277444308,0.30894193053245544,0.03149762253245547
2024-07-09_04,28,-95000,-19000,0.3075,0.3274964690208435,0.01999646902084351
2024-07-09_04,29,-76000,-19000,0.1781,0.19325056672096252,0.015150566720962516
2024-07-09_04,30,-57000,-19000,0.3812,0.3724220395088196,-0.008777960491180403
2024-07-09_04,31,-38000,-19000,0.3364,0.3286135494709015,-0.0077864505290984876
2024-07-09_04,32,-19000,-19000,0.307,0.2990274727344513,-0.007972527265548701
2024-07-09_04,33,0,-19000,0.2964,0.2888106107711792,-0.007589389228820798
2024-07-09_04,34,19000,-19000,0.3091,0.3021121025085449,-0.006987897491455064
2024-07-09_04,35,38000,-19000,0.3397,0.3322538435459137,-0.007446156454086306
2024-07-09_04,36,57000,-19000,0.3855,0.3794258236885071,-0.006074176311492929
2024-07-09_04,37,76000,-19000,0.18,0.20044618844985962,0.020446188449859626
2024-07-09_04,38,95000,-19000,0.3098,0.31795090436935425,0.008150904369354228
2024-07-09_04,39,-95000,0,0.3159,0.32638904452323914,0.010489044523239122
2024-07-09_04,40,-76000,0,0.1717,0.31053465604782104,0.13883465604782105
2024-07-09_04,41,-57000,0,0.3648,0.3552587330341339,-0.009541266965866102
2024-07-09_04,42,-38000,0,0.3199,0.31043073534965515,-0.009469264650344866
2024-07-09_04,43,-19000,0,0.29,0.28021153807640076,-0.009788461923599223
2024-07-09_04,44,19000,0,0.2928,0.2829192578792572,-0.009880742120742803
2024-07-09_04,45,38000,0,0.3248,0.31755924224853516,-0.007240757751464821
2024-07-09_04,46,57000,0,0.3708,0.3652270436286926,-0.0055729563713073915
2024-07-09_04,47,76000,0,0.1739,0.19313502311706543,0.01923502311706543
2024-07-09_04,48,95000,0,0.3117,0.3163761794567108,0.004676179456710838
2024-07-09_04,49,-95000,19000,0.3056,0.3201999068260193,0.014599906826019304
2024-07-09_04,50,-76000,19000,0.1718,0.312127947807312,0.140327947807312
2024-07-09_04,51,-57000,19000,0.365,0.3555081784725189,-0.00949182152748107
2024-07-09_04,52,-38000,19000,0.3208,0.31131649017333984,-0.00948350982666013
2024-07-09_04,53,-19000,19000,0.2925,0.28205087780952454,-0.010449122190475446
2024-07-09_04,54,0,19000,0.2831,0.27306708693504333,-0.010032913064956683
2024-07-09_04,55,19000,19000,0.2953,0.28543728590011597,-0.00986271409988404
2024-07-09_04,56,38000,19000,0.3256,0.31772470474243164,-0.00787529525756836
2024-07-09_04,57,57000,19000,0.3716,0.3649778962135315,-0.006622103786468492
2024-07-09_04,58,76000,19000,0.1743,0.2009504735469818,0.0266504735469818
2024-07-09_04,59,95000,19000,0.3079,0.31978583335876465,0.011885833358764641
2024-07-09_04,60,-76000,38000,0.1809,0.19624833762645721,0.015348337626457209
2024-07-09_04,61,-57000,38000,0.3821,0.37211698293685913,-0.009983017063140864
2024-07-09_04,62,-38000,38000,0.3396,0.32848450541496277,-0.011115494585037244
2024-07-09_04,63,-19000,38000,0.3127,0.3036419153213501,-0.00905808467864988
2024-07-09_04,64,0,38000,0.3035,0.2933441698551178,-0.010155830144882194
2024-07-09_04,65,19000,38000,0.3153,0.3060712516307831,-0.009228748369216944
2024-07-09_04,66,38000,38000,0.3443,0.33683159947395325,-0.007468400526046748
2024-07-09_04,67,57000,38000,0.3882,0.38217249512672424,-0.006027504873275746
2024-07-09_04,68,76000,38000,0.1832,0.21983157098293304,0.03663157098293304
2024-07-09_04,69,-76000,57000,0.3107,0.3219735026359558,0.011273502635955834
2024-07-09_04,70,-57000,57000,0.17,0.39617425203323364,0.22617425203323363
2024-07-09_04,71,-38000,57000,0.372,0.36293014883995056,-0.009069851160049436
2024-07-09_04,72,-19000,57000,0.347,0.337653785943985,-0.00934621405601499
2024-07-09_04,73,0,57000,0.3385,0.32972925901412964,-0.008770740985870384
2024-07-09_04,74,19000,57000,0.3491,0.34160536527633667,-0.0074946347236633515
2024-07-09_04,75,38000,57000,0.3755,0.36837926506996155,-0.007120734930038453
2024-07-09_04,76,57000,57000,0.171,0.32805097103118896,0.15705097103118895
2024-07-09_04,77,76000,57000,0.268133983,0.3084466755390167,0.0403126925390167
2024-07-09_04,78,-57000,76000,0.3037,0.3062540888786316,0.0025540888786315663
2024-07-09_04,79,-38000,76000,0.1718,0.32552391290664673,0.15372391290664672
2024-07-09_04,80,-19000,76000,0.396,0.388847678899765,-0.007152321100235004
2024-07-09_04,81,0,76000,0.3863,0.3783987760543823,-0.007901223945617653
2024-07-09_04,82,19000,76000,0.397,0.38943126797676086,-0.007568732023239155
2024-07-09_04,83,38000,76000,0.1718,0.21344146132469177,0.041641461324691764
2024-07-09_04,84,57000,76000,0.269639875,0.2954387068748474,0.02579883187484744
2024-07-09_04,85,-19000,95000,0.295842751,0.229119211435318,-0.06672353956468202
2024-07-09_04,86,0,95000,0.1864,0.2393869161605835,0.052986916160583486
2024-07-09_04,87,19000,95000,0.1832,0.2233753502368927,0.0401753502368927
2024-07-09_05,0,-19000,-95000,0.3112,0.3097275197505951,-0.0014724802494048839
2024-07-09_05,1,0,-95000,0.33,0.32585644721984863,-0.004143552780151383
2024-07-09_05,2,19000,-95000,0.3121,0.3111702799797058,-0.000929720020294178
2024-07-09_05,3,-57000,-76000,0.3442,0.33311986923217773,-0.011080130767822272
2024-07-09_05,4,-38000,-76000,0.3037,0.29182150959968567,-0.011878490400314357
2024-07-09_05,5,-19000,-76000,0.305531801,0.2546803057193756,-0.05085149528062438
2024-07-09_05,6,0,-76000,0.1837,0.2140527069568634,0.0303527069568634
2024-07-09_05,7,19000,-76000,0.305434732,0.26169148087501526,-0.04374325112498473
2024-07-09_05,8,38000,-76000,0.3037,0.2893660366535187,-0.014333963346481349
2024-07-09_05,9,57000,-76000,0.3225,0.31820470094680786,-0.0042952990531921476
2024-07-09_05,10,-76000,-57000,0.3281,0.32301002740859985,-0.005089972591400149
2024-07-09_05,11,-57000,-57000,0.289849191,0.28027579188346863,-0.009573399116531378
2024-07-09_05,12,-38000,-57000,0.1715,0.24963273108005524,0.07813273108005522
2024-07-09_05,13,-19000,-57000,0.397,0.39227789640426636,-0.004722103595733662
2024-07-09_05,14,0,-57000,0.3886,0.38360652327537537,-0.004993476724624635
2024-07-09_05,15,19000,-57000,0.3984,0.3944644331932068,-0.003935566806793189
2024-07-09_05,16,38000,-57000,0.1725,0.22152726352214813,0.049027263522148146
2024-07-09_05,17,57000,-57000,0.287259656,0.282819539308548,-0.004440116691452001
2024-07-09_05,18,76000,-57000,0.3187,0.3160044550895691,-0.0026955449104308915
2024-07-09_05,19,-76000,-38000,0.281229613,0.2869468033313751,0.005717190331375133
2024-07-09_05,20,-57000,-38000,0.17,0.37479281425476074,0.20479281425476073
2024-07-09_05,21,-38000,-38000,0.3741,0.3675682544708252,-0.006531745529174793
2024-07-09_05,22,-19000,-38000,0.3473,0.3400602340698242,-0.007239765930175779
2024-07-09_05,23,0,-38000,0.3375,0.3311885893344879,-0.006311410665512107
2024-07-09_05,24,19000,-38000,0.3491,0.34314993023872375,-0.0059500697612762665
2024-07-09_05,25,38000,-38000,0.3762,0.3713293969631195,-0.004870603036880472
2024-07-09_05,26,57000,-38000,0.1701,0.33040380477905273,0.16030380477905273
2024-07-09_05,27,76000,-38000,0.280835679,0.2854517996311188,0.00461612063111877
2024-07-09_05,28,-95000,-19000,0.3084,0.30351346731185913,-0.004886532688140877
2024-07-09_05,29,-76000,-19000,0.18,0.1766974776983261,-0.0033025223016738825
2024-07-09_05,30,-57000,-19000,0.3849,0.37682288885116577,-0.008077111148834248
2024-07-09_05,31,-38000,-19000,0.3401,0.3323949873447418,-0.007705012655258192
2024-07-09_05,32,-19000,-19000,0.3106,0.3033009469509125,-0.007299053049087512
2024-07-09_05,33,0,-19000,0.2997,0.2927835285663605,-0.006916471433639548
2024-07-09_05,34,19000,-19000,0.3127,0.3065923750400543,-0.006107624959945657
2024-07-09_05,35,38000,-19000,0.3436,0.3367314636707306,-0.006868536329269426
2024-07-09_05,36,57000,-19000,0.3895,0.3843064606189728,-0.0051935393810272346
2024-07-09_05,37,76000,-19000,0.1818,0.19776034355163574,0.015960343551635753
2024-07-09_05,38,95000,-19000,0.3103,0.30320948362350464,-0.007090516376495382
2024-07-09_05,39,-95000,0,0.3173,0.30721840262413025,-0.010081597375869777
2024-07-09_05,40,-76000,0,0.1734,0.23657995462417603,0.06317995462417603
2024-07-09_05,41,-57000,0,0.3686,0.3603358566761017,-0.008264143323898299
2024-07-09_05,42,-38000,0,0.3237,0.3151688277721405,-0.008531172227859485
2024-07-09_05,43,-19000,0,0.2932,0.28563499450683594,-0.007565005493164079
2024-07-09_05,44,19000,0,0.2962,0.2890676259994507,-0.007132374000549335
2024-07-09_05,45,38000,0,0.3285,0.32224950194358826,-0.006250498056411757
2024-07-09_05,46,57000,0,0.3745,0.36921370029449463,-0.005286299705505371
2024-07-09_05,47,76000,0,0.1757,0.19576050341129303,0.020060503411293035
2024-07-09_05,48,95000,0,0.3131,0.3090411424636841,-0.004058857536315907
2024-07-09_05,49,-95000,19000,0.3065,0.29225388169288635,-0.014246118307113642
2024-07-09_05,50,-76000,19000,0.1734,0.2329581379890442,0.05955813798904419
2024-07-09_05,51,-57000,19000,0.3688,0.3595196604728699,-0.009280339527130144
2024-07-09_05,52,-38000,19000,0.3246,0.3156118392944336,-0.008988160705566406
2024-07-09_05,53,-19000,19000,0.2957,0.2876215875148773,-0.008078412485122699
2024-07-09_05,54,0,19000,0.2866,0.2789890468120575,-0.007610953187942526
2024-07-09_05,55,19000,19000,0.2987,0.29127633571624756,-0.0074236642837524625
2024-07-09_05,56,38000,19000,0.3293,0.3225218951702118,-0.00677810482978819
2024-07-09_05,57,57000,19000,0.3755,0.3701396882534027,-0.0053603117465972905
2024-07-09_05,58,76000,19000,0.18,0.18765294551849365,0.007652945518493659
2024-07-09_05,59,95000,19000,0.3084,0.30134227871894836,-0.007057721281051643
2024-07-09_05,60,-76000,38000,0.1823,0.18904095888137817,0.006740958881378184
2024-07-09_05,61,-57000,38000,0.3859,0.3764525055885315,-0.009447494411468527
2024-07-09_05,62,-38000,38000,0.3433,0.3337904214859009,-0.009509578514099115
2024-07-09_05,63,-19000,38000,0.3164,0.30753666162490845,-0.008863338375091567
2024-07-09_05,64,0,38000,0.307,0.29930680990219116,-0.007693190097808833
2024-07-09_05,65,19000,38000,0.3191,0.3125093877315521,-0.006590612268447871
2024-07-09_05,66,38000,38000,0.3481,0.3419356048107147,-0.006164395189285299
2024-07-09_05,67,57000,38000,0.3922,0.3864568769931793,-0.005743123006820672
2024-07-09_05,68,76000,38000,0.1851,0.2131691575050354,0.028069157505035414
2024-07-09_05,69,-76000,57000,0.3131,0.30229997634887695,-0.010800023651123036
2024-07-09_05,70,-57000,57000,0.1711,0.33504852652549744,0.16394852652549743
2024-07-09_05,71,-38000,57000,0.3761,0.36721837520599365,-0.008881624794006338
2024-07-09_05,72,-19000,57000,0.3508,0.34236106276512146,-0.00843893723487854
2024-07-09_05,73,0,57000,0.3423,0.3344368636608124,-0.007863136339187615
2024-07-09_05,74,19000,57000,0.3529,0.3460710644721985,-0.006828935527801505
2024-07-09_05,75,38000,57000,0.3795,0.37434637546539307,-0.005153624534606938
2024-07-09_05,76,57000,57000,0.1725,0.24085533618927002,0.06835533618927003
2024-07-09_05,77,76000,57000,0.3079,0.29742002487182617,-0.010479975128173835
2024-07-09_05,78,-57000,76000,0.3056,0.28741252422332764,-0.018187475776672346
2024-07-09_05,79,-38000,76000,0.1729,0.23920857906341553,0.06630857906341553
2024-07-09_05,80,-19000,76000,0.4006,0.3929627239704132,-0.007637276029586804
2024-07-09_05,81,0,76000,0.3908,0.3828727602958679,-0.00792723970413206
2024-07-09_05,82,19000,76000,0.4016,0.3956339359283447,-0.005966064071655286
2024-07-09_05,83,38000,76000,0.1734,0.22003480792045593,0.046634807920455934
2024-07-09_05,84,57000,76000,0.279081776,0.27690333127975464,-0.002178444720245365
2024-07-09_05,85,-19000,95000,0.323688679,0.2381582260131836,-0.08553045298681639
2024-07-09_05,86,0,95000,0.33333767,0.24557647109031677,-0.0877611989096832
2024-07-09_05,87,19000,95000,0.324641674,0.23836182057857513,-0.08627985342142486
2024-07-09_06,0,-19000,-95000,0.3121,0.32151737809181213,0.009417378091812145
2024-07-09_06,1,0,-95000,0.3416,0.34456223249435425,0.0029622324943542333
2024-07-09_06,2,19000,-95000,0.3131,0.31911006569862366,0.006010065698623668
2024-07-09_06,3,-57000,-76000,0.3469,0.3468013107776642,-9.868922233580157e-05
2024-07-09_06,4,-38000,-76000,0.3056,0.3003265857696533,-0.0052734142303466625
2024-07-09_06,5,-19000,-76000,0.324416106,0.3045331835746765,-0.019882922425323468
2024-07-09_06,6,0,-76000,0.333313406,0.2662823498249054,-0.06703105617509458
2024-07-09_06,7,19000,-76000,0.324370031,0.30195674300193787,-0.022413287998062137
2024-07-09_06,8,38000,-76000,0.3056,0.30117857456207275,-0.004421425437927229
2024-07-09_06,9,57000,-76000,0.3281,0.33221009373664856,0.004110093736648557
2024-07-09_06,10,-76000,-57000,0.345,0.339041143655777,-0.005958856344222996
2024-07-09_06,11,-57000,-57000,0.296290883,0.2935488522052765,-0.0027420307947235156
2024-07-09_06,12,-38000,-57000,0.1729,0.176409050822258,0.0035090508222579975
2024-07-09_06,13,-19000,-57000,0.4027,0.4065193235874176,0.0038193235874176
2024-07-09_06,14,0,-57000,0.3938,0.3984120488166809,0.004612048816680925
2024-07-09_06,15,19000,-57000,0.404,0.40802672505378723,0.004026725053787206
2024-07-09_06,16,38000,-57000,0.1739,0.1756049543619156,0.0017049543619155894
2024-07-09_06,17,57000,-57000,0.29267628,0.28688496351242065,-0.005791316487579357
2024-07-09_06,18,76000,-57000,0.3206,0.32893896102905273,0.008338961029052738
2024-07-09_06,19,-76000,-38000,0.287212185,0.2930413484573364,0.005829163457336417
2024-07-09_06,20,-57000,-38000,0.1717,0.2029653638601303,0.03126536386013032
2024-07-09_06,21,-38000,-38000,0.3795,0.3828698396682739,0.003369839668273922
2024-07-09_06,22,-19000,-38000,0.3528,0.35638415813446045,0.0035841581344604467
2024-07-09_06,23,0,-38000,0.3435,0.347225159406662,0.0037251594066619598
2024-07-09_06,24,19000,-38000,0.3545,0.3592488467693329,0.004748846769332904
2024-07-09_06,25,38000,-38000,0.3818,0.38721492886543274,0.0054149288654327665
2024-07-09_06,26,57000,-38000,0.1718,0.18050868809223175,0.008708688092231742
2024-07-09_06,27,76000,-38000,0.285746736,0.28847241401672363,0.0027256780167236316
2024-07-09_06,28,-95000,-19000,0.3098,0.30528131127357483,-0.004518688726425191
2024-07-09_06,29,-76000,-19000,0.1818,0.22620713710784912,0.04440713710784913
2024-07-09_06,30,-57000,-19000,0.3904,0.3931179642677307,0.002717964267730688
2024-07-09_06,31,-38000,-19000,0.3459,0.349261075258255,0.0033610752582550196
2024-07-09_06,32,-19000,-19000,0.3169,0.32074615359306335,0.0038461535930633395
2024-07-09_06,33,0,-19000,0.3063,0.31032246351242065,0.004022463512420638
2024-07-09_06,34,19000,-19000,0.3193,0.3235965669155121,0.004296566915512112
2024-07-09_06,35,38000,-19000,0.3497,0.35473451018333435,0.00503451018333434
2024-07-09_06,36,57000,-19000,0.3954,0.4002341628074646,0.004834162807464626
2024-07-09_06,37,76000,-19000,0.1842,0.2618188261985779,0.07761882619857788
2024-07-09_06,38,95000,-19000,0.3112,0.3092378079891205,-0.0019621920108794932
2024-07-09_06,39,-95000,0,0.3206,0.31912052631378174,-0.0014794736862182578
2024-07-09_06,40,-76000,0,0.1762,0.17146936058998108,-0.004730639410018916
2024-07-09_06,41,-57000,0,0.3741,0.37709397077560425,0.00299397077560426
2024-07-09_06,42,-38000,0,0.3301,0.3336845934391022,0.0035845934391021683
2024-07-09_06,43,-19000,0,0.2998,0.30396556854248047,0.004165568542480458
2024-07-09_06,44,19000,0,0.3029,0.3071812689304352,0.004281268930435178
2024-07-09_06,45,38000,0,0.3358,0.3401620388031006,0.0043620388031005985
2024-07-09_06,46,57000,0,0.3807,0.38657185435295105,0.005871854352951067
2024-07-09_06,47,76000,0,0.1781,0.20702150464057922,0.028921504640579215
2024-07-09_06,48,95000,0,0.314,0.3151620030403137,0.0011620030403137194
2024-07-09_06,49,-95000,19000,0.3079,0.3021044135093689,-0.0057955864906311105
2024-07-09_06,50,-76000,19000,0.1753,0.17280876636505127,-0.002491233634948742
2024-07-09_06,51,-57000,19000,0.3742,0.37762269377708435,0.0034226937770843735
2024-07-09_06,52,-38000,19000,0.3313,0.3340538442134857,0.0027538442134857344
2024-07-09_06,53,-19000,19000,0.3028,0.3066119849681854,0.003811984968185411
2024-07-09_06,54,0,19000,0.2939,0.297572523355484,0.003672523355484014
2024-07-09_06,55,19000,19000,0.3055,0.3103673756122589,0.004867375612258917
2024-07-09_06,56,38000,19000,0.3363,0.3419208228588104,0.005620822858810437
2024-07-09_06,57,57000,19000,0.3816,0.3873036205768585,0.005703620576858526
2024-07-09_06,58,76000,19000,0.179,0.21451249718666077,0.035512497186660774
2024-07-09_06,59,95000,19000,0.315,0.30891260504722595,-0.00608739495277405
2024-07-09_06,60,-76000,38000,0.1851,0.24685589969158173,0.06175589969158174
2024-07-09_06,61,-57000,38000,0.3917,0.3940296769142151,0.0023296769142150953
2024-07-09_06,62,-38000,38000,0.3493,0.3524572551250458,0.003157255125045777
2024-07-09_06,63,-19000,38000,0.3234,0.32727402448654175,0.0038740244865417273
2024-07-09_06,64,0,38000,0.3144,0.31851285696029663,0.004112856960296618
2024-07-09_06,65,19000,38000,0.3264,0.3315807580947876,0.005180758094787574
2024-07-09_06,66,38000,38000,0.3544,0.3598928153514862,0.005492815351486213
2024-07-09_06,67,57000,38000,0.3985,0.4035595655441284,0.005059565544128397
2024-07-09_06,68,76000,38000,0.303427719,0.27763086557388306,-0.025796853426116928
2024-07-09_06,69,-76000,57000,0.3145,0.3086812198162079,-0.005818780183792116
2024-07-09_06,70,-57000,57000,0.1725,0.17608308792114258,0.0035830879211425914
2024-07-09_06,71,-38000,57000,0.3817,0.3851834535598755,0.0034834535598755045
2024-07-09_06,72,-19000,57000,0.3569,0.36099278926849365,0.004092789268493657
2024-07-09_06,73,0,57000,0.3486,0.3534800410270691,0.004880041027069071
2024-07-09_06,74,19000,57000,0.359,0.36483216285705566,0.005832162857055678
2024-07-09_06,75,38000,57000,0.3856,0.3920142650604248,0.006414265060424806
2024-07-09_06,76,57000,57000,0.1743,0.17819519340991974,0.0038951934099197283
2024-07-09_06,77,76000,57000,0.3084,0.3039216101169586,-0.004478389883041389
2024-07-09_06,78,-57000,76000,0.3075,0.2964816689491272,-0.011018331050872798
2024-07-09_06,79,-38000,76000,0.1753,0.17306898534297943,-0.00223101465702058
2024-07-09_06,80,-19000,76000,0.4066,0.41042637825012207,0.0038263782501220533
2024-07-09_06,81,0,76000,0.3967,0.40089863538742065,0.004198635387420657
2024-07-09_06,82,19000,76000,0.4077,0.41264671087265015,0.00494671087265014
2024-07-09_06,83,38000,76000,0.1757,0.1799386888742447,0.004238688874244695
2024-07-09_06,84,57000,76000,0.286274674,0.29538553953170776,0.009110865531707757
2024-07-09_06,85,-19000,95000,0.329785377,0.303684264421463,-0.026101112578536978
2024-07-09_06,86,0,95000,0.340041947,0.30894553661346436,-0.031096410386535656
2024-07-09_06,87,19000,95000,0.331566535,0.30349624156951904,-0.028070293430480953
2024-07-09_07,0,-19000,-95000,0.3131,0.3226346969604492,0.00953469696044923
2024-07-09_07,1,0,-95000,0.3415,0.3456442356109619,0.004144235610961888
2024-07-09_07,2,19000,-95000,0.314,0.3190019428730011,0.005001942873001097
2024-07-09_07,3,-57000,-76000,0.3475,0.34909147024154663,0.0015914702415466553
2024-07-09_07,4,-38000,-76000,0.3065,0.3047002851963043,-0.0017997148036956734
2024-07-09_07,5,-19000,-76000,0.327011549,0.30467307567596436,-0.022338473324035657
2024-07-09_07,6,0,-76000,0.336129644,0.26814231276512146,-0.06798733123487855
2024-07-09_07,7,19000,-76000,0.327225995,0.3038730323314667,-0.023352962668533317
2024-07-09_07,8,38000,-76000,0.3056,0.3016165494918823,-0.0039834505081176586
2024-07-09_07,9,57000,-76000,0.33,0.3346341848373413,0.004634184837341293
2024-07-09_07,10,-76000,-57000,0.3456,0.3368907570838928,-0.008709242916107196
2024-07-09_07,11,-57000,-57000,0.298975514,0.2930939495563507,-0.00588156444364929
2024-07-09_07,12,-38000,-57000,0.1743,0.16648192703723907,-0.007818072962760936
2024-07-09_07,13,-19000,-57000,0.4062,0.40624457597732544,4.4575977325433946e-05
2024-07-09_07,14,0,-57000,0.3976,0.39800959825515747,0.00040959825515746173
2024-07-09_07,15,19000,-57000,0.4075,0.4080618619918823,0.0005618619918823509
2024-07-09_07,16,38000,-57000,0.1748,0.16081488132476807,-0.013985118675231945
2024-07-09_07,17,57000,-57000,0.297611616,0.29048416018486023,-0.007127455815139794
2024-07-09_07,18,76000,-57000,0.3215,0.32818910479545593,0.006689104795455925
2024-07-09_07,19,-76000,-38000,0.3037,0.29414185881614685,-0.009558141183853175
2024-07-09_07,20,-57000,-38000,0.172,0.19812209904193878,0.026122099041938796
2024-07-09_07,21,-38000,-38000,0.383,0.3826628029346466,-0.00033719706535340066
2024-07-09_07,22,-19000,-38000,0.3564,0.35670244693756104,0.0003024469375610406
2024-07-09_07,23,0,-38000,0.3469,0.3471873104572296,0.0002873104572296281
2024-07-09_07,24,19000,-38000,0.3583,0.3585274815559387,0.00022748155593871333
2024-07-09_07,25,38000,-38000,0.3857,0.3873681426048279,0.0016681426048278936
2024-07-09_07,26,57000,-38000,0.1725,0.17254625260829926,4.6252608299268694e-05
2024-07-09_07,27,76000,-38000,0.3037,0.2890301048755646,-0.01466989512443545
2024-07-09_07,28,-95000,-19000,0.3093,0.30584973096847534,-0.0034502690315246776
2024-07-09_07,29,-76000,-19000,0.1828,0.21309903264045715,0.030299032640457163
2024-07-09_07,30,-57000,-19000,0.3936,0.39328014850616455,-0.00031985149383545464
2024-07-09_07,31,-38000,-19000,0.3493,0.34884220361709595,-0.0004577963829040521
2024-07-09_07,32,-19000,-19000,0.3204,0.3205033838748932,0.00010338387489317036
2024-07-09_07,33,0,-19000,0.3095,0.3100128769874573,0.0005128769874572781
2024-07-09_07,34,19000,-19000,0.3233,0.32403889298439026,0.0007388929843902825
2024-07-09_07,35,38000,-19000,0.3532,0.3539904057979584,0.0007904057979583601
2024-07-09_07,36,57000,-19000,0.3991,0.4004536271095276,0.0013536271095275776
2024-07-09_07,37,76000,-19000,0.306977047,0.2595007121562958,-0.047476334843704227
2024-07-09_07,38,95000,-19000,0.3112,0.31227540969848633,0.0010754096984863515
2024-07-09_07,39,-95000,0,0.3206,0.31845417618751526,-0.0021458238124847373
2024-07-09_07,40,-76000,0,0.1762,0.16081729531288147,-0.015382704687118526
2024-07-09_07,41,-57000,0,0.3771,0.377149760723114,4.976072311402291e-05
2024-07-09_07,42,-38000,0,0.3338,0.33303090929985046,-0.0007690907001495217
2024-07-09_07,43,-19000,0,0.3032,0.303440123796463,0.00024012379646298765
2024-07-09_07,44,19000,0,0.3064,0.30703774094581604,0.0006377409458160344
2024-07-09_07,45,38000,0,0.3392,0.34037500619888306,0.0011750061988830551
2024-07-09_07,46,57000,0,0.3843,0.3859337866306305,0.0016337866306305182
2024-07-09_07,47,76000,0,0.18,0.1941520869731903,0.014152086973190314
2024-07-09_07,48,95000,0,0.3159,0.31521159410476685,-0.0006884058952331684
2024-07-09_07,49,-95000,19000,0.3075,0.3060036301612854,-0.0014963698387145952
2024-07-09_07,50,-76000,19000,0.1767,0.16198454797267914,-0.014715452027320858
2024-07-09_07,51,-57000,19000,0.3773,0.37724223732948303,-5.776267051699202e-05
2024-07-09_07,52,-38000,19000,0.3346,0.33391401171684265,-0.0006859882831573572
2024-07-09_07,53,-19000,19000,0.3062,0.30686646699905396,0.0006664669990539274
2024-07-09_07,54,0,19000,0.2968,0.29832082986831665,0.0015208298683166421
2024-07-09_07,55,19000,19000,0.3093,0.3104236125946045,0.0011236125946044728
2024-07-09_07,56,38000,19000,0.3403,0.34138432145118713,0.0010843214511871424
2024-07-09_07,57,57000,19000,0.3852,0.38742098212242126,0.002220982122421278
2024-07-09_07,58,76000,19000,0.18,0.1973302811384201,0.01733028113842011
2024-07-09_07,59,95000,19000,0.3098,0.3068412244319916,-0.0029587755680084427
2024-07-09_07,60,-76000,38000,0.303967153,0.24282953143119812,-0.06113762156880187
2024-07-09_07,61,-57000,38000,0.3945,0.3934116065502167,-0.0010883934497833425
2024-07-09_07,62,-38000,38000,0.3525,0.3528904914855957,0.0003904914855957231
2024-07-09_07,63,-19000,38000,0.327,0.3270644545555115,6.445455551146173e-05
2024-07-09_07,64,0,38000,0.3178,0.31839677691459656,0.0005967769145965307
2024-07-09_07,65,19000,38000,0.33,0.33115750551223755,0.0011575055122375333
2024-07-09_07,66,38000,38000,0.3581,0.3600093424320221,0.0019093424320221208
2024-07-09_07,67,57000,38000,0.4023,0.4035658836364746,0.0012658836364746184
2024-07-09_07,68,76000,38000,0.30735372,0.26695969700813293,-0.04039402299186706
2024-07-09_07,69,-76000,57000,0.3159,0.3101419508457184,-0.00575804915428163
2024-07-09_07,70,-57000,57000,0.1739,0.1704605519771576,-0.0034394480228424062
2024-07-09_07,71,-38000,57000,0.385,0.3850674033164978,6.740331649779385e-05
2024-07-09_07,72,-19000,57000,0.3602,0.36093270778656006,0.0007327077865600384
2024-07-09_07,73,0,57000,0.352,0.3527248501777649,0.000724850177764913
2024-07-09_07,74,19000,57000,0.3626,0.3649371862411499,0.0023371862411499245
2024-07-09_07,75,38000,57000,0.3895,0.39123836159706116,0.0017383615970611443
2024-07-09_07,76,57000,57000,0.1753,0.1663511097431183,-0.008948890256881725
2024-07-09_07,77,76000,57000,0.3112,0.3049006164073944,-0.0062993835926055675
2024-07-09_07,78,-57000,76000,0.3075,0.2954220175743103,-0.012077982425689693
2024-07-09_07,79,-38000,76000,0.1762,0.16676178574562073,-0.009438214254379268
2024-07-09_07,80,-19000,76000,0.4098,0.4100193679332733,0.00021936793327331783
2024-07-09_07,81,0,76000,0.4,0.4008203446865082,0.0008203446865081565
2024-07-09_07,82,19000,76000,0.4115,0.41253766417503357,0.0010376641750335924
2024-07-09_07,83,38000,76000,0.1776,0.16476303339004517,-0.012836966609954842
2024-07-09_07,84,57000,76000,0.3046,0.2931775152683258,-0.011422484731674176
2024-07-09_07,85,-19000,95000,0.333870038,0.3086550831794739,-0.025214954820526103
2024-07-09_07,86,0,95000,0.343687024,0.3077307641506195,-0.0359562598493805
2024-07-09_07,87,19000,95000,0.3346358,0.3025418221950531,-0.03209397780494688
2024-07-09_08,0,-19000,-95000,0.3131,0.36804839968681335,0.054948399686813365
2024-07-09_08,1,0,-95000,0.3459,0.4036253094673157,0.05772530946731569
2024-07-09_08,2,19000,-95000,0.3135,0.3640475571155548,0.05054755711555481
2024-07-09_08,3,-57000,-76000,0.3484,0.41404440999031067,0.06564440999031068
2024-07-09_08,4,-38000,-76000,0.3065,0.3470681607723236,0.040568160772323614
2024-07-09_08,5,-19000,-76000,0.327912302,0.37257930636405945,0.04466700436405946
2024-07-09_08,6,0,-76000,0.337456206,0.3347412347793579,-0.0027149712206420706
2024-07-09_08,7,19000,-76000,0.328442123,0.3519293963909149,0.023487273390914942
2024-07-09_08,8,38000,-76000,0.3065,0.36179816722869873,0.055298167228698736
2024-07-09_08,9,57000,-76000,0.3356,0.39110279083251953,0.05550279083251952
2024-07-09_08,10,-76000,-57000,0.3459,0.4127911627292633,0.06689116272926332
2024-07-09_08,11,-57000,-57000,0.299584586,0.33961784839630127,0.040033262396301283
2024-07-09_08,12,-38000,-57000,0.1743,0.31989607214927673,0.14559607214927672
2024-07-09_08,13,-19000,-57000,0.4071,0.41016292572021484,0.0030629257202148263
2024-07-09_08,14,0,-57000,0.3986,0.40144261717796326,0.002842617177963247
2024-07-09_08,15,19000,-57000,0.409,0.4130268096923828,0.004026809692382838
2024-07-09_08,16,38000,-57000,0.1753,0.3153931796550751,0.14009317965507506
2024-07-09_08,17,57000,-57000,0.299396739,0.34266287088394165,0.04326613188394163
2024-07-09_08,18,76000,-57000,0.3243,0.40111044049263,0.07681044049263003
2024-07-09_08,19,-76000,-38000,0.3032,0.3376278281211853,0.03442782812118528
2024-07-09_08,20,-57000,-38000,0.1725,0.35874947905540466,0.18624947905540468
2024-07-09_08,21,-38000,-38000,0.3837,0.3884305953979492,0.004730595397949233
2024-07-09_08,22,-19000,-38000,0.3568,0.3591206669807434,0.002320666980743402
2024-07-09_08,23,0,-38000,0.3481,0.35360926389694214,0.005509263896942118
2024-07-09_08,24,19000,-38000,0.3596,0.3638051748275757,0.004205174827575708
2024-07-09_08,25,38000,-38000,0.3873,0.39256906509399414,0.005269065093994163
2024-07-09_08,26,57000,-38000,0.1739,0.34745579957962036,0.17355579957962036
2024-07-09_08,27,76000,-38000,0.3037,0.34968873858451843,0.04598873858451841
2024-07-09_08,28,-95000,-19000,0.3112,0.37442201375961304,0.06322201375961306
2024-07-09_08,29,-76000,-19000,0.1828,0.3481721878051758,0.1653721878051758
2024-07-09_08,30,-57000,-19000,0.3942,0.39899522066116333,0.004795220661163335
2024-07-09_08,31,-38000,-19000,0.35,0.35446858406066895,0.0044685840606689675
2024-07-09_08,32,-19000,-19000,0.3213,0.3238879144191742,0.00258791441917422
2024-07-09_08,33,0,-19000,0.3108,0.3160146474838257,0.005214647483825663
2024-07-09_08,34,19000,-19000,0.3249,0.32666015625,0.0017601562499999779
2024-07-09_08,35,38000,-19000,0.3549,0.35808083415031433,0.003180834150314338
2024-07-09_08,36,57000,-19000,0.401,0.40517058968544006,0.00417058968544004
2024-07-09_08,37,76000,-19000,0.308318414,0.3329674005508423,0.0246489865508423
2024-07-09_08,38,95000,-19000,0.314,0.37902265787124634,0.06502265787124634
2024-07-09_08,39,-95000,0,0.3215,0.38425812125205994,0.06275812125205993
2024-07-09_08,40,-76000,0,0.1762,0.32259854674339294,0.14639854674339295
2024-07-09_08,41,-57000,0,0.3777,0.3801512122154236,0.002451212215423604
2024-07-09_08,42,-38000,0,0.3345,0.33771803975105286,0.003218039751052837
2024-07-09_08,43,-19000,0,0.3044,0.3091263175010681,0.004726317501068111
2024-07-09_08,44,19000,0,0.3082,0.3101639747619629,0.0019639747619629166
2024-07-09_08,45,38000,0,0.3415,0.3451499342918396,0.003649934291839574
2024-07-09_08,46,57000,0,0.3865,0.3917132019996643,0.005213201999664296
2024-07-09_08,47,76000,0,0.18,0.3433026373386383,0.1633026373386383
2024-07-09_08,48,95000,0,0.3159,0.36423349380493164,0.048333493804931627
2024-07-09_08,49,-95000,19000,0.3079,0.353458046913147,0.045558046913146966
2024-07-09_08,50,-76000,19000,0.1767,0.3641616404056549,0.1874616404056549
2024-07-09_08,51,-57000,19000,0.3777,0.3821989893913269,0.004498989391326924
2024-07-09_08,52,-38000,19000,0.3356,0.3413849174976349,0.005784917497634878
2024-07-09_08,53,-19000,19000,0.3072,0.31104299426078796,0.0038429942607879908
2024-07-09_08,54,0,19000,0.2987,0.301444947719574,0.0027449477195739536
2024-07-09_08,55,19000,19000,0.3112,0.3167699873447418,0.005569987344741845
2024-07-09_08,56,38000,19000,0.3424,0.3472267985343933,0.004826798534393328
2024-07-09_08,57,57000,19000,0.3876,0.39187151193618774,0.004271511936187744
2024-07-09_08,58,76000,19000,0.1818,0.34337514638900757,0.16157514638900758
2024-07-09_08,59,95000,19000,0.3098,0.3896380066871643,0.07983800668716429
2024-07-09_08,60,-76000,38000,0.30452426,0.32608625292778015,0.02156199292778016
2024-07-09_08,61,-57000,38000,0.3955,0.4015924632549286,0.006092463254928571
2024-07-09_08,62,-38000,38000,0.3538,0.35706627368927,0.003266273689270016
2024-07-09_08,63,-19000,38000,0.3284,0.3317302167415619,0.0033302167415618644
2024-07-09_08,64,0,38000,0.3196,0.32354167103767395,0.003941671037673955
2024-07-09_08,65,19000,38000,0.3324,0.3368079662322998,0.004407966232299831
2024-07-09_08,66,38000,38000,0.3604,0.3639654219150543,0.003565421915054323
2024-07-09_08,67,57000,38000,0.4046,0.4093821048736572,0.004782104873657211
2024-07-09_08,68,76000,38000,0.308527133,0.34182801842689514,0.03330088542689513
2024-07-09_08,69,-76000,57000,0.315,0.368513286113739,0.05351328611373901
2024-07-09_08,70,-57000,57000,0.1739,0.3611597418785095,0.18725974187850952
2024-07-09_08,71,-38000,57000,0.3863,0.390285849571228,0.003985849571228051
2024-07-09_08,72,-19000,57000,0.3616,0.3668909966945648,0.005290996694564842
2024-07-09_08,73,0,57000,0.3538,0.3573228716850281,0.003522871685028073
2024-07-09_08,74,19000,57000,0.3648,0.37057116627693176,0.0057711662769317496
2024-07-09_08,75,38000,57000,0.3919,0.39548206329345703,0.003582063293457005
2024-07-09_08,76,57000,57000,0.1762,0.33958005905151367,0.16338005905151368
2024-07-09_08,77,76000,57000,0.3098,0.35070303082466125,0.040903030824661235
2024-07-09_08,78,-57000,76000,0.3084,0.3660721182823181,0.05767211828231811
2024-07-09_08,79,-38000,76000,0.1767,0.3303124010562897,0.15361240105628968
2024-07-09_08,80,-19000,76000,0.4114,0.41479891538619995,0.0033989153861999633
2024-07-09_08,81,0,76000,0.4017,0.4040490686893463,0.002349068689346312
2024-07-09_08,82,19000,76000,0.4135,0.41580501198768616,0.0023050119876861785
2024-07-09_08,83,38000,76000,0.1781,0.34155887365341187,0.16345887365341186
2024-07-09_08,84,57000,76000,0.3046,0.33296310901641846,0.028363109016418475
2024-07-09_08,85,-19000,95000,0.335144375,0.3708001375198364,0.03565576251983643
2024-07-09_08,86,0,95000,0.345098637,0.3619155287742615,0.01681689177426149
2024-07-09_08,87,19000,95000,0.336047547,0.36815690994262695,0.03210936294262695
2024-07-09_09,0,-19000,-95000,0.3131,0.34837251901626587,0.03527251901626588
2024-07-09_09,1,0,-95000,0.3443,0.359112948179245,0.014812948179245
2024-07-09_09,2,19000,-95000,0.3121,0.34360471367836,0.03150471367836
2024-07-09_09,3,-57000,-76000,0.348,0.37306997179985046,0.025069971799850488
2024-07-09_09,4,-38000,-76000,0.3056,0.3152751922607422,0.009675192260742205
2024-07-09_09,5,-19000,-76000,0.327979676,0.31770896911621094,-0.01027070688378906
2024-07-09_09,6,0,-76000,0.337359127,0.3035297393798828,-0.03382938762011717
2024-07-09_09,7,19000,-76000,0.327985515,0.3086109757423401,-0.019374539257659917
2024-07-09_09,8,38000,-76000,0.3056,0.32065728306770325,0.015057283067703264
2024-07-09_09,9,57000,-76000,0.3234,0.3568793535232544,0.033479353523254374
2024-07-09_09,10,-76000,-57000,0.3469,0.3646095097064972,0.017709509706497206
2024-07-09_09,11,-57000,-57000,0.299933756,0.3010299801826477,0.0010962241826477093
2024-07-09_09,12,-38000,-57000,0.1743,0.23733238875865936,0.06303238875865935
2024-07-09_09,13,-19000,-57000,0.4077,0.4084814786911011,0.0007814786911010674
2024-07-09_09,14,0,-57000,0.3991,0.40206634998321533,0.0029663499832153217
2024-07-09_09,15,19000,-57000,0.4093,0.4109738767147064,0.0016738767147064237
2024-07-09_09,16,38000,-57000,0.1743,0.24118514358997345,0.06688514358997344
2024-07-09_09,17,57000,-57000,0.297644022,0.309711217880249,0.012067195880249015
2024-07-09_09,18,76000,-57000,0.3206,0.34764364361763,0.02704364361763001
2024-07-09_09,19,-76000,-38000,0.3037,0.3106454014778137,0.006945401477813695
2024-07-09_09,20,-57000,-38000,0.1725,0.2363118678331375,0.06381186783313753
2024-07-09_09,21,-38000,-38000,0.385,0.38714277744293213,0.00214277744293212
2024-07-09_09,22,-19000,-38000,0.3579,0.3604038953781128,0.002503895378112797
2024-07-09_09,23,0,-38000,0.3492,0.35183289647102356,0.002632896471023549
2024-07-09_09,24,19000,-38000,0.3605,0.3622456192970276,0.0017456192970276008
2024-07-09_09,25,38000,-38000,0.3883,0.3913523256778717,0.0030523256778717256
2024-07-09_09,26,57000,-38000,0.1739,0.22151191532611847,0.04761191532611847
2024-07-09_09,27,76000,-38000,0.3,0.3085630238056183,0.008563023805618297
2024-07-09_09,28,-95000,-19000,0.3098,0.32204610109329224,0.012246101093292217
2024-07-09_09,29,-76000,-19000,0.1837,0.28356605768203735,0.09986605768203735
2024-07-09_09,30,-57000,-19000,0.3951,0.3972565531730652,0.002156553173065179
2024-07-09_09,31,-38000,-19000,0.3509,0.35429447889328003,0.0033944788932800396
2024-07-09_09,32,-19000,-19000,0.3224,0.32477816939353943,0.002378169393539409
2024-07-09_09,33,0,-19000,0.3121,0.315032035112381,0.002932035112380993
2024-07-09_09,34,19000,-19000,0.3261,0.32813820242881775,0.002038202428817748
2024-07-09_09,35,38000,-19000,0.356,0.3578091859817505,0.0018091859817505052
2024-07-09_09,36,57000,-19000,0.4019,0.4050945043563843,0.003194504356384298
2024-07-09_09,37,76000,-19000,0.308018472,0.28386929631233215,-0.024149175687667834
2024-07-09_09,38,95000,-19000,0.3121,0.3300119936466217,0.017911993646621716
2024-07-09_09,39,-95000,0,0.3187,0.3404901325702667,0.02179013257026674
2024-07-09_09,40,-76000,0,0.1771,0.21472486853599548,0.037624868535995476
2024-07-09_09,41,-57000,0,0.3787,0.38120242953300476,0.0025024295330047797
2024-07-09_09,42,-38000,0,0.3353,0.3379758596420288,0.0026758596420288216
2024-07-09_09,43,-19000,0,0.3051,0.3080884516239166,0.0029884516239166437
2024-07-09_09,44,19000,0,0.3091,0.3106919825077057,0.0015919825077057026
2024-07-09_09,45,38000,0,0.3422,0.3448569178581238,0.002656917858123775
2024-07-09_09,46,57000,0,0.3873,0.3907906711101532,0.0034906711101532206
2024-07-09_09,47,76000,0,0.18,0.269340455532074,0.08934045553207398
2024-07-09_09,48,95000,0,0.3159,0.3383288085460663,0.02242880854606627
2024-07-09_09,49,-95000,19000,0.3079,0.32473310828208923,0.016833108282089226
2024-07-09_09,50,-76000,19000,0.1818,0.21505269408226013,0.03325269408226014
2024-07-09_09,51,-57000,19000,0.3792,0.38222968578338623,0.003029685783386249
2024-07-09_09,52,-38000,19000,0.3374,0.33938097953796387,0.0019809795379638895
2024-07-09_09,53,-19000,19000,0.3089,0.31209999322891235,0.0031999932289123456
2024-07-09_09,54,0,19000,0.3001,0.30256685614585876,0.0024668561458587868
2024-07-09_09,55,19000,19000,0.3126,0.31488415598869324,0.0022841559886932483
2024-07-09_09,56,38000,19000,0.3438,0.34689921140670776,0.003099211406707769
2024-07-09_09,57,57000,19000,0.3886,0.39237529039382935,0.0037752903938293447
2024-07-09_09,58,76000,19000,0.1814,0.27801188826560974,0.09661188826560974
2024-07-09_09,59,95000,19000,0.3093,0.3355705440044403,0.026270544004440288
2024-07-09_09,60,-76000,38000,0.305538434,0.2942652106285095,-0.011273223371490504
2024-07-09_09,61,-57000,38000,0.3967,0.3976724147796631,0.0009724147796630889
2024-07-09_09,62,-38000,38000,0.3548,0.3575378358364105,0.002737835836410518
2024-07-09_09,63,-19000,38000,0.33,0.3326309621334076,0.0026309621334075772
2024-07-09_09,64,0,38000,0.321,0.32389408349990845,0.0028940834999084397
2024-07-09_09,65,19000,38000,0.3338,0.3349560797214508,0.00115607972145082
2024-07-09_09,66,38000,38000,0.3615,0.36442890763282776,0.0029289076328277708
2024-07-09_09,67,57000,38000,0.4167,0.40742993354797363,-0.009270066452026382
2024-07-09_09,68,76000,38000,0.310213329,0.30498772859573364,-0.0052256004042663395
2024-07-09_09,69,-76000,57000,0.314,0.33431458473205566,0.020314584732055663
2024-07-09_09,70,-57000,57000,0.1743,0.21971940994262695,0.04541940994262694
2024-07-09_09,71,-38000,57000,0.3873,0.3896764814853668,0.0023764814853668437
2024-07-09_09,72,-19000,57000,0.3628,0.3658386468887329,0.003038646888732899
2024-07-09_09,73,0,57000,0.3551,0.35649704933166504,0.0013970493316650123
2024-07-09_09,74,19000,57000,0.366,0.3692222237586975,0.0032222237586975178
2024-07-09_09,75,38000,57000,0.3931,0.39649221301078796,0.003392213010787959
2024-07-09_09,76,57000,57000,0.1767,0.2238546907901764,0.047154690790176396
2024-07-09_09,77,76000,57000,0.3098,0.3261619508266449,0.016361950826644878
2024-07-09_09,78,-57000,76000,0.3079,0.3107151687145233,0.0028151687145233084
2024-07-09_09,79,-38000,76000,0.1767,0.2303837537765503,0.0536837537765503
2024-07-09_09,80,-19000,76000,0.4123,0.4113750755786896,-0.0009249244213104246
2024-07-09_09,81,0,76000,0.4031,0.4066176116466522,0.003517611646652208
2024-07-09_09,82,19000,76000,0.4149,0.41586819291114807,0.0009681929111480803
2024-07-09_09,83,38000,76000,0.1781,0.22843480110168457,0.05033480110168456
2024-07-09_09,84,57000,76000,0.3056,0.3143649697303772,0.008764969730377214
2024-07-09_09,85,-19000,95000,0.336015007,0.31286582350730896,-0.023149183492691017
2024-07-09_09,86,0,95000,0.346130775,0.30630987882614136,-0.039820896173858644
2024-07-09_09,87,19000,95000,0.337084999,0.3213299512863159,-0.01575504771368408
2024-07-09_10,0,-19000,-95000,0.314,0.3208219110965729,0.006821911096572875
2024-07-09_10,1,0,-95000,0.345,0.3451474905014038,0.00014749050140383524
2024-07-09_10,2,19000,-95000,0.314,0.3163899779319763,0.002389977931976317
2024-07-09_10,3,-57000,-76000,0.3479,0.3358960747718811,-0.012003925228118884
2024-07-09_10,4,-38000,-76000,0.3065,0.29799047112464905,-0.008509528875350947
2024-07-09_10,5,-19000,-76000,0.297641809,0.28145042061805725,-0.01619138838194273
2024-07-09_10,6,0,-76000,0.311929706,0.2833399772644043,-0.028589728735595676
2024-07-09_10,7,19000,-76000,0.29744779,0.2861921787261963,-0.0112556112738037
2024-07-09_10,8,38000,-76000,0.307,0.3021374046802521,-0.00486259531974792
2024-07-09_10,9,57000,-76000,0.3337,0.33692261576652527,0.003222615766525272
2024-07-09_10,10,-76000,-57000,0.345,0.3391019105911255,-0.005898089408874485
2024-07-09_10,11,-57000,-57000,0.296364667,0.28104862570762634,-0.015316041292373683
2024-07-09_10,12,-38000,-57000,0.1781,0.22956669330596924,0.05146669330596923
2024-07-09_10,13,-19000,-57000,0.1694,0.4059465527534485,0.2365465527534485
2024-07-09_10,14,0,-57000,0.4062,0.39691630005836487,-0.009283699941635137
2024-07-09_10,15,19000,-57000,0.169,0.4087202847003937,0.23972028470039367
2024-07-09_10,16,38000,-57000,0.1781,0.22442562878131866,0.046325628781318656
2024-07-09_10,17,57000,-57000,0.293370549,0.29025793075561523,-0.003112618244384746
2024-07-09_10,18,76000,-57000,0.3215,0.334568053483963,0.013068053483963005
2024-07-09_10,19,-76000,-38000,0.3051,0.29517531394958496,-0.009924686050415021
2024-07-09_10,20,-57000,-38000,0.1753,0.3545084297657013,0.17920842976570128
2024-07-09_10,21,-38000,-38000,0.3911,0.38303855061531067,-0.008061449384689334
2024-07-09_10,22,-19000,-38000,0.3646,0.3551414906978607,-0.009458509302139262
2024-07-09_10,23,0,-38000,0.3557,0.3464185893535614,-0.009281410646438615
2024-07-09_10,24,19000,-38000,0.3673,0.35917627811431885,-0.008123721885681168
2024-07-09_10,25,38000,-38000,0.3954,0.38745856285095215,-0.007941437149047825
2024-07-09_10,26,57000,-38000,0.1762,0.2116866111755371,0.035486611175537114
2024-07-09_10,27,76000,-38000,0.3046,0.28160303831100464,-0.022996961688995343
2024-07-09_10,28,-95000,-19000,0.3093,0.3015291690826416,-0.007770830917358418
2024-07-09_10,29,-76000,-19000,0.306549659,0.24893686175346375,-0.05761279724653623
2024-07-09_10,30,-57000,-19000,0.402,0.3927507996559143,-0.009249200344085717
2024-07-09_10,31,-38000,-19000,0.3578,0.34979763627052307,-0.008002363729476936
2024-07-09_10,32,-19000,-19000,0.33,0.3214735984802246,-0.008526401519775406
2024-07-09_10,33,0,-19000,0.3198,0.3102490305900574,-0.0095509694099426
2024-07-09_10,34,19000,-19000,0.334,0.321551650762558,-0.012448349237442036
2024-07-09_10,35,38000,-19000,0.3632,0.35265347361564636,-0.01054652638435366
2024-07-09_10,36,57000,-19000,0.4092,0.399158239364624,-0.010041760635375985
2024-07-09_10,37,76000,-19000,0.308429476,0.27751147747039795,-0.03091799852960203
2024-07-09_10,38,95000,-19000,0.3121,0.3111652433872223,-0.0009347566127776985
2024-07-09_10,39,-95000,0,0.3225,0.3220348358154297,-0.0004651641845703214
2024-07-09_10,40,-76000,0,0.179,0.2128494530916214,0.033849453091621406
2024-07-09_10,41,-57000,0,0.3855,0.3776593804359436,-0.007840619564056406
2024-07-09_10,42,-38000,0,0.3428,0.33316779136657715,-0.009632208633422845
2024-07-09_10,43,-19000,0,0.3128,0.3008495569229126,-0.011950443077087425
2024-07-09_10,44,19000,0,0.3174,0.3049691617488861,-0.012430838251113907
2024-07-09_10,45,38000,0,0.3499,0.33957818150520325,-0.010321818494796742
2024-07-09_10,46,57000,0,0.3951,0.38622087240219116,-0.008879127597808845
2024-07-09_10,47,76000,0,0.1832,0.2495841383934021,0.0663841383934021
2024-07-09_10,48,95000,0,0.3159,0.3298270106315613,0.013927010631561265
2024-07-09_10,49,-95000,19000,0.3079,0.2902969717979431,-0.017603028202056892
2024-07-09_10,50,-76000,19000,0.179,0.20851567387580872,0.029515673875808723
2024-07-09_10,51,-57000,19000,0.3858,0.3779783248901367,-0.007821675109863258
2024-07-09_10,52,-38000,19000,0.3441,0.3332952558994293,-0.010804744100570696
2024-07-09_10,53,-19000,19000,0.3162,0.30677586793899536,-0.00942413206100462
2024-07-09_10,54,0,19000,0.3076,0.29710185527801514,-0.010498144721984848
2024-07-09_10,55,19000,19000,0.3203,0.30878734588623047,-0.011512654113769505
2024-07-09_10,56,38000,19000,0.3508,0.3419504463672638,-0.008849553632736207
2024-07-09_10,57,57000,19000,0.396,0.38726383447647095,-0.008736165523529071
2024-07-09_10,58,76000,19000,0.1837,0.22859413921833038,0.04489413921833038
2024-07-09_10,59,95000,19000,0.3112,0.30563944578170776,-0.005560554218292213
2024-07-09_10,60,-76000,38000,0.306106171,0.24702295660972595,-0.05908321439027403
2024-07-09_10,61,-57000,38000,0.4034,0.3934888243675232,-0.009911175632476787
2024-07-09_10,62,-38000,38000,0.3617,0.353007972240448,-0.008692027759552023
2024-07-09_10,63,-19000,38000,0.3376,0.32622867822647095,-0.011371321773529064
2024-07-09_10,64,0,38000,0.3289,0.31785547733306885,-0.011044522666931178
2024-07-09_10,65,19000,38000,0.3411,0.33216914534568787,-0.008930854654312148
2024-07-09_10,66,38000,38000,0.3685,0.35878244042396545,-0.00971755957603454
2024-07-09_10,67,57000,38000,0.4128,0.40335994958877563,-0.009440050411224366
2024-07-09_10,68,76000,38000,0.308850441,0.283223032951355,-0.025627408048644995
2024-07-09_10,69,-76000,57000,0.3154,0.3143971860408783,-0.0010028139591217178
2024-07-09_10,70,-57000,57000,0.1771,0.2495899200439453,0.0724899200439453
2024-07-09_10,71,-38000,57000,0.3942,0.383273184299469,-0.010926815700531
2024-07-09_10,72,-19000,57000,0.3699,0.35955995321273804,-0.01034004678726197
2024-07-09_10,73,0,57000,0.3622,0.35295766592025757,-0.009242334079742454
2024-07-09_10,74,19000,57000,0.3729,0.36302316188812256,-0.00987683811187745
2024-07-09_10,75,38000,57000,0.3999,0.3926134705543518,-0.007286529445648171
2024-07-09_10,76,57000,57000,0.179,0.22370615601539612,0.044706156015396126
2024-07-09_10,77,76000,57000,0.3103,0.3078019320964813,-0.002498067903518697
2024-07-09_10,78,-57000,76000,0.3084,0.29580217599868774,-0.012597824001312263
2024-07-09_10,79,-38000,76000,0.18,0.22984787821769714,0.04984787821769715
2024-07-09_10,80,-19000,76000,0.17,0.4073006808757782,0.23730068087577819
2024-07-09_10,81,0,76000,0.4101,0.3988369107246399,-0.011263089275360127
2024-07-09_10,82,19000,76000,0.1705,0.411215603351593,0.240715603351593
2024-07-09_10,83,38000,76000,0.1809,0.21206194162368774,0.03116194162368774
2024-07-09_10,84,57000,76000,0.3075,0.28583982586860657,-0.021660174131393428
2024-07-09_10,85,-19000,95000,0.287370858,0.2845952808856964,-0.0027755771143035957
2024-07-09_10,86,0,95000,0.307151628,0.28718122839927673,-0.019970399600723276
2024-07-09_10,87,19000,95000,0.287923338,0.27329540252685547,-0.014627935473144504
2024-07-11_01,0,-19000,-95000,0.3103,0.3300761580467224,0.019776158046722392
2024-07-11_01,1,0,-95000,0.3187,0.35040223598480225,0.03170223598480226
2024-07-11_01,2,19000,-95000,0.3093,0.33448413014411926,0.025184130144119243
2024-07-11_01,3,-57000,-76000,0.3187,0.35668104887008667,0.03798104887008669
2024-07-11_01,4,-38000,-76000,0.30629507,0.3095216453075409,0.003226575307540891
2024-07-11_01,5,-19000,-76000,0.1828,0.31223294138908386,0.12943294138908387
2024-07-11_01,6,0,-76000,0.179,0.26751652359962463,0.08851652359962464
2024-07-11_01,7,19000,-76000,0.1828,0.3175058364868164,0.13470583648681642
2024-07-11_01,8,38000,-76000,0.284078457,0.3112388253211975,0.027160368321197503
2024-07-11_01,9,57000,-76000,0.3168,0.3462076783180237,0.029407678318023656
2024-07-11_01,10,-76000,-57000,0.3159,0.34618261456489563,0.030282614564895616
2024-07-11_01,11,-57000,-57000,0.1837,0.3289785385131836,0.1452785385131836
2024-07-11_01,12,-38000,-57000,0.4123,0.28692010045051575,-0.12537989954948425
2024-07-11_01,13,-19000,-57000,0.3855,0.38860681653022766,0.003106816530227652
2024-07-11_01,14,0,-57000,0.3773,0.38216230273246765,0.004862302732467627
2024-07-11_01,15,19000,-57000,0.3879,0.3912765085697174,0.0033765085697173847
2024-07-11_01,16,38000,-57000,0.169,0.25636082887649536,0.08736082887649535
2024-07-11_01,17,57000,-57000,0.306727779,0.32834145426750183,0.021613675267501853
2024-07-11_01,18,76000,-57000,0.3159,0.3396598696708679,0.023759869670867906
2024-07-11_01,19,-76000,-38000,0.309715785,0.30471545457839966,-0.005000330421600363
2024-07-11_01,20,-57000,-38000,0.4035,0.3816424012184143,-0.02185759878158572
2024-07-11_01,21,-38000,-38000,0.3607,0.3657296895980835,0.0050296895980834755
2024-07-11_01,22,-19000,-38000,0.3339,0.33834218978881836,0.004442189788818385
2024-07-11_01,23,0,-38000,0.3242,0.32863742113113403,0.004437421131134045
2024-07-11_01,24,19000,-38000,0.3371,0.34129008650779724,0.0041900865077972305
2024-07-11_01,25,38000,-38000,0.3661,0.3698149621486664,0.003714962148666401
2024-07-11_01,26,57000,-38000,0.4116,0.3542509078979492,-0.0573490921020508
2024-07-11_01,27,76000,-38000,0.304590013,0.30622532963752747,0.001635316637527473
2024-07-11_01,28,-95000,-19000,0.3056,0.32587313652038574,0.02027313652038576
2024-07-11_01,29,-76000,-19000,0.1734,0.24814410507678986,0.07474410507678986
2024-07-11_01,30,-57000,-19000,0.3697,0.37473273277282715,0.005032732772827175
2024-07-11_01,31,-38000,-19000,0.3242,0.32992973923683167,0.005729739236831677
2024-07-11_01,32,-19000,-19000,0.2954,0.30069440603256226,0.00529440603256226
2024-07-11_01,33,0,-19000,0.2855,0.29015201330184937,0.004652013301849389
2024-07-11_01,34,19000,-19000,0.2995,0.3043523132801056,0.004852313280105602
2024-07-11_01,35,38000,-19000,0.3312,0.33481520414352417,0.0036152041435241755
2024-07-11_01,36,57000,-19000,0.3793,0.3826301097869873,0.0033301097869872787
2024-07-11_01,37,76000,-19000,0.1781,0.25238072872161865,0.07428072872161864
2024-07-11_01,38,95000,-19000,0.3093,0.3303481936454773,0.021048193645477276
2024-07-11_01,39,-95000,0,0.3098,0.32779693603515625,0.01799693603515623
2024-07-11_01,40,-76000,0,0.4124,0.2883743643760681,-0.12402563562393187
2024-07-11_01,41,-57000,0,0.3526,0.3578164279460907,0.005216427946090674
2024-07-11_01,42,-38000,0,0.3069,0.31186410784721375,0.004964107847213739
2024-07-11_01,43,-19000,0,0.277,0.28317791223526,0.006177912235259986
2024-07-11_01,44,19000,0,0.2821,0.2870534062385559,0.004953406238555891
2024-07-11_01,45,38000,0,0.3158,0.31974196434020996,0.003941964340209936
2024-07-11_01,46,57000,0,0.3648,0.36787906289100647,0.0030790628910064566
2024-07-11_01,47,76000,0,0.1725,0.2515271008014679,0.07902710080146791
2024-07-11_01,48,95000,0,0.3107,0.32650989294052124,0.015809892940521264
2024-07-11_01,49,-95000,19000,0.326031842,0.3057139217853546,-0.020317920214645402
2024-07-11_01,50,-76000,19000,0.4122,0.2854560613632202,-0.1267439386367798
2024-07-11_01,51,-57000,19000,0.3522,0.3570127785205841,0.004812778520584093
2024-07-11_01,52,-38000,19000,0.3075,0.31287893652915955,0.00537893652915955
2024-07-11_01,53,-19000,19000,0.2797,0.28500044345855713,0.005300443458557125
2024-07-11_01,54,0,19000,0.2705,0.2758502662181854,0.005350266218185407
2024-07-11_01,55,19000,19000,0.2844,0.2889536917209625,0.004553691720962538
2024-07-11_01,56,38000,19000,0.3168,0.3201611042022705,0.003361104202270482
2024-07-11_01,57,57000,19000,0.3657,0.3683864176273346,0.0026864176273345697
2024-07-11_01,58,76000,19000,0.1725,0.2550959587097168,0.08259595870971681
2024-07-11_01,59,95000,19000,0.3037,0.31522682309150696,0.011526823091506933
2024-07-11_01,60,-76000,38000,0.1739,0.24493372440338135,0.07103372440338135
2024-07-11_01,61,-57000,38000,0.3689,0.3734685778617859,0.004568577861785883
2024-07-11_01,62,-38000,38000,0.3264,0.331219881772995,0.004819881772994972
2024-07-11_01,63,-19000,38000,0.3002,0.3052869439125061,0.005086943912506081
2024-07-11_01,64,0,38000,0.292,0.29663965106010437,0.004639651060104388
2024-07-11_01,65,19000,38000,0.3052,0.3096936047077179,0.004493604707717869
2024-07-11_01,66,38000,38000,0.3363,0.34015509486198425,0.003855094861984265
2024-07-11_01,67,57000,38000,0.3825,0.38494545221328735,0.002445452213287347
2024-07-11_01,68,76000,38000,0.1809,0.2806946337223053,0.09979463372230529
2024-07-11_01,69,-76000,57000,0.3028,0.3183479905128479,0.015547990512847887
2024-07-11_01,70,-57000,57000,0.4042,0.35312527418136597,-0.05107472581863404
2024-07-11_01,71,-38000,57000,0.3603,0.3643929958343506,0.004092995834350577
2024-07-11_01,72,-19000,57000,0.3355,0.33964699506759644,0.004146995067596415
2024-07-11_01,73,0,57000,0.3275,0.3318442702293396,0.004344270229339586
2024-07-11_01,74,19000,57000,0.3404,0.34324532747268677,0.002845327472686787
2024-07-11_01,75,38000,57000,0.369,0.37256038188934326,0.003560381889343267
2024-07-11_01,76,57000,57000,0.1694,0.28969329595565796,0.12029329595565796
2024-07-11_01,77,76000,57000,0.3028,0.31426316499710083,0.011463164997100816
2024-07-11_01,78,-57000,76000,0.33963091,0.3061422109603882,-0.033488699039611824
2024-07-11_01,79,-38000,76000,0.4127,0.28442567586898804,-0.12827432413101197
2024-07-11_01,80,-19000,76000,0.3857,0.388485312461853,0.00278531246185304
2024-07-11_01,81,0,76000,0.3773,0.3806706368923187,0.0033706368923187013
2024-07-11_01,82,19000,76000,0.3897,0.3915172219276428,0.0018172219276428314
2024-07-11_01,83,38000,76000,0.1701,0.26869434118270874,0.09859434118270874
2024-07-11_01,84,57000,76000,0.271000591,0.29599225521087646,0.024991664210876452
2024-07-11_01,85,-19000,95000,0.1837,0.3012613356113434,0.11756133561134338
2024-07-11_01,86,0,95000,0.1818,0.2987889349460602,0.11698893494606019
2024-07-11_01,87,19000,95000,0.1809,0.2950124442577362,0.1141124442577362
2024-07-11_02,0,-19000,-95000,0.3107,0.3263477385044098,0.015647738504409814
2024-07-11_02,1,0,-95000,0.3196,0.3532494306564331,0.03364943065643311
2024-07-11_02,2,19000,-95000,0.3093,0.3258962631225586,0.016596263122558574
2024-07-11_02,3,-57000,-76000,0.3206,0.34425967931747437,0.02365967931747437
2024-07-11_02,4,-38000,-76000,0.306922997,0.2987394332885742,-0.008183563711425756
2024-07-11_02,5,-19000,-76000,0.1818,0.2912382483482361,0.1094382483482361
2024-07-11_02,6,0,-76000,0.1785,0.24709531664848328,0.06859531664848328
2024-07-11_02,7,19000,-76000,0.1828,0.29630860686302185,0.11350860686302186
2024-07-11_02,8,38000,-76000,0.284862605,0.29305747151374817,0.008194866513748178
2024-07-11_02,9,57000,-76000,0.3187,0.3339786231517792,0.015278623151779192
2024-07-11_02,10,-76000,-57000,0.3178,0.3120066523551941,-0.005793347644805935
2024-07-11_02,11,-57000,-57000,0.1832,0.2932111620903015,0.11001116209030151
2024-07-11_02,12,-38000,-57000,0.4121,0.3412191569805145,-0.0708808430194855
2024-07-11_02,13,-19000,-57000,0.3855,0.39046603441238403,0.004966034412384024
2024-07-11_02,14,0,-57000,0.3774,0.3834071457386017,0.006007145738601671
2024-07-11_02,15,19000,-57000,0.3876,0.39193764328956604,0.00433764328956604
2024-07-11_02,16,38000,-57000,0.169,0.2827323377132416,0.11373233771324157
2024-07-11_02,17,57000,-57000,0.307483622,0.30546504259109497,-0.0020185794089050413
2024-07-11_02,18,76000,-57000,0.3159,0.32390710711479187,0.008007107114791856
2024-07-11_02,19,-76000,-38000,0.310463366,0.2876020669937134,-0.02286129900628664
2024-07-11_02,20,-57000,-38000,0.4038,0.3888213038444519,-0.014978696155548088
2024-07-11_02,21,-38000,-38000,0.3614,0.36637210845947266,0.004972108459472657
2024-07-11_02,22,-19000,-38000,0.3347,0.34126991033554077,0.006569910335540774
2024-07-11_02,23,0,-38000,0.325,0.3300389349460602,0.0050389349460601696
2024-07-11_02,24,19000,-38000,0.3377,0.34144464135169983,0.003744641351699829
2024-07-11_02,25,38000,-38000,0.3658,0.3697550892829895,0.003955089282989488
2024-07-11_02,26,57000,-38000,0.4102,0.38498368859291077,-0.025216311407089242
2024-07-11_02,27,76000,-38000,0.305254728,0.28941610455513,-0.01583862344486997
2024-07-11_02,28,-95000,-19000,0.3056,0.2948947548866272,-0.010705245113372786
2024-07-11_02,29,-76000,-19000,0.1725,0.230449840426445,0.05794984042644502
2024-07-11_02,30,-57000,-19000,0.3705,0.37556737661361694,0.005067376613616947
2024-07-11_02,31,-38000,-19000,0.3261,0.32961249351501465,0.0035124935150146475
2024-07-11_02,32,-19000,-19000,0.2972,0.30238738656044006,0.005187386560440044
2024-07-11_02,33,0,-19000,0.2867,0.2903611958026886,0.0036611958026885882
2024-07-11_02,34,19000,-19000,0.3007,0.3053071200847626,0.00460712008476255
2024-07-11_02,35,38000,-19000,0.3313,0.33547937870025635,0.004179378700256364
2024-07-11_02,36,57000,-19000,0.3782,0.3813145160675049,0.003114516067504902
2024-07-11_02,37,76000,-19000,0.1771,0.2257029116153717,0.0486029116153717
2024-07-11_02,38,95000,-19000,0.3084,0.3060944080352783,-0.002305591964721687
2024-07-11_02,39,-95000,0,0.3117,0.30775073170661926,-0.003949268293380714
2024-07-11_02,40,-76000,0,0.4127,0.34625986218452454,-0.06644013781547548
2024-07-11_02,41,-57000,0,0.3535,0.35748228430747986,0.0039822843074798775
2024-07-11_02,42,-38000,0,0.3083,0.3131241202354431,0.004824120235443097
2024-07-11_02,43,-19000,0,0.2787,0.28233590722084045,0.003635907220840451
2024-07-11_02,44,19000,0,0.283,0.2880523204803467,0.005052320480346706
2024-07-11_02,45,38000,0,0.3159,0.3221900165081024,0.006290016508102403
2024-07-11_02,46,57000,0,0.3636,0.36860308051109314,0.005003080511093161
2024-07-11_02,47,76000,0,0.1716,0.2399599254131317,0.06835992541313171
2024-07-11_02,48,95000,0,0.3075,0.29892194271087646,-0.00857805728912353
2024-07-11_02,49,-95000,19000,0.32669405,0.3083803057670593,-0.018313744232940687
2024-07-11_02,50,-76000,19000,0.4127,0.3155618906021118,-0.0971381093978882
2024-07-11_02,51,-57000,19000,0.3529,0.35902348160743713,0.006123481607437142
2024-07-11_02,52,-38000,19000,0.3086,0.31392550468444824,0.005325504684448257
2024-07-11_02,53,-19000,19000,0.281,0.285383015871048,0.004383015871047946
2024-07-11_02,54,0,19000,0.2716,0.2762354910373688,0.004635491037368766
2024-07-11_02,55,19000,19000,0.2851,0.2897680699825287,0.0046680699825286665
2024-07-11_02,56,38000,19000,0.3168,0.3201029300689697,0.0033029300689697005
2024-07-11_02,57,57000,19000,0.3643,0.3681977689266205,0.0038977689266204707
2024-07-11_02,58,76000,19000,0.1718,0.21582135558128357,0.04402135558128356
2024-07-11_02,59,95000,19000,0.3056,0.3096550405025482,0.004055040502548235
2024-07-11_02,60,-76000,38000,0.1743,0.23701828718185425,0.06271828718185424
2024-07-11_02,61,-57000,38000,0.3689,0.376850426197052,0.007950426197051996
2024-07-11_02,62,-38000,38000,0.327,0.3323584794998169,0.005358479499816882
2024-07-11_02,63,-19000,38000,0.3011,0.30483683943748474,0.0037368394374847624
2024-07-11_02,64,0,38000,0.2929,0.2969694137573242,0.004069413757324225
2024-07-11_02,65,19000,38000,0.3053,0.31054288148880005,0.005242881488800033
2024-07-11_02,66,38000,38000,0.3356,0.34045907855033875,0.004859078550338736
2024-07-11_02,67,57000,38000,0.3802,0.3853120803833008,0.005112080383300799
2024-07-11_02,68,76000,38000,0.179,0.25193294882774353,0.07293294882774354
2024-07-11_02,69,-76000,57000,0.3065,0.3030778765678406,-0.0034221234321594185
2024-07-11_02,70,-57000,57000,0.4039,0.35921943187713623,-0.04468056812286375
2024-07-11_02,71,-38000,57000,0.3598,0.3640822768211365,0.004282276821136466
2024-07-11_02,72,-19000,57000,0.3356,0.3415485620498657,0.005948562049865713
2024-07-11_02,73,0,57000,0.3276,0.3299202024936676,0.0023202024936676002
2024-07-11_02,74,19000,57000,0.3397,0.3452642560005188,0.005564256000518797
2024-07-11_02,75,38000,57000,0.3673,0.3720093071460724,0.004709307146072372
2024-07-11_02,76,57000,57000,0.4139,0.3442419469356537,-0.0696580530643463
2024-07-11_02,77,76000,57000,0.304278513,0.30465176701545715,0.0003732540154571806
2024-07-11_02,78,-57000,76000,0.2775,0.29692375659942627,0.019423756599426245
2024-07-11_02,79,-38000,76000,0.4113,0.33449599146842957,-0.07680400853157043
2024-07-11_02,80,-19000,76000,0.3841,0.3909723460674286,0.006872346067428592
2024-07-11_02,81,0,76000,0.3757,0.3802306056022644,0.004530605602264426
2024-07-11_02,82,19000,76000,0.3876,0.3930912911891937,0.0054912911891937255
2024-07-11_02,83,38000,76000,0.1697,0.3194091022014618,0.1497091022014618
2024-07-11_02,84,57000,76000,0.30563501,0.2867056429386139,-0.018929367061386093
2024-07-11_02,85,-19000,95000,0.1809,0.2885398864746094,0.10763988647460937
2024-07-11_02,86,0,95000,0.1809,0.2858693301677704,0.10496933016777038
2024-07-11_02,87,19000,95000,0.1795,0.2663307189941406,0.08683071899414063
2024-07-11_03,0,-19000,-95000,0.3112,0.33041951060295105,0.019219510602951073
2024-07-11_03,1,0,-95000,0.3206,0.3579261898994446,0.037326189899444584
2024-07-11_03,2,19000,-95000,0.3112,0.3264539837837219,0.015253983783721947
2024-07-11_03,3,-57000,-76000,0.3393,0.34764227271080017,0.00834227271080018
2024-07-11_03,4,-38000,-76000,0.284612261,0.3029060363769531,0.018293775376953147
2024-07-11_03,5,-19000,-76000,0.1828,0.30196934938430786,0.11916934938430787
2024-07-11_03,6,0,-76000,0.1795,0.24936386942863464,0.06986386942863465
2024-07-11_03,7,19000,-76000,0.1828,0.3128100633621216,0.1300100633621216
2024-07-11_03,8,38000,-76000,0.282895797,0.29489755630493164,0.012001759304931636
2024-07-11_03,9,57000,-76000,0.3196,0.3433079719543457,0.023707971954345708
2024-07-11_03,10,-76000,-57000,0.3187,0.3178807199001312,-0.0008192800998687577
2024-07-11_03,11,-57000,-57000,0.307080283,0.30091583728790283,-0.006164445712097177
2024-07-11_03,12,-38000,-57000,0.169,0.34848102927207947,0.17948102927207946
2024-07-11_03,13,-19000,-57000,0.3873,0.39111512899398804,0.0038151289939880595
2024-07-11_03,14,0,-57000,0.3789,0.38273507356643677,0.003835073566436753
2024-07-11_03,15,19000,-57000,0.389,0.391586571931839,0.002586571931838977
2024-07-11_03,16,38000,-57000,0.1695,0.3071342408657074,0.13763424086570739
2024-07-11_03,17,57000,-57000,0.306230051,0.3061191439628601,-0.00011090703713989569
2024-07-11_03,18,76000,-57000,0.3168,0.3426809310913086,0.025880931091308568
2024-07-11_03,19,-76000,-38000,0.302391197,0.3016987144947052,-0.0006924825052948003
2024-07-11_03,20,-57000,-38000,0.4062,0.4059032201766968,-0.00029677982330322816
2024-07-11_03,21,-38000,-38000,0.3632,0.36703968048095703,0.0038396804809570084
2024-07-11_03,22,-19000,-38000,0.3356,0.34067198634147644,0.005071986341476431
2024-07-11_03,23,0,-38000,0.3267,0.32998737692832947,0.0032873769283294774
2024-07-11_03,24,19000,-38000,0.3392,0.3407103419303894,0.0015103419303894028
2024-07-11_03,25,38000,-38000,0.3674,0.3707174062728882,0.0033174062728881792
2024-07-11_03,26,57000,-38000,0.4122,0.38712430000305176,-0.025075699996948253
2024-07-11_03,27,76000,-38000,0.304084446,0.2959078848361969,-0.008176561163803109
2024-07-11_03,28,-95000,-19000,0.3065,0.30669423937797546,0.0001942393779754692
2024-07-11_03,29,-76000,-19000,0.1743,0.23472002148628235,0.06042002148628234
2024-07-11_03,30,-57000,-19000,0.3726,0.3752833604812622,0.0026833604812622203
2024-07-11_03,31,-38000,-19000,0.3275,0.33014559745788574,0.002645597457885729
2024-07-11_03,32,-19000,-19000,0.299,0.302251935005188,0.0032519350051880003
2024-07-11_03,33,0,-19000,0.2888,0.290251225233078,0.0014512252330780018
2024-07-11_03,34,19000,-19000,0.3025,0.3047264814376831,0.0022264814376831144
2024-07-11_03,35,38000,-19000,0.3333,0.3359522223472595,0.0026522223472595363
2024-07-11_03,36,57000,-19000,0.3804,0.3818648159503937,0.0014648159503936609
2024-07-11_03,37,76000,-19000,0.1785,0.22736360132694244,0.04886360132694245
2024-07-11_03,38,95000,-19000,0.3093,0.32411685585975647,0.01481685585975645
2024-07-11_03,39,-95000,0,0.3112,0.32257628440856934,0.01137628440856936
2024-07-11_03,40,-76000,0,0.1694,0.3488139510154724,0.17941395101547242
2024-07-11_03,41,-57000,0,0.3556,0.3588973879814148,0.0032973879814147677
2024-07-11_03,42,-38000,0,0.3103,0.31333768367767334,0.0030376836776733196
2024-07-11_03,43,-19000,0,0.281,0.2829844355583191,0.0019844355583190643
2024-07-11_03,44,19000,0,0.2853,0.2892915606498718,0.003991560649871828
2024-07-11_03,45,38000,0,0.3181,0.3219226002693176,0.003822600269317633
2024-07-11_03,46,57000,0,0.3656,0.3679339587688446,0.002333958768844624
2024-07-11_03,47,76000,0,0.1729,0.20962481200695038,0.03672481200695038
2024-07-11_03,48,95000,0,0.3131,0.30762404203414917,-0.0054759579658508195
2024-07-11_03,49,-95000,19000,0.271194105,0.30196407437324524,0.03076996937324522
2024-07-11_03,50,-76000,19000,0.169,0.33253780007362366,0.16353780007362365
2024-07-11_03,51,-57000,19000,0.3551,0.35861513018608093,0.003515130186080906
2024-07-11_03,52,-38000,19000,0.3108,0.31283003091812134,0.002030030918121317
2024-07-11_03,53,-19000,19000,0.2838,0.28456375002861023,0.0007637500286102328
2024-07-11_03,54,0,19000,0.2743,0.2776557505130768,0.003355750513076794
2024-07-11_03,55,19000,19000,0.2875,0.2895358204841614,0.002035820484161399
2024-07-11_03,56,38000,19000,0.3188,0.3201504349708557,0.0013504349708557406
2024-07-11_03,57,57000,19000,0.3666,0.36920166015625,0.0026016601562500186
2024-07-11_03,58,76000,19000,0.1732,0.23783186078071594,0.06463186078071595
2024-07-11_03,59,95000,19000,0.3075,0.299694299697876,-0.007805700302124019
2024-07-11_03,60,-76000,38000,0.1757,0.23744657635688782,0.06174657635688782
2024-07-11_03,61,-57000,38000,0.3717,0.3756749927997589,0.003974992799758936
2024-07-11_03,62,-38000,38000,0.3297,0.3305732309818268,0.0008732309818267892
2024-07-11_03,63,-19000,38000,0.3036,0.3056544065475464,0.0020544065475464057
2024-07-11_03,64,0,38000,0.2954,0.29569050669670105,0.0002905066967010539
2024-07-11_03,65,19000,38000,0.3079,0.3083532452583313,0.0004532452583312918
2024-07-11_03,66,38000,38000,0.3382,0.3400110602378845,0.0018110602378845209
2024-07-11_03,67,57000,38000,0.3828,0.3856045603752136,0.0028045603752136494
2024-07-11_03,68,76000,38000,0.1809,0.2615487277507782,0.08064872775077819
2024-07-11_03,69,-76000,57000,0.3079,0.2968044579029083,-0.011095542097091682
2024-07-11_03,70,-57000,57000,0.4072,0.36848944425582886,-0.03871055574417115
2024-07-11_03,71,-38000,57000,0.3625,0.36275407671928406,0.0002540767192840687
2024-07-11_03,72,-19000,57000,0.3384,0.3400459885597229,0.0016459885597229218
2024-07-11_03,73,0,57000,0.3302,0.3316742777824402,0.001474277782440192
2024-07-11_03,74,19000,57000,0.3424,0.34477442502975464,0.0023744250297546565
2024-07-11_03,75,38000,57000,0.3701,0.37199777364730835,0.001897773647308365
2024-07-11_03,76,57000,57000,0.17,0.33570533990859985,0.16570533990859984
2024-07-11_03,77,76000,57000,0.3046,0.30018386244773865,-0.004416137552261334
2024-07-11_03,78,-57000,76000,0.300635023,0.30329614877700806,0.0026611257770080554
2024-07-11_03,79,-38000,76000,0.169,0.3415262699127197,0.17252626991271972
2024-07-11_03,80,-19000,76000,0.3874,0.3892848789691925,0.0018848789691924828
2024-07-11_03,81,0,76000,0.3789,0.380834698677063,0.0019346986770629737
2024-07-11_03,82,19000,76000,0.3909,0.3934001922607422,0.0025001922607421623
2024-07-11_03,83,38000,76000,0.171,0.3007327914237976,0.1297327914237976
2024-07-11_03,84,57000,76000,0.269547172,0.2909029424190521,0.021355770419052122
2024-07-11_03,85,-19000,95000,0.1818,0.28004711866378784,0.09824711866378785
2024-07-11_03,86,0,95000,0.1828,0.2957051396369934,0.11290513963699342
2024-07-11_03,87,19000,95000,0.1814,0.2731591463088989,0.09175914630889892
2024-07-11_04,0,-19000,-95000,0.3112,0.31939661502838135,0.008196615028381371
2024-07-11_04,1,0,-95000,0.3393,0.3283449411392212,-0.010955058860778799
2024-07-11_04,2,19000,-95000,0.3121,0.32008540630340576,0.007985406303405773
2024-07-11_04,3,-57000,-76000,0.3426,0.34498485922813416,0.0023848592281341396
2024-07-11_04,4,-38000,-76000,0.3028,0.3046475648880005,0.0018475648880004747
2024-07-11_04,5,-19000,-76000,0.306988,0.27789509296417236,-0.02909290703582762
2024-07-11_04,6,0,-76000,0.1818,0.2564670443534851,0.07466704435348512
2024-07-11_04,7,19000,-76000,0.305172503,0.2713933289051056,-0.03377917409489439
2024-07-11_04,8,38000,-76000,0.3032,0.29727599024772644,-0.005924009752273585
2024-07-11_04,9,57000,-76000,0.3215,0.3279821574687958,0.006482157468795768
2024-07-11_04,10,-76000,-57000,0.3225,0.31355229020118713,-0.008947709798812875
2024-07-11_04,11,-57000,-57000,0.313835602,0.28368255496025085,-0.030153047039749137
2024-07-11_04,12,-38000,-57000,0.171,0.23660016059875488,0.06560016059875487
2024-07-11_04,13,-19000,-57000,0.3945,0.3989604711532593,0.00446047115325926
2024-07-11_04,14,0,-57000,0.3861,0.39309248328208923,0.006992483282089235
2024-07-11_04,15,19000,-57000,0.3962,0.40251272916793823,0.006312729167938236
2024-07-11_04,16,38000,-57000,0.1711,0.22929762303829193,0.05819762303829193
2024-07-11_04,17,57000,-57000,0.286362324,0.27061569690704346,-0.015746627092956544
2024-07-11_04,18,76000,-57000,0.3196,0.3346273601055145,0.015027360105514531
2024-07-11_04,19,-76000,-38000,0.307293945,0.28006523847579956,-0.027228706524200452
2024-07-11_04,20,-57000,-38000,0.4132,0.2755720615386963,-0.13762793846130372
2024-07-11_04,21,-38000,-38000,0.3706,0.3762159049510956,0.005615904951095596
2024-07-11_04,22,-19000,-38000,0.3444,0.3507555425167084,0.00635554251670839
2024-07-11_04,23,0,-38000,0.335,0.34209707379341125,0.007097073793411235
2024-07-11_04,24,19000,-38000,0.3468,0.3523925542831421,0.005592554283142093
2024-07-11_04,25,38000,-38000,0.3747,0.3813302516937256,0.006630251693725608
2024-07-11_04,26,57000,-38000,0.1696,0.2638776898384094,0.09427768983840942
2024-07-11_04,27,76000,-38000,0.279911668,0.2829112112522125,0.002999543252212522
2024-07-11_04,28,-95000,-19000,0.3075,0.3066714107990265,-0.0008285892009735063
2024-07-11_04,29,-76000,-19000,0.1767,0.22562569379806519,0.04892569379806519
2024-07-11_04,30,-57000,-19000,0.3801,0.3878675103187561,0.00776751031875611
2024-07-11_04,31,-38000,-19000,0.3365,0.3414854109287262,0.004985410928726175
2024-07-11_04,32,-19000,-19000,0.307,0.3141806423664093,0.007180642366409307
2024-07-11_04,33,0,-19000,0.297,0.3039763867855072,0.006976386785507216
2024-07-11_04,34,19000,-19000,0.3104,0.3184012770652771,0.00800127706527709
2024-07-11_04,35,38000,-19000,0.3416,0.3486166000366211,0.007016600036621079
2024-07-11_04,36,57000,-19000,0.3877,0.3935615122318268,0.005861512231826793
2024-07-11_04,37,76000,-19000,0.1814,0.25024014711380005,0.06884014711380004
2024-07-11_04,38,95000,-19000,0.3112,0.30713537335395813,-0.004064626646041847
2024-07-11_04,39,-95000,0,0.315,0.2957741618156433,-0.01922583818435669
2024-07-11_04,40,-76000,0,0.1706,0.22761023044586182,0.057010230445861815
2024-07-11_04,41,-57000,0,0.3631,0.37100180983543396,0.007901809835433982
2024-07-11_04,42,-38000,0,0.3188,0.3260517418384552,0.007251741838455228
2024-07-11_04,43,-19000,0,0.2897,0.29735371470451355,0.007653714704513537
2024-07-11_04,44,19000,0,0.2938,0.3010641932487488,0.007264193248748774
2024-07-11_04,45,38000,0,0.3268,0.33394500613212585,0.007145006132125875
2024-07-11_04,46,57000,0,0.3731,0.3781903088092804,0.005090308809280408
2024-07-11_04,47,76000,0,0.1748,0.19174638390541077,0.016946383905410756
2024-07-11_04,48,95000,0,0.3145,0.3038924038410187,-0.010607596158981325
2024-07-11_04,49,-95000,19000,0.3037,0.2997419536113739,-0.003958046388626124
2024-07-11_04,50,-76000,19000,0.1706,0.22050771117210388,0.04990771117210388
2024-07-11_04,51,-57000,19000,0.3628,0.3707412779331207,0.007941277933120716
2024-07-11_04,52,-38000,19000,0.3193,0.3275076150894165,0.008207615089416531
2024-07-11_04,53,-19000,19000,0.2921,0.2993508577346802,0.0072508577346801495
2024-07-11_04,54,0,19000,0.2834,0.29009807109832764,0.0066980710983276515
2024-07-11_04,55,19000,19000,0.296,0.30318039655685425,0.007180396556854263
2024-07-11_04,56,38000,19000,0.3278,0.3342863917350769,0.006486391735076924
2024-07-11_04,57,57000,19000,0.3741,0.3817327618598938,0.007632761859893811
2024-07-11_04,58,76000,19000,0.1753,0.22545289993286133,0.05015289993286132
2024-07-11_04,59,95000,19000,0.3084,0.2901720106601715,-0.0182279893398285
2024-07-11_04,60,-76000,38000,0.1785,0.24069997668266296,0.06219997668266297
2024-07-11_04,61,-57000,38000,0.3792,0.3886193335056305,0.009419333505630512
2024-07-11_04,62,-38000,38000,0.338,0.345370888710022,0.00737088871002195
2024-07-11_04,63,-19000,38000,0.3118,0.32082852721214294,0.009028527212142923
2024-07-11_04,64,0,38000,0.3039,0.31178051233291626,0.007880512332916256
2024-07-11_04,65,19000,38000,0.3164,0.32445451617240906,0.008054516172409043
2024-07-11_04,66,38000,38000,0.3463,0.3529214560985565,0.006621456098556522
2024-07-11_04,67,57000,38000,0.3905,0.39730173349380493,0.006801733493804918
2024-07-11_04,68,76000,38000,0.1837,0.2638818025588989,0.08018180255889892
2024-07-11_04,69,-76000,57000,0.3103,0.29454687237739563,-0.01575312762260439
2024-07-11_04,70,-57000,57000,0.1686,0.2689952552318573,0.1003952552318573
2024-07-11_04,71,-38000,57000,0.37,0.37806180119514465,0.008061801195144658
2024-07-11_04,72,-19000,57000,0.3464,0.3538719117641449,0.007471911764144912
2024-07-11_04,73,0,57000,0.3387,0.3474483788013458,0.008748378801345824
2024-07-11_04,74,19000,57000,0.3505,0.35787150263786316,0.007371502637863181
2024-07-11_04,75,38000,57000,0.3778,0.3836268186569214,0.005826818656921362
2024-07-11_04,76,57000,57000,0.1714,0.24114324152469635,0.06974324152469635
2024-07-11_04,77,76000,57000,0.3075,0.28847384452819824,-0.019026155471801753
2024-07-11_04,78,-57000,76000,0.270900889,0.2915259301662445,0.02062504116624453
2024-07-11_04,79,-38000,76000,0.1706,0.24789366126060486,0.07729366126060486
2024-07-11_04,80,-19000,76000,0.3947,0.4028821885585785,0.008182188558578496
2024-07-11_04,81,0,76000,0.3864,0.3935681879520416,0.007168187952041605
2024-07-11_04,82,19000,76000,0.3986,0.40453651547431946,0.005936515474319448
2024-07-11_04,83,38000,76000,0.1725,0.21480794250965118,0.0423079425096512
2024-07-11_04,84,57000,76000,0.272848427,0.27722030878067017,0.0043718817806701615
2024-07-11_04,85,-19000,95000,0.1843,0.2892579138278961,0.10495791382789613
2024-07-11_04,86,0,95000,0.1854,0.2791171073913574,0.09371710739135741
2024-07-11_04,87,19000,95000,0.1832,0.2786787748336792,0.0954787748336792
2024-07-11_05,0,-19000,-95000,0.3126,0.3055354952812195,-0.0070645047187805066
2024-07-11_05,1,0,-95000,0.3435,0.324187308549881,-0.019312691450119046
2024-07-11_05,2,19000,-95000,0.3117,0.3105357885360718,-0.0011642114639281997
2024-07-11_05,3,-57000,-76000,0.3435,0.33580827713012695,-0.007691722869873074
2024-07-11_05,4,-38000,-76000,0.3037,0.29211097955703735,-0.011589020442962672
2024-07-11_05,5,-19000,-76000,0.305323657,0.2710149586200714,-0.034308698379928615
2024-07-11_05,6,0,-76000,0.1823,0.23800083994865417,0.055700839948654185
2024-07-11_05,7,19000,-76000,0.305349134,0.260619193315506,-0.04472994068449404
2024-07-11_05,8,38000,-76000,0.3037,0.2916167378425598,-0.012083262157440211
2024-07-11_05,9,57000,-76000,0.3243,0.3219917416572571,-0.002308258342742897
2024-07-11_05,10,-76000,-57000,0.3225,0.32235532999038696,-0.000144670009613046
2024-07-11_05,11,-57000,-57000,0.288166974,0.2710378170013428,-0.017129156998657247
2024-07-11_05,12,-38000,-57000,0.171,0.2050931453704834,0.034093145370483385
2024-07-11_05,13,-19000,-57000,0.3955,0.3984289765357971,0.002928976535797101
2024-07-11_05,14,0,-57000,0.387,0.3897762894630432,0.0027762894630432022
2024-07-11_05,15,19000,-57000,0.3975,0.39945343136787415,0.0019534313678741255
2024-07-11_05,16,38000,-57000,0.172,0.17172488570213318,-0.0002751142978668075
2024-07-11_05,17,57000,-57000,0.287147787,0.2813465893268585,-0.005801197673141467
2024-07-11_05,18,76000,-57000,0.3196,0.31640294194221497,-0.0031970580577850294
2024-07-11_05,19,-76000,-38000,0.278965747,0.28906282782554626,0.010097080825546279
2024-07-11_05,20,-57000,-38000,0.1694,0.28073549270629883,0.11133549270629883
2024-07-11_05,21,-38000,-38000,0.3715,0.3745546340942383,0.0030546340942382844
2024-07-11_05,22,-19000,-38000,0.3452,0.3477117717266083,0.0025117717266082695
2024-07-11_05,23,0,-38000,0.3359,0.33767014741897583,0.0017701474189758537
2024-07-11_05,24,19000,-38000,0.3479,0.3486231863498688,0.0007231863498687874
2024-07-11_05,25,38000,-38000,0.376,0.3780042231082916,0.002004223108291625
2024-07-11_05,26,57000,-38000,0.1701,0.22257810831069946,0.05247810831069946
2024-07-11_05,27,76000,-38000,0.280483281,0.28467491269111633,0.00419163169111636
2024-07-11_05,28,-95000,-19000,0.3075,0.29549363255500793,-0.012006367444992061
2024-07-11_05,29,-76000,-19000,0.1776,0.17343969643115997,-0.004160303568840035
2024-07-11_05,30,-57000,-19000,0.3808,0.38391345739364624,0.003113457393646213
2024-07-11_05,31,-38000,-19000,0.337,0.3397539258003235,0.0027539258003234646
2024-07-11_05,32,-19000,-19000,0.3079,0.31088683009147644,0.0029868300914764334
2024-07-11_05,33,0,-19000,0.2983,0.3015136122703552,0.003213612270355215
2024-07-11_05,34,19000,-19000,0.3119,0.3140328824520111,0.002132882452011098
2024-07-11_05,35,38000,-19000,0.3431,0.34419265389442444,0.0010926538944244224
2024-07-11_05,36,57000,-19000,0.3893,0.39082372188568115,0.001523721885681173
2024-07-11_05,37,76000,-19000,0.18,0.21924224495887756,0.03924224495887757
2024-07-11_05,38,95000,-19000,0.3112,0.303026407957077,-0.00817359204292295
2024-07-11_05,39,-95000,0,0.315,0.31069639325141907,-0.004303606748580935
2024-07-11_05,40,-76000,0,0.1715,0.18939022719860077,0.017890227198600755
2024-07-11_05,41,-57000,0,0.3643,0.3688802123069763,0.004580212306976306
2024-07-11_05,42,-38000,0,0.3201,0.32429495453834534,0.004194954538345341
2024-07-11_05,43,-19000,0,0.2907,0.2939539849758148,0.0032539849758148054
2024-07-11_05,44,19000,0,0.295,0.29709717631340027,0.002097176313400284
2024-07-11_05,45,38000,0,0.3281,0.3307376503944397,0.0026376503944396945
2024-07-11_05,46,57000,0,0.375,0.37750884890556335,0.0025088489055633545
2024-07-11_05,47,76000,0,0.1757,0.1585828959941864,-0.017117104005813594
2024-07-11_05,48,95000,0,0.314,0.309651255607605,-0.004348744392395021
2024-07-11_05,49,-95000,19000,0.3042,0.2935279905796051,-0.010672009420394923
2024-07-11_05,50,-76000,19000,0.171,0.18755292892456055,0.016552928924560534
2024-07-11_05,51,-57000,19000,0.3642,0.3674464821815491,0.0032464821815490486
2024-07-11_05,52,-38000,19000,0.3209,0.3237050473690033,0.0028050473690032773
2024-07-11_05,53,-19000,19000,0.2938,0.2963847815990448,0.002584781599044794
2024-07-11_05,54,0,19000,0.2854,0.2884534001350403,0.003053400135040296
2024-07-11_05,55,19000,19000,0.2978,0.3005349338054657,0.002734933805465689
2024-07-11_05,56,38000,19000,0.3295,0.3307797312736511,0.001279731273651108
2024-07-11_05,57,57000,19000,0.3757,0.3780139684677124,0.002313968467712424
2024-07-11_05,58,76000,19000,0.1762,0.1711561679840088,-0.0050438320159912065
2024-07-11_05,59,95000,19000,0.3084,0.3042500913143158,-0.0041499086856842116
2024-07-11_05,60,-76000,38000,0.1795,0.219967782497406,0.04046778249740601
2024-07-11_05,61,-57000,38000,0.3809,0.3838132321834564,0.0029132321834564046
2024-07-11_05,62,-38000,38000,0.3397,0.3421705961227417,0.0024705961227416973
2024-07-11_05,63,-19000,38000,0.3138,0.31630173325538635,0.002501733255386329
2024-07-11_05,64,0,38000,0.3056,0.3077572286128998,0.0021572286128997975
2024-07-11_05,65,19000,38000,0.3182,0.32016125321388245,0.0019612532138824634
2024-07-11_05,66,38000,38000,0.3482,0.3493402302265167,0.0011402302265167141
2024-07-11_05,67,57000,38000,0.3926,0.39498409628868103,0.0023840962886810257
2024-07-11_05,68,76000,38000,0.1846,0.2363053858280182,0.0517053858280182
2024-07-11_05,69,-76000,57000,0.3103,0.30582159757614136,-0.004478402423858663
2024-07-11_05,70,-57000,57000,0.1696,0.231803297996521,0.062203297996520995
2024-07-11_05,71,-38000,57000,0.3723,0.3752876818180084,0.002987681818008403
2024-07-11_05,72,-19000,57000,0.3486,0.3512021601200104,0.002602160120010355
2024-07-11_05,73,0,57000,0.341,0.3438831865787506,0.002883186578750585
2024-07-11_05,74,19000,57000,0.3523,0.35485193133354187,0.002551931333541868
2024-07-11_05,75,38000,57000,0.3798,0.3824618458747864,0.0026618458747863505
2024-07-11_05,76,57000,57000,0.1718,0.1908765435218811,0.019076543521881095
2024-07-11_05,77,76000,57000,0.3084,0.3010714650154114,-0.0073285349845886305
2024-07-11_05,78,-57000,76000,0.3018,0.2927282154560089,-0.009071784543991102
2024-07-11_05,79,-38000,76000,0.172,0.1895933449268341,0.01759334492683412
2024-07-11_05,80,-19000,76000,0.3975,0.39974576234817505,0.002245762348175029
2024-07-11_05,81,0,76000,0.389,0.39081352949142456,0.0018135294914245481
2024-07-11_05,82,19000,76000,0.4012,0.4021289646625519,0.0009289646625518788
2024-07-11_05,83,38000,76000,0.1734,0.17120575904846191,-0.0021942409515380845
2024-07-11_05,84,57000,76000,0.278495037,0.2839609682559967,0.005465931255996703
2024-07-11_05,85,-19000,95000,0.321768642,0.26048970222473145,-0.06127893977526855
2024-07-11_05,86,0,95000,0.331787419,0.2637256979942322,-0.0680617210057678
2024-07-11_05,87,19000,95000,0.323551406,0.2523982524871826,-0.07115315351281737
2024-07-11_06,0,-19000,-95000,0.3121,0.32653874158859253,0.01443874158859254
2024-07-11_06,1,0,-95000,0.345,0.33632397651672363,-0.00867602348327634
2024-07-11_06,2,19000,-95000,0.3131,0.32245349884033203,0.009353498840332042
2024-07-11_06,3,-57000,-76000,0.3479,0.32325810194015503,-0.024641898059844958
2024-07-11_06,4,-38000,-76000,0.3056,0.28393036127090454,-0.021669638729095442
2024-07-11_06,5,-19000,-76000,0.309559358,0.27923476696014404,-0.030324591039855964
2024-07-11_06,6,0,-76000,0.1846,0.25518232583999634,0.07058232583999635
2024-07-11_06,7,19000,-76000,0.309528229,0.29388701915740967,-0.01564120984259032
2024-07-11_06,8,38000,-76000,0.3046,0.29073429107666016,-0.013865708923339826
2024-07-11_06,9,57000,-76000,0.3262,0.3430421054363251,0.016842105436325083
2024-07-11_06,10,-76000,-57000,0.3434,0.32385966181755066,-0.019540338182449324
2024-07-11_06,11,-57000,-57000,0.294451389,0.3081873655319214,0.013735976531921379
2024-07-11_06,12,-38000,-57000,0.1729,0.22700348496437073,0.05410348496437073
2024-07-11_06,13,-19000,-57000,0.4018,0.40077972412109375,-0.0010202758789062405
2024-07-11_06,14,0,-57000,0.3936,0.3929685354232788,-0.0006314645767211968
2024-07-11_06,15,19000,-57000,0.404,0.4014231860637665,-0.0025768139362335463
2024-07-11_06,16,38000,-57000,0.1734,0.2242543250322342,0.05085432503223419
2024-07-11_06,17,57000,-57000,0.292053644,0.2793159484863281,-0.012737695513671876
2024-07-11_06,18,76000,-57000,0.3225,0.3404052257537842,0.01790522575378417
2024-07-11_06,19,-76000,-38000,0.285473944,0.286006361246109,0.0005324172461090293
2024-07-11_06,20,-57000,-38000,0.171,0.3664571940898895,0.1954571940898895
2024-07-11_06,21,-38000,-38000,0.378,0.37790024280548096,-9.975719451904563e-05
2024-07-11_06,22,-19000,-38000,0.3521,0.3504769802093506,-0.0016230197906494381
2024-07-11_06,23,0,-38000,0.3431,0.34202858805656433,-0.001071411943435685
2024-07-11_06,24,19000,-38000,0.3547,0.3507959544658661,-0.0039040455341339264
2024-07-11_06,25,38000,-38000,0.3828,0.37942320108413696,-0.0033767989158630107
2024-07-11_06,26,57000,-38000,0.1725,0.29159432649612427,0.11909432649612428
2024-07-11_06,27,76000,-38000,0.3018,0.2833113968372345,-0.018488603162765516
2024-07-11_06,28,-95000,-19000,0.3084,0.30635836720466614,-0.0020416327953338698
2024-07-11_06,29,-76000,-19000,0.1804,0.2202344387769699,0.039834438776969905
2024-07-11_06,30,-57000,-19000,0.3878,0.3864458203315735,-0.0013541796684264917
2024-07-11_06,31,-38000,-19000,0.3447,0.3413102626800537,-0.0033897373199462955
2024-07-11_06,32,-19000,-19000,0.3158,0.3127876818180084,-0.0030123181819916023
2024-07-11_06,33,0,-19000,0.3058,0.3028072416782379,-0.002992758321762101
2024-07-11_06,34,19000,-19000,0.3197,0.3156341016292572,-0.004065898370742782
2024-07-11_06,35,38000,-19000,0.3503,0.34633493423461914,-0.00396506576538086
2024-07-11_06,36,57000,-19000,0.3963,0.3916371762752533,-0.00466282372474669
2024-07-11_06,37,76000,-19000,0.1842,0.21957409381866455,0.03537409381866455
2024-07-11_06,38,95000,-19000,0.3112,0.31615641713142395,0.0049564171314239736
2024-07-11_06,39,-95000,0,0.3225,0.31160232424736023,-0.01089767575263978
2024-07-11_06,40,-76000,0,0.1725,0.26157692074775696,0.08907692074775697
2024-07-11_06,41,-57000,0,0.371,0.36713945865631104,-0.0038605413436889613
2024-07-11_06,42,-38000,0,0.3281,0.32507434487342834,-0.003025655126571658
2024-07-11_06,43,-19000,0,0.299,0.2946796417236328,-0.0043203582763671755
2024-07-11_06,44,19000,0,0.3034,0.3014782667160034,-0.001921733283996585
2024-07-11_06,45,38000,0,0.3365,0.3335852324962616,-0.0029147675037384246
2024-07-11_06,46,57000,0,0.382,0.3788895606994629,-0.0031104393005371156
2024-07-11_06,47,76000,0,0.179,0.21669679880142212,0.03769679880142213
2024-07-11_06,48,95000,0,0.3159,0.3129306137561798,-0.0029693862438202046
2024-07-11_06,49,-95000,19000,0.3065,0.2738150954246521,-0.032684904575347895
2024-07-11_06,50,-76000,19000,0.1739,0.23558123409748077,0.061681234097480775
2024-07-11_06,51,-57000,19000,0.3708,0.37036991119384766,-0.0004300888061523622
2024-07-11_06,52,-38000,19000,0.3288,0.3270218074321747,-0.0017781925678252986
2024-07-11_06,53,-19000,19000,0.3019,0.2987469434738159,-0.0031530565261840837
2024-07-11_06,54,0,19000,0.2936,0.2873278856277466,-0.006272114372253446
2024-07-11_06,55,19000,19000,0.3058,0.3001447916030884,-0.005655208396911637
2024-07-11_06,56,38000,19000,0.3378,0.33136671781539917,-0.006433282184600819
2024-07-11_06,57,57000,19000,0.3829,0.3813016712665558,-0.001598328733444232
2024-07-11_06,58,76000,19000,0.179,0.2088802456855774,0.0298802456855774
2024-07-11_06,59,95000,19000,0.3093,0.30079513788223267,-0.008504862117767353
2024-07-11_06,60,-76000,38000,0.1823,0.23359954357147217,0.05129954357147218
2024-07-11_06,61,-57000,38000,0.3872,0.3878062665462494,0.000606266546249401
2024-07-11_06,62,-38000,38000,0.3467,0.34396347403526306,-0.0027365259647369466
2024-07-11_06,63,-19000,38000,0.3217,0.31987565755844116,-0.0018243424415588239
2024-07-11_06,64,0,38000,0.3137,0.3112397789955139,-0.002460221004486063
2024-07-11_06,65,19000,38000,0.3266,0.3232139050960541,-0.0033860949039459243
2024-07-11_06,66,38000,38000,0.3553,0.3512103259563446,-0.0040896740436554
2024-07-11_06,67,57000,38000,0.3997,0.39695748686790466,-0.0027425131320953366
2024-07-11_06,68,76000,38000,0.303336797,0.2540627717971802,-0.049274025202819816
2024-07-11_06,69,-76000,57000,0.3131,0.3013693392276764,-0.011730660772323598
2024-07-11_06,70,-57000,57000,0.1707,0.2730054259300232,0.1023054259300232
2024-07-11_06,71,-38000,57000,0.3784,0.37548986077308655,-0.0029101392269134663
2024-07-11_06,72,-19000,57000,0.3554,0.3506290912628174,-0.004770908737182611
2024-07-11_06,73,0,57000,0.3482,0.3447065055370331,-0.0034934944629669284
2024-07-11_06,74,19000,57000,0.3595,0.3555477559566498,-0.003952244043350206
2024-07-11_06,75,38000,57000,0.3866,0.38480448722839355,-0.0017955127716064445
2024-07-11_06,76,57000,57000,0.1743,0.24192187190055847,0.06762187190055846
2024-07-11_06,77,76000,57000,0.3103,0.3067511320114136,-0.003548867988586446
2024-07-11_06,78,-57000,76000,0.3056,0.2967852056026459,-0.008814794397354109
2024-07-11_06,79,-38000,76000,0.1734,0.2266177386045456,0.053217738604545595
2024-07-11_06,80,-19000,76000,0.404,0.40095382928848267,-0.0030461707115173597
2024-07-11_06,81,0,76000,0.3958,0.3949636220932007,-0.0008363779067993016
2024-07-11_06,82,19000,76000,0.4082,0.40495923161506653,-0.003240768384933479
2024-07-11_06,83,38000,76000,0.1767,0.23733659088611603,0.06063659088611603
2024-07-11_06,84,57000,76000,0.3028,0.2700967490673065,-0.032703250932693495
2024-07-11_06,85,-19000,95000,0.32786123,0.26611632108688354,-0.06174490891311646
2024-07-11_06,86,0,95000,0.338199226,0.2744041085243225,-0.06379511747567751
2024-07-11_06,87,19000,95000,0.329895585,0.27084335684776306,-0.05905222815223693
2024-07-11_07,0,-19000,-95000,0.3135,0.3193579614162445,0.005857961416244506
2024-07-11_07,1,0,-95000,0.3459,0.35321617126464844,0.007316171264648452
2024-07-11_07,2,19000,-95000,0.314,0.3195706605911255,0.005570660591125487
2024-07-11_07,3,-57000,-76000,0.348,0.3338130712509155,-0.014186928749084449
2024-07-11_07,4,-38000,-76000,0.306,0.2975759506225586,-0.0084240493774414
2024-07-11_07,5,-19000,-76000,0.327344845,0.2999931573867798,-0.02735168761322021
2024-07-11_07,6,0,-76000,0.337042799,0.2683301866054535,-0.06871261239454651
2024-07-11_07,7,19000,-76000,0.328205595,0.3041549623012543,-0.024050632698745744
2024-07-11_07,8,38000,-76000,0.3065,0.2829161286354065,-0.0235838713645935
2024-07-11_07,9,57000,-76000,0.3375,0.3494211435317993,0.011921143531799294
2024-07-11_07,10,-76000,-57000,0.3393,0.34729593992233276,0.007995939922332773
2024-07-11_07,11,-57000,-57000,0.29798096,0.2979215979576111,-5.9362042388932945e-05
2024-07-11_07,12,-38000,-57000,0.1739,0.2339501976966858,0.06005019769668579
2024-07-11_07,13,-19000,-57000,0.4069,0.40430912375450134,-0.002590876245498641
2024-07-11_07,14,0,-57000,0.3985,0.3964986801147461,-0.002001319885253927
2024-07-11_07,15,19000,-57000,0.4088,0.40798652172088623,-0.0008134782791137662
2024-07-11_07,16,38000,-57000,0.1753,0.21664634346961975,0.04134634346961974
2024-07-11_07,17,57000,-57000,0.299279772,0.2777884602546692,-0.02149131174533081
2024-07-11_07,18,76000,-57000,0.3225,0.341672420501709,0.019172420501708975
2024-07-11_07,19,-76000,-38000,0.3028,0.2754287123680115,-0.02737128763198854
2024-07-11_07,20,-57000,-38000,0.1715,0.3661474585533142,0.1946474585533142
2024-07-11_07,21,-38000,-38000,0.3829,0.38330572843551636,0.0004057284355163393
2024-07-11_07,22,-19000,-38000,0.357,0.3531164526939392,-0.003883547306060775
2024-07-11_07,23,0,-38000,0.3484,0.34510403871536255,-0.0032959612846374386
2024-07-11_07,24,19000,-38000,0.3597,0.35575422644615173,-0.003945773553848286
2024-07-11_07,25,38000,-38000,0.3877,0.3841998279094696,-0.0035001720905303846
2024-07-11_07,26,57000,-38000,0.1739,0.2675565481185913,0.09365654811859131
2024-07-11_07,27,76000,-38000,0.3037,0.2873576283454895,-0.016342371654510524
2024-07-11_07,28,-95000,-19000,0.3093,0.2935202717781067,-0.01577972822189333
2024-07-11_07,29,-76000,-19000,0.1818,0.24671237170696259,0.0649123717069626
2024-07-11_07,30,-57000,-19000,0.3926,0.3903425335884094,-0.0022574664115905807
2024-07-11_07,31,-38000,-19000,0.35,0.34704387187957764,-0.002956128120422341
2024-07-11_07,32,-19000,-19000,0.3217,0.31614166498184204,-0.005558335018157945
2024-07-11_07,33,0,-19000,0.3114,0.3072971701622009,-0.004102829837799082
2024-07-11_07,34,19000,-19000,0.3257,0.32131436467170715,-0.004385635328292836
2024-07-11_07,35,38000,-19000,0.3555,0.3499309718608856,-0.0055690281391143626
2024-07-11_07,36,57000,-19000,0.4014,0.3964645564556122,-0.004935443544387796
2024-07-11_07,37,76000,-19000,0.308141397,0.2532780170440674,-0.0548633799559326
2024-07-11_07,38,95000,-19000,0.3126,0.32216984033584595,0.009569840335845958
2024-07-11_07,39,-95000,0,0.3178,0.32520246505737305,0.00740246505737302
2024-07-11_07,40,-76000,0,0.1748,0.22482842206954956,0.05002842206954955
2024-07-11_07,41,-57000,0,0.376,0.3734212815761566,-0.0025787184238433847
2024-07-11_07,42,-38000,0,0.3341,0.3289635181427002,-0.005136481857299813
2024-07-11_07,43,-19000,0,0.3046,0.2974361181259155,-0.0071638818740844545
2024-07-11_07,44,19000,0,0.3091,0.30362385511398315,-0.005476144886016832
2024-07-11_07,45,38000,0,0.3419,0.3364468514919281,-0.005453148508071881
2024-07-11_07,46,57000,0,0.3872,0.38359493017196655,-0.003605069828033436
2024-07-11_07,47,76000,0,0.18,0.2391592264175415,0.05915922641754151
2024-07-11_07,48,95000,0,0.3168,0.3260672390460968,0.009267239046096776
2024-07-11_07,49,-95000,19000,0.3056,0.2944810390472412,-0.011118960952758772
2024-07-11_07,50,-76000,19000,0.1753,0.2215782105922699,0.046278210592269886
2024-07-11_07,51,-57000,19000,0.3761,0.37567779421806335,-0.0004222057819366354
2024-07-11_07,52,-38000,19000,0.335,0.3294663727283478,-0.005533627271652242
2024-07-11_07,53,-19000,19000,0.3079,0.30355405807495117,-0.004345941925048835
2024-07-11_07,54,0,19000,0.2991,0.2945058345794678,-0.0045941654205322036
2024-07-11_07,55,19000,19000,0.312,0.3063625395298004,-0.0056374604701995845
2024-07-11_07,56,38000,19000,0.3432,0.3379806578159332,-0.0052193421840667775
2024-07-11_07,57,57000,19000,0.3882,0.3849896788597107,-0.003210321140289296
2024-07-11_07,58,76000,19000,0.1809,0.23343762755393982,0.052537627553939814
2024-07-11_07,59,95000,19000,0.3098,0.32142361998558044,0.011623619985580425
2024-07-11_07,60,-76000,38000,0.1856,0.2551317811012268,0.06953178110122682
2024-07-11_07,61,-57000,38000,0.3931,0.39200443029403687,-0.0010955697059631397
2024-07-11_07,62,-38000,38000,0.3528,0.35059836506843567,-0.0022016349315643335
2024-07-11_07,63,-19000,38000,0.3283,0.3239711821079254,-0.004328817892074566
2024-07-11_07,64,0,38000,0.3199,0.3147572875022888,-0.005142712497711199
2024-07-11_07,65,19000,38000,0.3329,0.3300061523914337,-0.002893847608566258
2024-07-11_07,66,38000,38000,0.3609,0.35827189683914185,-0.002628103160858153
2024-07-11_07,67,57000,38000,0.4052,0.4017387926578522,-0.0034612073421478318
2024-07-11_07,68,76000,38000,0.308510203,0.2887468636035919,-0.019763339396408064
2024-07-11_07,69,-76000,57000,0.314,0.307903528213501,-0.006096471786499025
2024-07-11_07,70,-57000,57000,0.1728,0.2609706521034241,0.08817065210342406
2024-07-11_07,71,-38000,57000,0.3848,0.3785015344619751,-0.006298465538024878
2024-07-11_07,72,-19000,57000,0.3612,0.35694462060928345,-0.004255379390716574
2024-07-11_07,73,0,57000,0.3542,0.35007232427597046,-0.004127675724029556
2024-07-11_07,74,19000,57000,0.3652,0.36129507422447205,-0.0039049257755279787
2024-07-11_07,75,38000,57000,0.3924,0.3892309367656708,-0.00316906323432925
2024-07-11_07,76,57000,57000,0.1767,0.21811367571353912,0.04141367571353913
2024-07-11_07,77,76000,57000,0.3107,0.30143386125564575,-0.009266138744354224
2024-07-11_07,78,-57000,76000,0.3065,0.3046373128890991,-0.0018626871109008736
2024-07-11_07,79,-38000,76000,0.1762,0.2388172298669815,0.06261722986698151
2024-07-11_07,80,-19000,76000,0.4107,0.4060511887073517,-0.004648811292648325
2024-07-11_07,81,0,76000,0.4019,0.3991382122039795,-0.0027617877960204873
2024-07-11_07,82,19000,76000,0.4143,0.4073498249053955,-0.006950175094604494
2024-07-11_07,83,38000,76000,0.1781,0.21150729060173035,0.03340729060173034
2024-07-11_07,84,57000,76000,0.3046,0.28020602464675903,-0.02439397535324095
2024-07-11_07,85,-19000,95000,0.333326587,0.2829338312149048,-0.05039275578509522
2024-07-11_07,86,0,95000,0.343915114,0.2939305603504181,-0.04998455364958193
2024-07-11_07,87,19000,95000,0.335377563,0.28167006373405457,-0.053707499265945424
2024-07-11_08,0,-19000,-95000,0.3243,0.32818055152893066,0.003880551528930687
2024-07-11_08,1,0,-95000,0.3427,0.3510129749774933,0.008312974977493282
2024-07-11_08,2,19000,-95000,0.3234,0.3293282389640808,0.00592823896408079
2024-07-11_08,3,-57000,-76000,0.3488,0.3511352241039276,0.0023352241039276134
2024-07-11_08,4,-38000,-76000,0.2985,0.3038237690925598,0.005323769092559827
2024-07-11_08,5,-19000,-76000,0.2826,0.29180943965911865,0.009209439659118634
2024-07-11_08,6,0,-76000,0.276,0.2906331419944763,0.014633141994476295
2024-07-11_08,7,19000,-76000,0.2826,0.2922029495239258,0.009602949523925763
2024-07-11_08,8,38000,-76000,0.2981,0.3020023703575134,0.0039023703575134516
2024-07-11_08,9,57000,-76000,0.3381,0.34287405014038086,0.004774050140380848
2024-07-11_08,10,-76000,-57000,0.341,0.3464008569717407,0.005400856971740697
2024-07-11_08,11,-57000,-57000,0.2854,0.2963032126426697,0.01090321264266969
2024-07-11_08,12,-38000,-57000,0.208,0.19468846917152405,-0.013311530828475943
2024-07-11_08,13,-19000,-57000,0.4092,0.41178610920906067,0.0025861092090606608
2024-07-11_08,14,0,-57000,0.4014,0.40325960516929626,0.0018596051692962856
2024-07-11_08,15,19000,-57000,0.4112,0.41239407658576965,0.0011940765857696434
2024-07-11_08,16,38000,-57000,0.21,0.20958569645881653,-0.0004143035411834639
2024-07-11_08,17,57000,-57000,0.2864,0.29468363523483276,0.008283635234832776
2024-07-11_08,18,76000,-57000,0.3328,0.3405235707759857,0.007723570775985733
2024-07-11_08,19,-76000,-38000,0.2927,0.2992352545261383,0.00653525452613829
2024-07-11_08,20,-57000,-38000,0.2061,0.19319461286067963,-0.012905387139320379
2024-07-11_08,21,-38000,-38000,0.3862,0.38788455724716187,0.0016845572471618775
2024-07-11_08,22,-19000,-38000,0.3596,0.3612503111362457,0.0016503111362457523
2024-07-11_08,23,0,-38000,0.3507,0.3522329032421112,0.0015329032421111943
2024-07-11_08,24,19000,-38000,0.3627,0.3641889691352844,0.0014889691352844014
2024-07-11_08,25,38000,-38000,0.3912,0.3923852741718292,0.0011852741718292314
2024-07-11_08,26,57000,-38000,0.209,0.19137726724147797,-0.017622732758522025
2024-07-11_08,27,76000,-38000,0.2939,0.3023098111152649,0.008409811115264898
2024-07-11_08,28,-95000,-19000,0.3079,0.31387925148010254,0.005979251480102532
2024-07-11_08,29,-76000,-19000,0.2681,0.2787312865257263,0.010631286525726313
2024-07-11_08,30,-57000,-19000,0.396,0.3975779116153717,0.0015779116153716854
2024-07-11_08,31,-38000,-19000,0.3521,0.3531912565231323,0.0010912565231323001
2024-07-11_08,32,-19000,-19000,0.3239,0.3253310024738312,0.0014310024738311555
2024-07-11_08,33,0,-19000,0.3138,0.31466129422187805,0.0008612942218780284
2024-07-11_08,34,19000,-19000,0.3277,0.32940584421157837,0.0017058442115783778
2024-07-11_08,35,38000,-19000,0.358,0.360414057970047,0.002414057970047012
2024-07-11_08,36,57000,-19000,0.4041,0.4058574140071869,0.001757414007186875
2024-07-11_08,37,76000,-19000,0.2756,0.2932867407798767,0.017686740779876697
2024-07-11_08,38,95000,-19000,0.3164,0.31838834285736084,0.0019883428573608253
2024-07-11_08,39,-95000,0,0.3178,0.3243669867515564,0.00656698675155637
2024-07-11_08,40,-76000,0,0.2081,0.19677861034870148,-0.01132138965129853
2024-07-11_08,41,-57000,0,0.3795,0.3815563917160034,0.002056391716003414
2024-07-11_08,42,-38000,0,0.336,0.3381088078022003,0.0021088078022002965
2024-07-11_08,43,-19000,0,0.3068,0.3090079128742218,0.0022079128742217846
2024-07-11_08,44,19000,0,0.3113,0.31281235814094543,0.0015123581409454134
2024-07-11_08,45,38000,0,0.3441,0.34621939063072205,0.002119390630722029
2024-07-11_08,46,57000,0,0.3901,0.3920234143733978,0.0019234143733978248
2024-07-11_08,47,76000,0,0.2617,0.24030376970767975,-0.02139623029232024
2024-07-11_08,48,95000,0,0.3168,0.3198380172252655,0.003038017225265477
2024-07-11_08,49,-95000,19000,0.3004,0.30351024866104126,0.0031102486610412594
2024-07-11_08,50,-76000,19000,0.209,0.20963045954704285,0.0006304595470428553
2024-07-11_08,51,-57000,19000,0.3797,0.38199445605278015,0.0022944560527801694
2024-07-11_08,52,-38000,19000,0.3371,0.33905041217803955,0.00195041217803954
2024-07-11_08,53,-19000,19000,0.31,0.312256395816803,0.0022563958168029807
2024-07-11_08,54,0,19000,0.3015,0.3038499355316162,0.0023499355316162207
2024-07-11_08,55,19000,19000,0.3141,0.316616028547287,0.002516028547286997
2024-07-11_08,56,38000,19000,0.3455,0.3474934995174408,0.001993499517440822
2024-07-11_08,57,57000,19000,0.3915,0.3930906653404236,0.0015906653404235693
2024-07-11_08,58,76000,19000,0.2643,0.25469347834587097,-0.009606521654129008
2024-07-11_08,59,95000,19000,0.3051,0.31128689646720886,0.00618689646720888
2024-07-11_08,60,-76000,38000,0.2718,0.26929157972335815,-0.0025084202766418318
2024-07-11_08,61,-57000,38000,0.3965,0.3988853693008423,0.002385369300842266
2024-07-11_08,62,-38000,38000,0.3551,0.3586196005344391,0.00351960053443906
2024-07-11_08,63,-19000,38000,0.3304,0.33274734020233154,0.002347340202331516
2024-07-11_08,64,0,38000,0.3225,0.32420486211776733,0.001704862117767325
2024-07-11_08,65,19000,38000,0.3347,0.33698326349258423,0.002283263492584231
2024-07-11_08,66,38000,38000,0.3633,0.36553218960762024,0.0022321896076202274
2024-07-11_08,67,57000,38000,0.4077,0.4089437425136566,0.0012437425136566094
2024-07-11_08,68,76000,38000,0.2807,0.2816992700099945,0.0009992700099945018
2024-07-11_08,69,-76000,57000,0.306,0.3169890344142914,0.010989034414291388
2024-07-11_08,70,-57000,57000,0.209,0.1925899237394333,-0.016410076260566703
2024-07-11_08,71,-38000,57000,0.3881,0.39039748907089233,0.0022974890708923335
2024-07-11_08,72,-19000,57000,0.3641,0.36645859479904175,0.002358594799041769
2024-07-11_08,73,0,57000,0.3567,0.35850054025650024,0.001800540256500227
2024-07-11_08,74,19000,57000,0.368,0.3697226941585541,0.0017226941585540834
2024-07-11_08,75,38000,57000,0.3954,0.3981035649776459,0.0027035649776459003
2024-07-11_08,76,57000,57000,0.2093,0.19675643742084503,-0.012543562579154982
2024-07-11_08,77,76000,57000,0.3028,0.3058326244354248,0.003032624435424791
2024-07-11_08,78,-57000,76000,0.2948,0.3040443956851959,0.009244395685195916
2024-07-11_08,79,-38000,76000,0.21,0.21634721755981445,0.006347217559814461
2024-07-11_08,80,-19000,76000,0.4126,0.4138902723789215,0.0012902723789214865
2024-07-11_08,81,0,76000,0.4042,0.40593236684799194,0.0017323668479919396
2024-07-11_08,82,19000,76000,0.4157,0.41811296343803406,0.0024129634380340437
2024-07-11_08,83,38000,76000,0.2093,0.22262029349803925,0.013320293498039232
2024-07-11_08,84,57000,76000,0.2939,0.2975514233112335,0.003651423311233526
2024-07-11_08,85,-19000,95000,0.2821,0.2974000573158264,0.015300057315826399
2024-07-11_08,86,0,95000,0.285,0.30031096935272217,0.015310969352722192
2024-07-11_08,87,19000,95000,0.2826,0.3077554404735565,0.0251554404735565
2024-07-11_09,0,-19000,-95000,0.3253,0.32265540957450867,-0.002644590425491311
2024-07-11_09,1,0,-95000,0.3436,0.34651312232017517,0.0029131223201751544
2024-07-11_09,2,19000,-95000,0.3253,0.3219989538192749,-0.0033010461807250757
2024-07-11_09,3,-57000,-76000,0.3479,0.35156571865081787,0.003665718650817884
2024-07-11_09,4,-38000,-76000,0.2995,0.30396318435668945,0.004463184356689465
2024-07-11_09,5,-19000,-76000,0.284,0.30298691987991333,0.018986919879913355
2024-07-11_09,6,0,-76000,0.2784,0.2826192378997803,0.004219237899780293
2024-07-11_09,7,19000,-76000,0.2845,0.3023447096347809,0.01784470963478091
2024-07-11_09,8,38000,-76000,0.299,0.3038385212421417,0.004838521242141736
2024-07-11_09,9,57000,-76000,0.3402,0.3381308615207672,-0.0020691384792327905
2024-07-11_09,10,-76000,-57000,0.3404,0.3457031846046448,0.005303184604644795
2024-07-11_09,11,-57000,-57000,0.2868,0.2936653792858124,0.0068653792858123786
2024-07-11_09,12,-38000,-57000,0.2081,0.19296421110630035,-0.015135788893699653
2024-07-11_09,13,-19000,-57000,0.412,0.4046124815940857,-0.007387518405914284
2024-07-11_09,14,0,-57000,0.4043,0.39998719096183777,-0.004312809038162224
2024-07-11_09,15,19000,-57000,0.4143,0.40698307752609253,-0.007316922473907472
2024-07-11_09,16,38000,-57000,0.209,0.1927160769701004,-0.01628392302989959
2024-07-11_09,17,57000,-57000,0.2878,0.2946128249168396,0.006812824916839599
2024-07-11_09,18,76000,-57000,0.3356,0.3318840563297272,-0.0037159436702728366
2024-07-11_09,19,-76000,-38000,0.2936,0.30045321583747864,0.00685321583747861
2024-07-11_09,20,-57000,-38000,0.207,0.20212922990322113,-0.004870770096778859
2024-07-11_09,21,-38000,-38000,0.3887,0.3846595883369446,-0.00404041166305541
2024-07-11_09,22,-19000,-38000,0.3624,0.357942134141922,-0.004457865858078003
2024-07-11_09,23,0,-38000,0.3536,0.3492920994758606,-0.00430790052413943
2024-07-11_09,24,19000,-38000,0.3657,0.36068838834762573,-0.005011611652374293
2024-07-11_09,25,38000,-38000,0.3943,0.38909485936164856,-0.005205140638351424
2024-07-11_09,26,57000,-38000,0.209,0.18512575328350067,-0.02387424671649932
2024-07-11_09,27,76000,-38000,0.2953,0.2995697557926178,0.004269755792617791
2024-07-11_09,28,-95000,-19000,0.3079,0.3127690255641937,0.004869025564193719
2024-07-11_09,29,-76000,-19000,0.269,0.24208295345306396,-0.026917046546936052
2024-07-11_09,30,-57000,-19000,0.3986,0.39488765597343445,-0.0037123440265655616
2024-07-11_09,31,-38000,-19000,0.3543,0.3505125939846039,-0.003787406015396122
2024-07-11_09,32,-19000,-19000,0.327,0.32211315631866455,-0.004886843681335462
2024-07-11_09,33,0,-19000,0.3171,0.3117249011993408,-0.005375098800659173
2024-07-11_09,34,19000,-19000,0.3313,0.32596805691719055,-0.005331943082809432
2024-07-11_09,35,38000,-19000,0.3612,0.3562573790550232,-0.004942620944976828
2024-07-11_09,36,57000,-19000,0.4075,0.4025123119354248,-0.004987688064575169
2024-07-11_09,37,76000,-19000,0.2784,0.2693944275379181,-0.00900557246208189
2024-07-11_09,38,95000,-19000,0.3164,0.31729409098625183,0.0008940909862518165
2024-07-11_09,39,-95000,0,0.3178,0.3240666687488556,0.006266668748855564
2024-07-11_09,40,-76000,0,0.2081,0.19445055723190308,-0.013649442768096931
2024-07-11_09,41,-57000,0,0.3823,0.37845733761787415,-0.0038426623821258277
2024-07-11_09,42,-38000,0,0.3391,0.3352375328540802,-0.0038624671459198123
2024-07-11_09,43,-19000,0,0.3103,0.30527371168136597,-0.0050262883186340535
2024-07-11_09,44,19000,0,0.3151,0.309569776058197,-0.00553022394180297
2024-07-11_09,45,38000,0,0.3479,0.3424960672855377,-0.005403932714462267
2024-07-11_09,46,57000,0,0.3938,0.38843756914138794,-0.005362430858612044
2024-07-11_09,47,76000,0,0.2657,0.21115009486675262,-0.05454990513324737
2024-07-11_09,48,95000,0,0.3187,0.32312139868736267,0.004421398687362688
2024-07-11_09,49,-95000,19000,0.3007,0.3090636730194092,0.008363673019409157
2024-07-11_09,50,-76000,19000,0.2091,0.19167473912239075,-0.01742526087760926
2024-07-11_09,51,-57000,19000,0.3827,0.3787461519241333,-0.003953848075866684
2024-07-11_09,52,-38000,19000,0.3403,0.3360399901866913,-0.004260009813308707
2024-07-11_09,53,-19000,19000,0.3138,0.30857643485069275,-0.005223565149307274
2024-07-11_09,54,0,19000,0.3053,0.2998735308647156,-0.00542646913528444
2024-07-11_09,55,19000,19000,0.3183,0.31248098611831665,-0.005819013881683377
2024-07-11_09,56,38000,19000,0.3494,0.34404587745666504,-0.005354122543334949
2024-07-11_09,57,57000,19000,0.3952,0.38981854915618896,-0.005381450843811031
2024-07-11_09,58,76000,19000,0.2671,0.22542336583137512,-0.04167663416862488
2024-07-11_09,59,95000,19000,0.3065,0.3144856095314026,0.007985609531402593
2024-07-11_09,60,-76000,38000,0.2746,0.2665693759918213,-0.008030624008178722
2024-07-11_09,61,-57000,38000,0.3995,0.3961057662963867,-0.003394233703613303
2024-07-11_09,62,-38000,38000,0.3587,0.35449546575546265,-0.004204534244537372
2024-07-11_09,63,-19000,38000,0.3343,0.3296034336090088,-0.004696566390991197
2024-07-11_09,64,0,38000,0.3263,0.3208603262901306,-0.005439673709869364
2024-07-11_09,65,19000,38000,0.3389,0.3333604633808136,-0.00553953661918638
2024-07-11_09,66,38000,38000,0.3675,0.3621269762516022,-0.0053730237483978205
2024-07-11_09,67,57000,38000,0.4111,0.40669646859169006,-0.0044035314083099575
2024-07-11_09,68,76000,38000,0.2826,0.28597432374954224,0.0033743237495422185
2024-07-11_09,69,-76000,57000,0.3063,0.3150548040866852,0.008754804086685164
2024-07-11_09,70,-57000,57000,0.2081,0.18593215942382812,-0.022167840576171882
2024-07-11_09,71,-38000,57000,0.3912,0.3869262933731079,-0.004273706626892082
2024-07-11_09,72,-19000,57000,0.3677,0.36289334297180176,-0.004806657028198269
2024-07-11_09,73,0,57000,0.3604,0.3548372983932495,-0.005562701606750486
2024-07-11_09,74,19000,57000,0.372,0.3666096329689026,-0.0053903670310974094
2024-07-11_09,75,38000,57000,0.3992,0.3934709429740906,-0.005729057025909423
2024-07-11_09,76,57000,57000,0.2093,0.19291184842586517,-0.01638815157413484
2024-07-11_09,77,76000,57000,0.3032,0.31010982394218445,0.006909823942184423
2024-07-11_09,78,-57000,76000,0.2948,0.3032294809818268,0.008429480981826776
2024-07-11_09,79,-38000,76000,0.21,0.19596923887729645,-0.014030761122703544
2024-07-11_09,80,-19000,76000,0.4159,0.4080979824066162,-0.007802017593383781
2024-07-11_09,81,0,76000,0.4078,0.4032251834869385,-0.004574816513061519
2024-07-11_09,82,19000,76000,0.4194,0.4111619293689728,-0.008238070631027217
2024-07-11_09,83,38000,76000,0.21,0.18983973562717438,-0.020160264372825615
2024-07-11_09,84,57000,76000,0.2948,0.30082786083221436,0.006027860832214349
2024-07-11_09,85,-19000,95000,0.284,0.2931986153125763,0.00919861531257632
2024-07-11_09,86,0,95000,0.2859,0.3092295229434967,0.023329522943496717
2024-07-11_09,87,19000,95000,0.284,0.30414560437202454,0.02014560437202456
2024-07-11_10,0,-19000,-95000,0.3229,0.3144895136356354,-0.008410486364364644
2024-07-11_10,1,0,-95000,0.3418,0.3288077414035797,-0.01299225859642028
2024-07-11_10,2,19000,-95000,0.3234,0.30940791964530945,-0.013992080354690573
2024-07-11_10,3,-57000,-76000,0.3464,0.338007390499115,-0.008392609500884995
2024-07-11_10,4,-38000,-76000,0.2978,0.29475682973861694,-0.003043170261383066
2024-07-11_10,5,-19000,-76000,0.2812,0.2912071943283081,0.0100071943283081
2024-07-11_10,6,0,-76000,0.2742,0.22702938318252563,-0.047170616817474365
2024-07-11_10,7,19000,-76000,0.2812,0.29472649097442627,0.013526490974426264
2024-07-11_10,8,38000,-76000,0.2976,0.2953994870185852,-0.0022005129814147706
2024-07-11_10,9,57000,-76000,0.3387,0.3233470618724823,-0.015352938127517701
2024-07-11_10,10,-76000,-57000,0.3386,0.330883264541626,-0.0077167354583740355
2024-07-11_10,11,-57000,-57000,0.284,0.2834872007369995,-0.000512799263000463
2024-07-11_10,12,-38000,-57000,0.2072,0.21296513080596924,0.005765130805969243
2024-07-11_10,13,-19000,-57000,0.406,0.39765623211860657,-0.00834376788139346
2024-07-11_10,14,0,-57000,0.398,0.3890620768070221,-0.008937923192977926
2024-07-11_10,15,19000,-57000,0.4084,0.3996860384941101,-0.008713961505889878
2024-07-11_10,16,38000,-57000,0.209,0.19533514976501465,-0.013664850234985343
2024-07-11_10,17,57000,-57000,0.2854,0.28564751148223877,0.0002475114822387825
2024-07-11_10,18,76000,-57000,0.3328,0.31923845410346985,-0.013561545896530136
2024-07-11_10,19,-76000,-38000,0.2915,0.28866249322891235,-0.002837506771087628
2024-07-11_10,20,-57000,-38000,0.205,0.27402380108833313,0.06902380108833314
2024-07-11_10,21,-38000,-38000,0.3822,0.3734856843948364,-0.008714315605163558
2024-07-11_10,22,-19000,-38000,0.3553,0.34690627455711365,-0.008393725442886357
2024-07-11_10,23,0,-38000,0.3461,0.3377179503440857,-0.008382049655914325
2024-07-11_10,24,19000,-38000,0.3587,0.34972184896469116,-0.008978151035308857
2024-07-11_10,25,38000,-38000,0.3877,0.3777046203613281,-0.009995379638671864
2024-07-11_10,26,57000,-38000,0.208,0.21637752652168274,0.008377526521682749
2024-07-11_10,27,76000,-38000,0.2934,0.2840868830680847,-0.009313116931915277
2024-07-11_10,28,-95000,-19000,0.3077,0.30237165093421936,-0.005328349065780613
2024-07-11_10,29,-76000,-19000,0.2643,0.18544521927833557,-0.07885478072166441
2024-07-11_10,30,-57000,-19000,0.3926,0.38374003767967224,-0.008859962320327763
2024-07-11_10,31,-38000,-19000,0.348,0.33958563208580017,-0.008414367914199805
2024-07-11_10,32,-19000,-19000,0.3192,0.31031081080436707,-0.008889189195632918
2024-07-11_10,33,0,-19000,0.309,0.3002966642379761,-0.008703335762023923
2024-07-11_10,34,19000,-19000,0.3235,0.31349068880081177,-0.010009311199188242
2024-07-11_10,35,38000,-19000,0.3543,0.3442870080471039,-0.010012991952896122
2024-07-11_10,36,57000,-19000,0.4012,0.3910124599933624,-0.010187540006637574
2024-07-11_10,37,76000,-19000,0.2737,0.2202526479959488,-0.05344735200405121
2024-07-11_10,38,95000,-19000,0.315,0.30685174465179443,-0.008148255348205569
2024-07-11_10,39,-95000,0,0.3168,0.3081955313682556,-0.00860446863174441
2024-07-11_10,40,-76000,0,0.2072,0.18917180597782135,-0.018028194022178645
2024-07-11_10,41,-57000,0,0.3759,0.36720189452171326,-0.008698105478286755
2024-07-11_10,42,-38000,0,0.3317,0.3215803802013397,-0.010119619798660273
2024-07-11_10,43,-19000,0,0.3022,0.2929401993751526,-0.009259800624847436
2024-07-11_10,44,19000,0,0.3072,0.29686373472213745,-0.010336265277862522
2024-07-11_10,45,38000,0,0.3403,0.32976287603378296,-0.010537123966217032
2024-07-11_10,46,57000,0,0.3873,0.37655991315841675,-0.01074008684158323
2024-07-11_10,47,76000,0,0.21,0.17670394480228424,-0.03329605519771575
2024-07-11_10,48,95000,0,0.3182,0.3112353980541229,-0.006964601945877058
2024-07-11_10,49,-95000,19000,0.299,0.2967284321784973,-0.0022715678215026736
2024-07-11_10,50,-76000,19000,0.2085,0.18110418319702148,-0.027395816802978507
2024-07-11_10,51,-57000,19000,0.3764,0.3666190803050995,-0.009780919694900525
2024-07-11_10,52,-38000,19000,0.3331,0.32375702261924744,-0.00934297738075257
2024-07-11_10,53,-19000,19000,0.3059,0.2958403527736664,-0.010059647226333623
2024-07-11_10,54,0,19000,0.2971,0.28746819496154785,-0.009631805038452124
2024-07-11_10,55,19000,19000,0.3102,0.29912346601486206,-0.011076533985137915
2024-07-11_10,56,38000,19000,0.3418,0.33071067929267883,-0.01108932070732116
2024-07-11_10,57,57000,19000,0.3885,0.3761531412601471,-0.012346858739852917
2024-07-11_10,58,76000,19000,0.2088,0.1803048551082611,-0.028495144891738905
2024-07-11_10,59,95000,19000,0.3051,0.300870805978775,-0.004229194021224958
2024-07-11_10,60,-76000,38000,0.2709,0.2153964340686798,-0.055503565931320165
2024-07-11_10,61,-57000,38000,0.3939,0.3839951753616333,-0.009904824638366672
2024-07-11_10,62,-38000,38000,0.3519,0.3422660827636719,-0.009633917236328116
2024-07-11_10,63,-19000,38000,0.3269,0.3163555860519409,-0.010544413948059106
2024-07-11_10,64,0,38000,0.3187,0.30733925104141235,-0.01136074895858763
2024-07-11_10,65,19000,38000,0.3314,0.3206382095813751,-0.01076179041862485
2024-07-11_10,66,38000,38000,0.3603,0.34875866770744324,-0.011541332292556772
2024-07-11_10,67,57000,38000,0.4051,0.393912672996521,-0.01118732700347902
2024-07-11_10,68,76000,38000,0.2793,0.2418712079524994,-0.0374287920475006
2024-07-11_10,69,-76000,57000,0.3051,0.30657097697257996,0.0014709769725799737
2024-07-11_10,70,-57000,57000,0.2069,0.22517922520637512,0.01827922520637512
2024-07-11_10,71,-38000,57000,0.3853,0.37418726086616516,-0.011112739133834815
2024-07-11_10,72,-19000,57000,0.361,0.35029181838035583,-0.010708181619644153
2024-07-11_10,73,0,57000,0.3534,0.342288613319397,-0.01111138668060302
2024-07-11_10,74,19000,57000,0.365,0.35362571477890015,-0.011374285221099845
2024-07-11_10,75,38000,57000,0.393,0.3816934823989868,-0.0113065176010132
2024-07-11_10,76,57000,57000,0.209,0.1931101381778717,-0.015889861822128287
2024-07-11_10,77,76000,57000,0.3025,0.3003496825695038,-0.002150317430496207
2024-07-11_10,78,-57000,76000,0.2941,0.29228654503822327,-0.001813454961776706
2024-07-11_10,79,-38000,76000,0.2091,0.18727217614650726,-0.021827823853492745
2024-07-11_10,80,-19000,76000,0.4109,0.3993633985519409,-0.01153660144805907
2024-07-11_10,81,0,76000,0.4026,0.3906574249267578,-0.011942575073242201
2024-07-11_10,82,19000,76000,0.4144,0.4030553698539734,-0.011344630146026602
2024-07-11_10,83,38000,76000,0.2081,0.19620561599731445,-0.011894384002685554
2024-07-11_10,84,57000,76000,0.2943,0.2809843122959137,-0.01331568770408631
2024-07-11_10,85,-19000,95000,0.2821,0.29065167903900146,0.008551679039001447
2024-07-11_10,86,0,95000,0.284,0.2903808355331421,0.006380835533142115
2024-07-11_10,87,19000,95000,0.2821,0.2811088263988495,-0.00099117360115053
2024-07-19_01,0,-19000,-95000,0.3107,0.32759836316108704,0.01689836316108706
2024-07-19_01,1,0,-95000,0.3215,0.3655399680137634,0.04403996801376342
2024-07-19_01,2,19000,-95000,0.3098,0.33144262433052063,0.02164262433052061
2024-07-19_01,3,-57000,-76000,0.3215,0.3428855836391449,0.02138558363914489
2024-07-19_01,4,-38000,-76000,0.2868,0.3102800250053406,0.023480025005340577
2024-07-19_01,5,-19000,-76000,0.2643,0.29708486795425415,0.03278486795425417
2024-07-19_01,6,0,-76000,0.2091,0.22669997811317444,0.01759997811317443
2024-07-19_01,7,19000,-76000,0.2662,0.31205785274505615,0.04585785274505616
2024-07-19_01,8,38000,-76000,0.2878,0.2952825725078583,0.007482572507858276
2024-07-19_01,9,57000,-76000,0.3201,0.3407343924045563,0.02063439240455628
2024-07-19_01,10,-76000,-57000,0.3154,0.31949740648269653,0.0040974064826965195
2024-07-19_01,11,-57000,-57000,0.2676,0.2952122092247009,0.027612209224700923
2024-07-19_01,12,-38000,-57000,0.4119,0.4286981225013733,0.016798122501373303
2024-07-19_01,13,-19000,-57000,0.3858,0.38763755559921265,0.0018375555992126702
2024-07-19_01,14,0,-57000,0.3778,0.378901869058609,0.001101869058608984
2024-07-19_01,15,19000,-57000,0.3883,0.38972729444503784,0.0014272944450378633
2024-07-19_01,16,38000,-57000,0.4157,0.35875099897384644,-0.05694900102615358
2024-07-19_01,17,57000,-57000,0.2737,0.30628666281700134,0.032586662817001344
2024-07-19_01,18,76000,-57000,0.3164,0.34421247243881226,0.02781247243881224
2024-07-19_01,19,-76000,-38000,0.277,0.30700042843818665,0.03000042843818662
2024-07-19_01,20,-57000,-38000,0.4039,0.4007476270198822,-0.003152372980117779
2024-07-19_01,21,-38000,-38000,0.3605,0.36292991042137146,0.002429910421371473
2024-07-19_01,22,-19000,-38000,0.3332,0.3359324336051941,0.0027324336051940956
2024-07-19_01,23,0,-38000,0.3238,0.3257906138896942,0.001990613889694237
2024-07-19_01,24,19000,-38000,0.3363,0.33741384744644165,0.0011138474464416626
2024-07-19_01,25,38000,-38000,0.3662,0.36722347140312195,0.0010234714031219228
2024-07-19_01,26,57000,-38000,0.4113,0.4036044478416443,-0.007695552158355712
2024-07-19_01,27,76000,-38000,0.2835,0.28271162509918213,-0.0007883749008178453
2024-07-19_01,28,-95000,-19000,0.2962,0.3087475597858429,0.012547559785842877
2024-07-19_01,29,-76000,-19000,0.2052,0.2366708219051361,0.031470821905136115
2024-07-19_01,30,-57000,-19000,0.3699,0.3730581998825073,0.0031581998825073176
2024-07-19_01,31,-38000,-19000,0.324,0.3290526270866394,0.005052627086639394
2024-07-19_01,32,-19000,-19000,0.2952,0.2974890172481537,0.0022890172481536686
2024-07-19_01,33,0,-19000,0.285,0.2881738543510437,0.0031738543510437256
2024-07-19_01,34,19000,-19000,0.2991,0.30130425095558167,0.002204250955581688
2024-07-19_01,35,38000,-19000,0.3305,0.3327944278717041,0.0022944278717040856
2024-07-19_01,36,57000,-19000,0.3799,0.37825852632522583,-0.0016414736747741854
2024-07-19_01,37,76000,-19000,0.21,0.23897308111190796,0.028973081111907967
2024-07-19_01,38,95000,-19000,0.3018,0.3367760479450226,0.03497604794502257
2024-07-19_01,39,-95000,0,0.2978,0.31461620330810547,0.01681620330810546
2024-07-19_01,40,-76000,0,0.4117,0.3825189173221588,-0.029181082677841197
2024-07-19_01,41,-57000,0,0.3523,0.3562108278274536,0.003910827827453611
2024-07-19_01,42,-38000,0,0.3067,0.30787941813468933,0.0011794181346893584
2024-07-19_01,43,-19000,0,0.2767,0.2781788110733032,0.0014788110733032211
2024-07-19_01,44,19000,0,0.281,0.285625159740448,0.0046251597404479705
2024-07-19_01,45,38000,0,0.3149,0.316962867975235,0.002062867975234972
2024-07-19_01,46,57000,0,0.3643,0.3631386458873749,-0.0011613541126251348
2024-07-19_01,47,76000,0,0.2064,0.23256760835647583,0.02616760835647583
2024-07-19_01,48,95000,0,0.3028,0.30652523040771484,0.00372523040771483
2024-07-19_01,49,-95000,19000,0.2864,0.3011407256126404,0.014740725612640393
2024-07-19_01,50,-76000,19000,0.4116,0.38940727710723877,-0.022192722892761252
2024-07-19_01,51,-57000,19000,0.3524,0.35413649678230286,0.0017364967823028654
2024-07-19_01,52,-38000,19000,0.3075,0.30770525336265564,0.0002052533626556441
2024-07-19_01,53,-19000,19000,0.2796,0.28160133957862854,0.002001339578628525
2024-07-19_01,54,0,19000,0.2706,0.274579793214798,0.0039797932147979664
2024-07-19_01,55,19000,19000,0.2838,0.28579896688461304,0.0019989668846130404
2024-07-19_01,56,38000,19000,0.3161,0.316766619682312,0.0006666196823120196
2024-07-19_01,57,57000,19000,0.3656,0.36428332328796387,-0.0013166767120361134
2024-07-19_01,58,76000,19000,0.2071,0.2377113699913025,0.030611369991302484
2024-07-19_01,59,95000,19000,0.2929,0.28844115138053894,-0.004458848619461053
2024-07-19_01,60,-76000,38000,0.207,0.2300470769405365,0.02304707694053651
2024-07-19_01,61,-57000,38000,0.3695,0.3698054552078247,0.0003054552078247119
2024-07-19_01,62,-38000,38000,0.3262,0.3271944224834442,0.000994422483444224
2024-07-19_01,63,-19000,38000,0.2999,0.30092087388038635,0.0010208738803863526
2024-07-19_01,64,0,38000,0.2914,0.291714072227478,0.000314072227478035
2024-07-19_01,65,19000,38000,0.3045,0.30409687757492065,-0.0004031224250793386
2024-07-19_01,66,38000,38000,0.3355,0.33540478348731995,-9.521651268007414e-05
2024-07-19_01,67,57000,38000,0.3829,0.3821410536766052,-0.0007589463233947935
2024-07-19_01,68,76000,38000,0.2089,0.24585691094398499,0.03695691094398498
2024-07-19_01,69,-76000,57000,0.284,0.29883596301078796,0.01483596301078799
2024-07-19_01,70,-57000,57000,0.4038,0.40256214141845703,-0.001237858581542961
2024-07-19_01,71,-38000,57000,0.3606,0.3601222336292267,-0.00047776637077329154
2024-07-19_01,72,-19000,57000,0.3352,0.33559438586235046,0.0003943858623504659
2024-07-19_01,73,0,57000,0.3271,0.3269498944282532,-0.00015010557174682804
2024-07-19_01,74,19000,57000,0.3398,0.34014254808425903,0.00034254808425904226
2024-07-19_01,75,38000,57000,0.3692,0.36672279238700867,-0.0024772076129913057
2024-07-19_01,76,57000,57000,0.4157,0.3902217745780945,-0.02547822542190553
2024-07-19_01,77,76000,57000,0.2882,0.31248584389686584,0.024285843896865833
2024-07-19_01,78,-57000,76000,0.2732,0.3055349588394165,0.032334958839416506
2024-07-19_01,79,-38000,76000,0.4115,0.39718106389045715,-0.014318936109542824
2024-07-19_01,80,-19000,76000,0.3862,0.3876083195209503,0.0014083195209503296
2024-07-19_01,81,0,76000,0.3774,0.3773065209388733,-9.347906112672222e-05
2024-07-19_01,82,19000,76000,0.3902,0.3890148997306824,-0.0011851002693176182
2024-07-19_01,83,38000,76000,0.4192,0.33783426880836487,-0.08136573119163515
2024-07-19_01,84,57000,76000,0.277,0.2945462167263031,0.017546216726303077
2024-07-19_01,85,-19000,95000,0.21,0.2912036180496216,0.08120361804962159
2024-07-19_01,86,0,95000,0.2089,0.2973250448703766,0.08842504487037658
2024-07-19_01,87,19000,95000,0.2088,0.2916615903377533,0.08286159033775328
2024-07-19_02,0,-19000,-95000,0.315,0.300869345664978,-0.014130654335021975
2024-07-19_02,1,0,-95000,0.3276,0.33873796463012695,0.01113796463012695
2024-07-19_02,2,19000,-95000,0.314,0.3306748867034912,0.01667488670349121
2024-07-19_02,3,-57000,-76000,0.336,0.32740518450737,-0.008594815492630026
2024-07-19_02,4,-38000,-76000,0.2925,0.2994043827056885,0.006904382705688494
2024-07-19_02,5,-19000,-76000,0.2709,0.2962692081928253,0.025369208192825343
2024-07-19_02,6,0,-76000,0.2617,0.22148586809635162,-0.040214131903648365
2024-07-19_02,7,19000,-76000,0.2718,0.28542643785476685,0.01362643785476686
2024-07-19_02,8,38000,-76000,0.2901,0.2976668179035187,0.007566817903518652
2024-07-19_02,9,57000,-76000,0.3253,0.35064464807510376,0.02534464807510378
2024-07-19_02,10,-76000,-57000,0.3281,0.33285900950431824,0.0047590095043182346
2024-07-19_02,11,-57000,-57000,0.2756,0.31467655301094055,0.03907655301094054
2024-07-19_02,12,-38000,-57000,0.42,0.37990909814834595,-0.04009090185165404
2024-07-19_02,13,-19000,-57000,0.3937,0.38979315757751465,-0.003906842422485346
2024-07-19_02,14,0,-57000,0.3855,0.38165101408958435,-0.0038489859104156587
2024-07-19_02,15,19000,-57000,0.3954,0.3925838768482208,-0.0028161231517791485
2024-07-19_02,16,38000,-57000,0.4215,0.33101168274879456,-0.09048831725120543
2024-07-19_02,17,57000,-57000,0.2765,0.28188106417655945,0.005381064176559425
2024-07-19_02,18,76000,-57000,0.3187,0.3435066342353821,0.024806634235382097
2024-07-19_02,19,-76000,-38000,0.2835,0.30145707726478577,0.017957077264785792
2024-07-19_02,20,-57000,-38000,0.4127,0.38558822870254517,-0.027111771297454845
2024-07-19_02,21,-38000,-38000,0.3699,0.36733385920524597,-0.002566140794754035
2024-07-19_02,22,-19000,-38000,0.3426,0.33888518810272217,-0.0037148118972778477
2024-07-19_02,23,0,-38000,0.3329,0.32768547534942627,-0.005214524650573704
2024-07-19_02,24,19000,-38000,0.3447,0.3404848575592041,-0.004215142440795905
2024-07-19_02,25,38000,-38000,0.3735,0.3684692978858948,-0.005030702114105223
2024-07-19_02,26,57000,-38000,0.4167,0.3913792371749878,-0.025320762825012222
2024-07-19_02,27,76000,-38000,0.285,0.2765452265739441,-0.008454773426055884
2024-07-19_02,28,-95000,-19000,0.3002,0.3023098111152649,0.00210981111526487
2024-07-19_02,29,-76000,-19000,0.2083,0.20798170566558838,-0.000318294334411634
2024-07-19_02,30,-57000,-19000,0.3796,0.374763548374176,-0.004836451625823968
2024-07-19_02,31,-38000,-19000,0.3345,0.3320787250995636,-0.002421274900436421
2024-07-19_02,32,-19000,-19000,0.3059,0.3015768229961395,-0.004323177003860479
2024-07-19_02,33,0,-19000,0.2953,0.29159852862358093,-0.0037014713764190743
2024-07-19_02,34,19000,-19000,0.3087,0.3049300014972687,-0.0037699985027312977
2024-07-19_02,35,38000,-19000,0.3391,0.33366018533706665,-0.005439814662933362
2024-07-19_02,36,57000,-19000,0.3866,0.38023290038108826,-0.006367099618911742
2024-07-19_02,37,76000,-19000,0.2092,0.2101735770702362,0.000973577070236209
2024-07-19_02,38,95000,-19000,0.3051,0.327859491109848,0.02275949110984804
2024-07-19_02,39,-95000,0,0.3063,0.3232448399066925,0.016944839906692488
2024-07-19_02,40,-76000,0,0.4212,0.3486432731151581,-0.07255672688484194
2024-07-19_02,41,-57000,0,0.3625,0.35851427912712097,-0.003985720872879017
2024-07-19_02,42,-38000,0,0.318,0.31330785155296326,-0.004692148447036748
2024-07-19_02,43,-19000,0,0.288,0.28255733847618103,-0.005442661523818948
2024-07-19_02,44,19000,0,0.2915,0.28773966431617737,-0.003760335683822613
2024-07-19_02,45,38000,0,0.3243,0.31886401772499084,-0.0054359822750091324
2024-07-19_02,46,57000,0,0.3716,0.3671131730079651,-0.004486826992034898
2024-07-19_02,47,76000,0,0.2078,0.23231226205825806,0.024512262058258044
2024-07-19_02,48,95000,0,0.3053,0.31416213512420654,0.008862135124206527
2024-07-19_02,49,-95000,19000,0.2939,0.29526978731155396,0.0013697873115539605
2024-07-19_02,50,-76000,19000,0.2051,0.3246520459651947,0.1195520459651947
2024-07-19_02,51,-57000,19000,0.3626,0.35768088698387146,-0.004919113016128518
2024-07-19_02,52,-38000,19000,0.318,0.3128437399864197,-0.005156260013580327
2024-07-19_02,53,-19000,19000,0.2902,0.28660914301872253,-0.0035908569812774793
2024-07-19_02,54,0,19000,0.2813,0.2742888629436493,-0.0070111370563507025
2024-07-19_02,55,19000,19000,0.2935,0.28834664821624756,-0.0051533517837524245
2024-07-19_02,56,38000,19000,0.3247,0.3179992437362671,-0.006700756263732899
2024-07-19_02,57,57000,19000,0.3723,0.3682515323162079,-0.004048467683792134
2024-07-19_02,58,76000,19000,0.2081,0.22403907775878906,0.015939077758789055
2024-07-19_02,59,95000,19000,0.2962,0.29769304394721985,0.0014930439472198298
2024-07-19_02,60,-76000,38000,0.2089,0.2123740166425705,0.0034740166425704933
2024-07-19_02,61,-57000,38000,0.38,0.3767129182815552,-0.0032870817184448287
2024-07-19_02,62,-38000,38000,0.3367,0.33095023036003113,-0.005749769639968871
2024-07-19_02,63,-19000,38000,0.3106,0.3057016432285309,-0.004898356771469103
2024-07-19_02,64,0,38000,0.3017,0.2961331605911255,-0.005566839408874535
2024-07-19_02,65,19000,38000,0.314,0.3114877939224243,-0.002512206077575685
2024-07-19_02,66,38000,38000,0.3433,0.3389587104320526,-0.004341289567947382
2024-07-19_02,67,57000,38000,0.389,0.3840740919113159,-0.0049259080886840945
2024-07-19_02,68,76000,38000,0.2653,0.25471121072769165,-0.01058878927230833
2024-07-19_02,69,-76000,57000,0.2967,0.29583653807640076,-0.0008634619235992624
2024-07-19_02,70,-57000,57000,0.4146,0.4055430293083191,-0.009056970691680932
2024-07-19_02,71,-38000,57000,0.3701,0.36222368478775024,-0.00787631521224974
2024-07-19_02,72,-19000,57000,0.345,0.3385947346687317,-0.006405265331268284
2024-07-19_02,73,0,57000,0.3362,0.3304695785045624,-0.005730421495437621
2024-07-19_02,74,19000,57000,0.3477,0.3448539674282074,-0.0028460325717926116
2024-07-19_02,75,38000,57000,0.3759,0.37201374769210815,-0.0038862523078918576
2024-07-19_02,76,57000,57000,0.4213,0.36407575011253357,-0.05722424988746644
2024-07-19_02,77,76000,57000,0.2925,0.29560035467147827,0.0031003546714782892
2024-07-19_02,78,-57000,76000,0.2845,0.31511417031288147,0.030614170312881495
2024-07-19_02,79,-38000,76000,0.4214,0.3303415775299072,-0.09105842247009277
2024-07-19_02,80,-19000,76000,0.3953,0.389132559299469,-0.006167440700530991
2024-07-19_02,81,0,76000,0.3857,0.3809342384338379,-0.004765761566162097
2024-07-19_02,82,19000,76000,0.3972,0.3924868702888489,-0.0047131297111511206
2024-07-19_02,83,38000,76000,0.2057,0.3014600872993469,0.09576008729934693
2024-07-19_02,84,57000,76000,0.2817,0.2767752707004547,-0.004924729299545294
2024-07-19_02,85,-19000,95000,0.27,0.26327234506607056,-0.006727654933929461
2024-07-19_02,86,0,95000,0.2704,0.2920285165309906,0.021628516530990627
2024-07-19_02,87,19000,95000,0.2704,0.2636586129665375,-0.006741387033462498
2024-07-19_03,0,-19000,-95000,0.3168,0.3161933422088623,-0.0006066577911377213
2024-07-19_03,1,0,-95000,0.3318,0.33335310220718384,0.001553102207183854
2024-07-19_03,2,19000,-95000,0.3168,0.3157467246055603,-0.0010532753944397233
2024-07-19_03,3,-57000,-76000,0.3419,0.343425452709198,0.0015254527091980163
2024-07-19_03,4,-38000,-76000,0.2925,0.291111022233963,-0.0013889777660369695
2024-07-19_03,5,-19000,-76000,0.2728,0.2997410297393799,0.026941029739379896
2024-07-19_03,6,0,-76000,0.2634,0.23899325728416443,-0.024406742715835594
2024-07-19_03,7,19000,-76000,0.2728,0.28184595704078674,0.009045957040786756
2024-07-19_03,8,38000,-76000,0.2906,0.2959056496620178,0.005305649662017797
2024-07-19_03,9,57000,-76000,0.3281,0.3240258991718292,-0.004074100828170779
2024-07-19_03,10,-76000,-57000,0.3346,0.3136560618877411,-0.02094393811225892
2024-07-19_03,11,-57000,-57000,0.2775,0.27624738216400146,-0.0012526178359985596
2024-07-19_03,12,-38000,-57000,0.4205,0.29097187519073486,-0.12952812480926512
2024-07-19_03,13,-19000,-57000,0.3939,0.3952019512653351,0.0013019512653351106
2024-07-19_03,14,0,-57000,0.3855,0.38668403029441833,0.0011840302944183256
2024-07-19_03,15,19000,-57000,0.3955,0.39609643816947937,0.0005964381694793519
2024-07-19_03,16,38000,-57000,0.2041,0.25948676466941833,0.05538676466941833
2024-07-19_03,17,57000,-57000,0.2775,0.2903597354888916,0.012859735488891577
2024-07-19_03,18,76000,-57000,0.3225,0.320643812417984,-0.001856187582016
2024-07-19_03,19,-76000,-38000,0.2859,0.28182050585746765,-0.004079494142532336
2024-07-19_03,20,-57000,-38000,0.4132,0.3101717531681061,-0.10302824683189393
2024-07-19_03,21,-38000,-38000,0.3699,0.36955246329307556,-0.00034753670692444505
2024-07-19_03,22,-19000,-38000,0.342,0.34380292892456055,0.0018029289245605207
2024-07-19_03,23,0,-38000,0.3324,0.33465567231178284,0.0022556723117828636
2024-07-19_03,24,19000,-38000,0.3445,0.346389502286911,0.0018895022869110378
2024-07-19_03,25,38000,-38000,0.3736,0.37428486347198486,0.0006848634719848756
2024-07-19_03,26,57000,-38000,0.4172,0.3102872967720032,-0.10691270322799684
2024-07-19_03,27,76000,-38000,0.2864,0.2804918885231018,-0.005908111476898181
2024-07-19_03,28,-95000,-19000,0.3018,0.30668091773986816,0.004880917739868151
2024-07-19_03,29,-76000,-19000,0.2082,0.2103995680809021,0.0021995680809021034
2024-07-19_03,30,-57000,-19000,0.3798,0.3809892237186432,0.001189223718643162
2024-07-19_03,31,-38000,-19000,0.3342,0.3364730477333069,0.0022730477333068877
2024-07-19_03,32,-19000,-19000,0.305,0.30717140436172485,0.00217140436172486
2024-07-19_03,33,0,-19000,0.2945,0.2975511848926544,0.003051184892654435
2024-07-19_03,34,19000,-19000,0.3081,0.31076154112815857,0.0026615411281585843
2024-07-19_03,35,38000,-19000,0.3388,0.34023892879486084,0.0014389287948608498
2024-07-19_03,36,57000,-19000,0.3866,0.3857589364051819,-0.0008410635948181144
2024-07-19_03,37,76000,-19000,0.2089,0.22456702589988708,0.015667025899887083
2024-07-19_03,38,95000,-19000,0.3072,0.30951958894729614,0.0023195889472961695
2024-07-19_03,39,-95000,0,0.3098,0.3007442057132721,-0.009055794286727925
2024-07-19_03,40,-76000,0,0.2036,0.27171799540519714,0.06811799540519714
2024-07-19_03,41,-57000,0,0.3627,0.36476677656173706,0.002066776561737038
2024-07-19_03,42,-38000,0,0.3173,0.31978926062583923,0.002489260625839207
2024-07-19_03,43,-19000,0,0.2873,0.28976744413375854,0.002467444133758545
2024-07-19_03,44,19000,0,0.2909,0.29343247413635254,0.002532474136352547
2024-07-19_03,45,38000,0,0.3238,0.32698145508766174,0.0031814550876617664
2024-07-19_03,46,57000,0,0.3718,0.37311285734176636,0.001312857341766338
2024-07-19_03,47,76000,0,0.2081,0.19858072698116302,-0.009519273018836982
2024-07-19_03,48,95000,0,0.3079,0.2978336811065674,-0.010066318893432624
2024-07-19_03,49,-95000,19000,0.2948,0.31081119179725647,0.016011191797256463
2024-07-19_03,50,-76000,19000,0.2049,0.26503434777259827,0.06013434777259827
2024-07-19_03,51,-57000,19000,0.3626,0.36411502957344055,0.0015150295734405739
2024-07-19_03,52,-38000,19000,0.3179,0.3199174702167511,0.0020174702167510827
2024-07-19_03,53,-19000,19000,0.2899,0.29145997762680054,0.001559977626800546
2024-07-19_03,54,0,19000,0.2807,0.2837435007095337,0.0030435007095336863
2024-07-19_03,55,19000,19000,0.2934,0.296405166387558,0.0030051663875579893
2024-07-19_03,56,38000,19000,0.3248,0.327319860458374,0.002519860458374046
2024-07-19_03,57,57000,19000,0.3726,0.3749919831752777,0.002391983175277723
2024-07-19_03,58,76000,19000,0.209,0.2041025459766388,-0.004897454023361197
2024-07-19_03,59,95000,19000,0.2985,0.29376399517059326,-0.004736004829406726
2024-07-19_03,60,-76000,38000,0.2089,0.20233789086341858,-0.006562109136581423
2024-07-19_03,61,-57000,38000,0.3801,0.38232114911079407,0.002221149110794074
2024-07-19_03,62,-38000,38000,0.3365,0.33699846267700195,0.0004984626770019318
2024-07-19_03,63,-19000,38000,0.3103,0.31163540482521057,0.001335404825210551
2024-07-19_03,64,0,38000,0.3017,0.3033496141433716,0.0016496141433715583
2024-07-19_03,65,19000,38000,0.3141,0.318467915058136,0.004367915058135996
2024-07-19_03,66,38000,38000,0.3437,0.34655335545539856,0.002853355455398554
2024-07-19_03,67,57000,38000,0.3897,0.3912021815776825,0.0015021815776825043
2024-07-19_03,68,76000,38000,0.2685,0.22844822704792023,-0.04005177295207979
2024-07-19_03,69,-76000,57000,0.2995,0.2931947708129883,-0.006305229187011707
2024-07-19_03,70,-57000,57000,0.4157,0.30409663915634155,-0.11160336084365846
2024-07-19_03,71,-38000,57000,0.3706,0.3712085783481598,0.000608578348159805
2024-07-19_03,72,-19000,57000,0.3453,0.3466360569000244,0.0013360569000244182
2024-07-19_03,73,0,57000,0.3369,0.33929452300071716,0.002394523000717186
2024-07-19_03,74,19000,57000,0.3486,0.3500099182128906,0.001409918212890604
2024-07-19_03,75,38000,57000,0.377,0.37663862109184265,-0.0003613789081573504
2024-07-19_03,76,57000,57000,0.2057,0.2973653972148895,0.09166539721488953
2024-07-19_03,77,76000,57000,0.296,0.30826008319854736,0.012260083198547378
2024-07-19_03,78,-57000,76000,0.2887,0.29659223556518555,0.007892235565185535
2024-07-19_03,79,-38000,76000,0.2057,0.27614328265190125,0.07044328265190125
2024-07-19_03,80,-19000,76000,0.3968,0.3931026756763458,-0.003697324323654161
2024-07-19_03,81,0,76000,0.3873,0.38690218329429626,-0.00039781670570371297
2024-07-19_03,82,19000,76000,0.3993,0.3969601094722748,-0.002339890527725208
2024-07-19_03,83,38000,76000,0.207,0.22494390606880188,0.01794390606880189
2024-07-19_03,84,57000,76000,0.2859,0.27186471223831177,-0.01403528776168822
2024-07-19_03,85,-19000,95000,0.2742,0.2615145742893219,-0.0126854257106781
2024-07-19_03,86,0,95000,0.277,0.23213934898376465,-0.044860651016235376
2024-07-19_03,87,19000,95000,0.2775,0.2529188096523285,-0.024581190347671533
2024-07-19_04,0,-19000,-95000,0.3234,0.3616274893283844,0.03822748932838438
2024-07-19_04,1,0,-95000,0.341,0.38695400953292847,0.04595400953292844
2024-07-19_04,2,19000,-95000,0.3229,0.3918421268463135,0.06894212684631346
2024-07-19_04,3,-57000,-76000,0.35,0.38649073243141174,0.036490732431411765
2024-07-19_04,4,-38000,-76000,0.2964,0.3496564030647278,0.053256403064727786
2024-07-19_04,5,-19000,-76000,0.2779,0.3506684899330139,0.07276848993301394
2024-07-19_04,6,0,-76000,0.2709,0.3046550452709198,0.033755045270919826
2024-07-19_04,7,19000,-76000,0.2779,0.34368011355400085,0.06578011355400087
2024-07-19_04,8,38000,-76000,0.2953,0.3365402817726135,0.04124028177261352
2024-07-19_04,9,57000,-76000,0.3377,0.40698710083961487,0.06928710083961487
2024-07-19_04,10,-76000,-57000,0.3412,0.3831104040145874,0.0419104040145874
2024-07-19_04,11,-57000,-57000,0.2821,0.3466232120990753,0.0645232120990753
2024-07-19_04,12,-38000,-57000,0.2052,0.3956312835216522,0.19043128352165223
2024-07-19_04,13,-19000,-57000,0.4011,0.3960184156894684,-0.005081584310531628
2024-07-19_04,14,0,-57000,0.3925,0.3843226432800293,-0.008177356719970719
2024-07-19_04,15,19000,-57000,0.4025,0.39773938059806824,-0.004760619401931787
2024-07-19_04,16,38000,-57000,0.2075,0.33395838737487793,0.12645838737487794
2024-07-19_04,17,57000,-57000,0.2821,0.34788674116134644,0.06578674116134642
2024-07-19_04,18,76000,-57000,0.3323,0.40815478563308716,0.07585478563308717
2024-07-19_04,19,-76000,-38000,0.2892,0.33400440216064453,0.04480440216064452
2024-07-19_04,20,-57000,-38000,0.4204,0.427495539188385,0.007095539188385014
2024-07-19_04,21,-38000,-38000,0.3773,0.3719911575317383,-0.005308842468261743
2024-07-19_04,22,-19000,-38000,0.3497,0.3438788652420044,-0.005821134757995616
2024-07-19_04,23,0,-38000,0.3401,0.33317670226097107,-0.006923297739028944
2024-07-19_04,24,19000,-38000,0.352,0.3426140546798706,-0.009385945320129374
2024-07-19_04,25,38000,-38000,0.3809,0.3746403157711029,-0.006259684228897111
2024-07-19_04,26,57000,-38000,0.2057,0.3228552043437958,0.11715520434379578
2024-07-19_04,27,76000,-38000,0.2906,0.33840909600257874,0.04780909600257871
2024-07-19_04,28,-95000,-19000,0.3051,0.3274132013320923,0.022313201332092303
2024-07-19_04,29,-76000,-19000,0.2089,0.29807162284851074,0.08917162284851074
2024-07-19_04,30,-57000,-19000,0.3877,0.3767322599887848,-0.010967740011215199
2024-07-19_04,31,-38000,-19000,0.3423,0.3336305320262909,-0.0086694679737091
2024-07-19_04,32,-19000,-19000,0.3134,0.30459707975387573,-0.00880292024612428
2024-07-19_04,33,0,-19000,0.3026,0.2976788282394409,-0.004921171760559062
2024-07-19_04,34,19000,-19000,0.3162,0.30523693561553955,-0.01096306438446043
2024-07-19_04,35,38000,-19000,0.3468,0.3366624414920807,-0.010137558507919309
2024-07-19_04,36,57000,-19000,0.3944,0.3856736719608307,-0.008726328039169284
2024-07-19_04,37,76000,-19000,0.2685,0.3074643015861511,0.03896430158615111
2024-07-19_04,38,95000,-19000,0.3131,0.3694075345993042,0.05630753459930421
2024-07-19_04,39,-95000,0,0.3159,0.34648677706718445,0.030586777067184434
2024-07-19_04,40,-76000,0,0.2071,0.3368050158023834,0.12970501580238342
2024-07-19_04,41,-57000,0,0.3706,0.36176517605781555,-0.008834823942184433
2024-07-19_04,42,-38000,0,0.3258,0.31940120458602905,-0.006398795413970926
2024-07-19_04,43,-19000,0,0.296,0.2859840989112854,-0.010015901088714585
2024-07-19_04,44,19000,0,0.2995,0.28879812359809875,-0.010701876401901234
2024-07-19_04,45,38000,0,0.3324,0.32697930932044983,-0.005420690679550144
2024-07-19_04,46,57000,0,0.3798,0.37124893069267273,-0.008551069307327297
2024-07-19_04,47,76000,0,0.21,0.26321250200271606,0.05321250200271607
2024-07-19_04,48,95000,0,0.3145,0.36267197132110596,0.048171971321105955
2024-07-19_04,49,-95000,19000,0.3,0.3340241312980652,0.0340241312980652
2024-07-19_04,50,-76000,19000,0.208,0.3235827684402466,0.11558276844024659
2024-07-19_04,51,-57000,19000,0.3709,0.3627230226993561,-0.008176977300643928
2024-07-19_04,52,-38000,19000,0.3267,0.3203957676887512,-0.00630423231124877
2024-07-19_04,53,-19000,19000,0.2988,0.29017776250839233,-0.008622237491607676
2024-07-19_04,54,0,19000,0.2899,0.2795526683330536,-0.010347331666946402
2024-07-19_04,55,19000,19000,0.3022,0.2981286942958832,-0.0040713057041168454
2024-07-19_04,56,38000,19000,0.3335,0.3257957696914673,-0.0077042303085327335
2024-07-19_04,57,57000,19000,0.3808,0.3710010051727295,-0.009798994827270535
2024-07-19_04,58,76000,19000,0.2091,0.236670583486557,0.027570583486557
2024-07-19_04,59,95000,19000,0.3035,0.31489646434783936,0.011396464347839363
2024-07-19_04,60,-76000,38000,0.2681,0.24210821092128754,-0.02599178907871247
2024-07-19_04,61,-57000,38000,0.3883,0.3799709975719452,-0.008329002428054788
2024-07-19_04,62,-38000,38000,0.3451,0.33603930473327637,-0.00906069526672365
2024-07-19_04,63,-19000,38000,0.3195,0.3085371255874634,-0.010962874412536627
2024-07-19_04,64,0,38000,0.3108,0.30156463384628296,-0.009235366153717062
2024-07-19_04,65,19000,38000,0.323,0.31775471568107605,-0.0052452843189239595
2024-07-19_04,66,38000,38000,0.3523,0.34869086742401123,-0.0036091325759887716
2024-07-19_04,67,57000,38000,0.3977,0.3868193030357361,-0.010880696964263914
2024-07-19_04,68,76000,38000,0.2756,0.31137263774871826,0.03577263774871825
2024-07-19_04,69,-76000,57000,0.3053,0.33999204635620117,0.034692046356201156
2024-07-19_04,70,-57000,57000,0.205,0.39996781945228577,0.19496781945228578
2024-07-19_04,71,-38000,57000,0.379,0.3617743253707886,-0.01722567462921143
2024-07-19_04,72,-19000,57000,0.3539,0.34755852818489075,-0.006341471815109245
2024-07-19_04,73,0,57000,0.3454,0.3357447385787964,-0.009655261421203598
2024-07-19_04,74,19000,57000,0.357,0.34705644845962524,-0.00994355154037474
2024-07-19_04,75,38000,57000,0.3852,0.38185712695121765,-0.0033428730487823355
2024-07-19_04,76,57000,57000,0.208,0.35510915517807007,0.14710915517807008
2024-07-19_04,77,76000,57000,0.3009,0.3409922420978546,0.04009224209785461
2024-07-19_04,78,-57000,76000,0.2948,0.3750326335430145,0.08023263354301452
2024-07-19_04,79,-38000,76000,0.2085,0.33651459217071533,0.12801459217071534
2024-07-19_04,80,-19000,76000,0.405,0.38973531126976013,-0.015264688730239895
2024-07-19_04,81,0,76000,0.3956,0.3871440291404724,-0.008455970859527595
2024-07-19_04,82,19000,76000,0.4073,0.3957180678844452,-0.011581932115554805
2024-07-19_04,83,38000,76000,0.209,0.31458085775375366,0.10558085775375367
2024-07-19_04,84,57000,76000,0.2976,0.3052946925163269,0.007694692516326929
2024-07-19_04,85,-19000,95000,0.2812,0.32633569836616516,0.045135698366165156
2024-07-19_04,86,0,95000,0.2835,0.33747684955596924,0.053976849555969264
2024-07-19_04,87,19000,95000,0.2821,0.2716199457645416,-0.010480054235458391
2024-07-19_05,0,-19000,-95000,0.3225,0.36237674951553345,0.03987674951553344
2024-07-19_05,1,0,-95000,0.3419,0.3876201808452606,0.04572018084526064
2024-07-19_05,2,19000,-95000,0.3225,0.361656129360199,0.039156129360198966
2024-07-19_05,3,-57000,-76000,0.3484,0.42545604705810547,0.07705604705810548
2024-07-19_05,4,-38000,-76000,0.2967,0.3316861689090729,0.03498616890907286
2024-07-19_05,5,-19000,-76000,0.2784,0.345271497964859,0.06687149796485903
2024-07-19_05,6,0,-76000,0.2704,0.30465254187583923,0.03425254187583926
2024-07-19_05,7,19000,-76000,0.2784,0.331195592880249,0.05279559288024904
2024-07-19_05,8,38000,-76000,0.2957,0.3485119938850403,0.052811993885040265
2024-07-19_05,9,57000,-76000,0.3402,0.374663382768631,0.03446338276863098
2024-07-19_05,10,-76000,-57000,0.341,0.37592965364456177,0.03492965364456174
2024-07-19_05,11,-57000,-57000,0.2821,0.33919763565063477,0.05709763565063475
2024-07-19_05,12,-38000,-57000,0.2061,0.37227314710617065,0.16617314710617065
2024-07-19_05,13,-19000,-57000,0.4014,0.3974246680736542,-0.003975331926345804
2024-07-19_05,14,0,-57000,0.393,0.38910120725631714,-0.0038987927436828773
2024-07-19_05,15,19000,-57000,0.4032,0.39994069933891296,-0.003259300661087039
2024-07-19_05,16,38000,-57000,0.2071,0.3852475881576538,0.1781475881576538
2024-07-19_05,17,57000,-57000,0.2831,0.3377683162689209,0.05466831626892088
2024-07-19_05,18,76000,-57000,0.3342,0.37439385056495667,0.04019385056495667
2024-07-19_05,19,-76000,-38000,0.2896,0.3395777642726898,0.049977764272689795
2024-07-19_05,20,-57000,-38000,0.4208,0.3668297529220581,-0.0539702470779419
2024-07-19_05,21,-38000,-38000,0.3776,0.37261971831321716,-0.004980281686782828
2024-07-19_05,22,-19000,-38000,0.3501,0.3467308580875397,-0.0033691419124603494
2024-07-19_05,23,0,-38000,0.3405,0.3348807990550995,-0.0056192009449005376
2024-07-19_05,24,19000,-38000,0.3528,0.34803321957588196,-0.0047667804241180445
2024-07-19_05,25,38000,-38000,0.3819,0.3767784833908081,-0.005121516609191912
2024-07-19_05,26,57000,-38000,0.2052,0.3966815769672394,0.1914815769672394
2024-07-19_05,27,76000,-38000,0.2915,0.32060500979423523,0.029105009794235248
2024-07-19_05,28,-95000,-19000,0.3056,0.3461898863315582,0.040589886331558245
2024-07-19_05,29,-76000,-19000,0.2082,0.28958848118782043,0.08138848118782044
2024-07-19_05,30,-57000,-19000,0.3881,0.38303303718566895,-0.005066962814331055
2024-07-19_05,31,-38000,-19000,0.3425,0.3376161456108093,-0.0048838543891907005
2024-07-19_05,32,-19000,-19000,0.3137,0.3102837800979614,-0.003416219902038553
2024-07-19_05,33,0,-19000,0.3029,0.29956138134002686,-0.003338618659973147
2024-07-19_05,34,19000,-19000,0.3169,0.31339314579963684,-0.003506854200363174
2024-07-19_05,35,38000,-19000,0.3476,0.3428848683834076,-0.004715131616592427
2024-07-19_05,36,57000,-19000,0.3952,0.3878386914730072,-0.007361308526992794
2024-07-19_05,37,76000,-19000,0.27,0.3087310492992401,0.038731049299240095
2024-07-19_05,38,95000,-19000,0.314,0.3605585992336273,0.04655859923362732
2024-07-19_05,39,-95000,0,0.3164,0.3671044707298279,0.050704470729827866
2024-07-19_05,40,-76000,0,0.2071,0.366624116897583,0.159524116897583
2024-07-19_05,41,-57000,0,0.3713,0.36794817447662354,-0.0033518255233764838
2024-07-19_05,42,-38000,0,0.3263,0.32052081823349,-0.005779181766509989
2024-07-19_05,43,-19000,0,0.2963,0.29201656579971313,-0.004283434200286873
2024-07-19_05,44,19000,0,0.3,0.2972939908504486,-0.0027060091495513805
2024-07-19_05,45,38000,0,0.3331,0.3287753164768219,-0.004324683523178108
2024-07-19_05,46,57000,0,0.3809,0.3748813271522522,-0.006018672847747819
2024-07-19_05,47,76000,0,0.2093,0.2817465662956238,0.07244656629562377
2024-07-19_05,48,95000,0,0.3159,0.35302647948265076,0.03712647948265074
2024-07-19_05,49,-95000,19000,0.2985,0.3396967053413391,0.041196705341339124
2024-07-19_05,50,-76000,19000,0.208,0.3336508572101593,0.1256508572101593
2024-07-19_05,51,-57000,19000,0.3715,0.3671382665634155,-0.0043617334365844695
2024-07-19_05,52,-38000,19000,0.3274,0.3257066607475281,-0.0016933392524719482
2024-07-19_05,53,-19000,19000,0.2995,0.2915039658546448,-0.007996034145355213
2024-07-19_05,54,0,19000,0.2905,0.2854290306568146,-0.005070969343185405
2024-07-19_05,55,19000,19000,0.3031,0.2981361746788025,-0.00496382532119749
2024-07-19_05,56,38000,19000,0.3343,0.33155807852745056,-0.0027419214725494245
2024-07-19_05,57,57000,19000,0.3821,0.3751448690891266,-0.006955130910873408
2024-07-19_05,58,76000,19000,0.21,0.27128738164901733,0.06128738164901734
2024-07-19_05,59,95000,19000,0.3042,0.32267603278160095,0.018476032781600926
2024-07-19_05,60,-76000,38000,0.2676,0.30903351306915283,0.04143351306915283
2024-07-19_05,61,-57000,38000,0.3888,0.3805798590183258,-0.008220140981674173
2024-07-19_05,62,-38000,38000,0.346,0.3390539288520813,-0.006946071147918675
2024-07-19_05,63,-19000,38000,0.32,0.3139456510543823,-0.0060543489456176824
2024-07-19_05,64,0,38000,0.3117,0.3061802387237549,-0.005519761276245094
2024-07-19_05,65,19000,38000,0.324,0.3201145827770233,-0.003885417222976695
2024-07-19_05,66,38000,38000,0.3533,0.3470112085342407,-0.00628879146575928
2024-07-19_05,67,57000,38000,0.399,0.3935823440551758,-0.00541765594482424
2024-07-19_05,68,76000,38000,0.276,0.3050919473171234,0.02909194731712339
2024-07-19_05,69,-76000,57000,0.3042,0.320365846157074,0.01616584615707395
2024-07-19_05,70,-57000,57000,0.2057,0.36918583512306213,0.16348583512306214
2024-07-19_05,71,-38000,57000,0.3796,0.37135329842567444,-0.008246701574325555
2024-07-19_05,72,-19000,57000,0.3547,0.3484613597393036,-0.006238640260696426
2024-07-19_05,73,0,57000,0.3465,0.3403605818748474,-0.006139418125152563
2024-07-19_05,74,19000,57000,0.3583,0.3525497615337372,-0.005750238466262825
2024-07-19_05,75,38000,57000,0.3866,0.3809163570404053,-0.005683642959594726
2024-07-19_05,76,57000,57000,0.2082,0.38634806871414185,0.17814806871414185
2024-07-19_05,77,76000,57000,0.3023,0.3509872257709503,0.048687225770950304
2024-07-19_05,78,-57000,76000,0.2936,0.31800633668899536,0.024406336688995334
2024-07-19_05,79,-38000,76000,0.2078,0.36099132895469666,0.15319132895469664
2024-07-19_05,80,-19000,76000,0.4051,0.39302289485931396,-0.01207710514068605
2024-07-19_05,81,0,76000,0.3962,0.38823041319847107,-0.007969586801528927
2024-07-19_05,82,19000,76000,0.4084,0.3984285891056061,-0.009971410894393906
2024-07-19_05,83,38000,76000,0.2072,0.3207971453666687,0.1135971453666687
2024-07-19_05,84,57000,76000,0.2925,0.315828800201416,0.023328800201416033
2024-07-19_05,85,-19000,95000,0.2793,0.32217085361480713,0.042870853614807136
2024-07-19_05,86,0,95000,0.2831,0.29942071437835693,0.016320714378356915
2024-07-19_05,87,19000,95000,0.2817,0.3152739107608795,0.03357391076087951
2024-07-19_06,0,-19000,-95000,0.3248,0.31290194392204285,-0.011898056077957131
2024-07-19_06,1,0,-95000,0.3446,0.3454941213130951,0.0008941213130950754
2024-07-19_06,2,19000,-95000,0.3243,0.34353703260421753,0.019237032604217552
2024-07-19_06,3,-57000,-76000,0.3495,0.3365776836872101,-0.012922316312789894
2024-07-19_06,4,-38000,-76000,0.2981,0.28974592685699463,-0.008354073143005347
2024-07-19_06,5,-19000,-76000,0.2798,0.27288299798965454,-0.006917002010345452
2024-07-19_06,6,0,-76000,0.2728,0.2634134292602539,-0.00938657073974608
2024-07-19_06,7,19000,-76000,0.2812,0.2632301449775696,-0.017969855022430425
2024-07-19_06,8,38000,-76000,0.2967,0.29776129126548767,0.0010612912654876516
2024-07-19_06,9,57000,-76000,0.341,0.3590538501739502,0.01805385017395017
2024-07-19_06,10,-76000,-57000,0.3421,0.336372047662735,-0.00572795233726503
2024-07-19_06,11,-57000,-57000,0.284,0.29455751180648804,0.010557511806488062
2024-07-19_06,12,-38000,-57000,0.2065,0.2152525782585144,0.008752578258514415
2024-07-19_06,13,-19000,-57000,0.4037,0.40462106466293335,0.0009210646629333463
2024-07-19_06,14,0,-57000,0.3954,0.3949231207370758,-0.00047687926292416805
2024-07-19_06,15,19000,-57000,0.4056,0.40621447563171387,0.0006144756317138511
2024-07-19_06,16,38000,-57000,0.2081,0.2095838487148285,0.001483848714828484
2024-07-19_06,17,57000,-57000,0.2845,0.29595518112182617,0.011455181121826197
2024-07-19_06,18,76000,-57000,0.336,0.3425883948802948,0.006588394880294779
2024-07-19_06,19,-76000,-38000,0.2915,0.2910367548465729,-0.00046324515342710537
2024-07-19_06,20,-57000,-38000,0.2049,0.3796168863773346,0.1747168863773346
2024-07-19_06,21,-38000,-38000,0.3802,0.38072505593299866,0.0005250559329986748
2024-07-19_06,22,-19000,-38000,0.3524,0.3547901213169098,0.002390121316909799
2024-07-19_06,23,0,-38000,0.3429,0.3449321687221527,0.0020321687221527274
2024-07-19_06,24,19000,-38000,0.3551,0.35548368096351624,0.0003836809635162086
2024-07-19_06,25,38000,-38000,0.3843,0.38476383686065674,0.00046383686065676333
2024-07-19_06,26,57000,-38000,0.2071,0.24023889005184174,0.03313889005184173
2024-07-19_06,27,76000,-38000,0.2927,0.28653815388679504,-0.006161846113204972
2024-07-19_06,28,-95000,-19000,0.3065,0.30749496817588806,0.0009949681758880669
2024-07-19_06,29,-76000,-19000,0.2625,0.23289790749549866,-0.029602092504501354
2024-07-19_06,30,-57000,-19000,0.3908,0.39081382751464844,1.3827514648456773e-05
2024-07-19_06,31,-38000,-19000,0.3453,0.34610244631767273,0.0008024463176727337
2024-07-19_06,32,-19000,-19000,0.3162,0.3175298571586609,0.0013298571586609076
2024-07-19_06,33,0,-19000,0.3057,0.30955058336257935,0.0038505833625793184
2024-07-19_06,34,19000,-19000,0.3197,0.3198661804199219,0.0001661804199218908
2024-07-19_06,35,38000,-19000,0.3503,0.35087910294532776,0.0005791029453277585
2024-07-19_06,36,57000,-19000,0.3982,0.3977503478527069,-0.0004496521472930892
2024-07-19_06,37,76000,-19000,0.2728,0.2553502321243286,-0.017449767875671374
2024-07-19_06,38,95000,-19000,0.3168,0.3247454762458801,0.007945476245880101
2024-07-19_06,39,-95000,0,0.3178,0.3403848707675934,0.022584870767593357
2024-07-19_06,40,-76000,0,0.2079,0.22060324251651764,0.012703242516517638
2024-07-19_06,41,-57000,0,0.3741,0.37102803587913513,-0.0030719641208648563
2024-07-19_06,42,-38000,0,0.329,0.32945364713668823,0.00045364713668821777
2024-07-19_06,43,-19000,0,0.2991,0.29882457852363586,-0.00027542147636411274
2024-07-19_06,44,19000,0,0.3033,0.30344873666763306,0.0001487366676330426
2024-07-19_06,45,38000,0,0.3364,0.33509835600852966,-0.0013016439914703137
2024-07-19_06,46,57000,0,0.3841,0.3820798695087433,-0.002020130491256711
2024-07-19_06,47,76000,0,0.21,0.22059619426727295,0.010596194267272957
2024-07-19_06,48,95000,0,0.3187,0.31481295824050903,-0.00388704175949095
2024-07-19_06,49,-95000,19000,0.2995,0.2892996072769165,-0.010200392723083485
2024-07-19_06,50,-76000,19000,0.209,0.1964387148618698,-0.01256128513813018
2024-07-19_06,51,-57000,19000,0.3743,0.373974472284317,-0.000325527715683005
2024-07-19_06,52,-38000,19000,0.3304,0.3297393023967743,-0.000660697603225735
2024-07-19_06,53,-19000,19000,0.3028,0.30183979868888855,-0.0009602013111114638
2024-07-19_06,54,0,19000,0.2938,0.2927282452583313,-0.0010717547416687068
2024-07-19_06,55,19000,19000,0.3065,0.30630794167518616,-0.00019205832481383744
2024-07-19_06,56,38000,19000,0.3379,0.3394422233104706,0.001542223310470603
2024-07-19_06,57,57000,19000,0.3855,0.3857640027999878,0.00026400279998778364
2024-07-19_06,58,76000,19000,0.2089,0.20006681978702545,-0.00883318021297455
2024-07-19_06,59,95000,19000,0.3056,0.287949800491333,-0.017650199508666975
2024-07-19_06,60,-76000,38000,0.2704,0.23856739699840546,-0.03183260300159452
2024-07-19_06,61,-57000,38000,0.392,0.39413222670555115,0.0021322267055511324
2024-07-19_06,62,-38000,38000,0.3495,0.34913942217826843,-0.00036057782173154473
2024-07-19_06,63,-19000,38000,0.3236,0.32649335265159607,0.0028933526515960706
2024-07-19_06,64,0,38000,0.3152,0.3156830966472626,0.00048309664726259305
2024-07-19_06,65,19000,38000,0.3278,0.3279276192188263,0.00012761921882631366
2024-07-19_06,66,38000,38000,0.357,0.3557245135307312,-0.0012754864692687828
2024-07-19_06,67,57000,38000,0.4024,0.40186282992362976,-0.0005371700763702192
2024-07-19_06,68,76000,38000,0.2789,0.2605777382850647,-0.018322261714935284
2024-07-19_06,69,-76000,57000,0.3065,0.30319878458976746,-0.0033012154102325386
2024-07-19_06,70,-57000,57000,0.2071,0.252186119556427,0.045086119556426996
2024-07-19_06,71,-38000,57000,0.3832,0.3793226182460785,-0.003877381753921494
2024-07-19_06,72,-19000,57000,0.3584,0.3562721312046051,-0.002127868795394894
2024-07-19_06,73,0,57000,0.3503,0.352216899394989,0.0019168993949890134
2024-07-19_06,74,19000,57000,0.3621,0.3602513074874878,-0.0018486925125121845
2024-07-19_06,75,38000,57000,0.3901,0.3885940909385681,-0.001505909061431887
2024-07-19_06,76,57000,57000,0.2086,0.22728730738162994,0.018687307381629936
2024-07-19_06,77,76000,57000,0.3037,0.29329603910446167,-0.010403960895538356
2024-07-19_06,78,-57000,76000,0.2953,0.3090270757675171,0.013727075767517083
2024-07-19_06,79,-38000,76000,0.2091,0.20309409499168396,-0.006005905008316048
2024-07-19_06,80,-19000,76000,0.4082,0.4033567011356354,-0.004843298864364631
2024-07-19_06,81,0,76000,0.3996,0.3977966606616974,-0.001803339338302623
2024-07-19_06,82,19000,76000,0.4116,0.40919268131256104,-0.0024073186874389862
2024-07-19_06,83,38000,76000,0.2091,0.23134076595306396,0.022240765953063957
2024-07-19_06,84,57000,76000,0.2943,0.27001431584358215,-0.024285684156417853
2024-07-19_06,85,-19000,95000,0.2812,0.2705458402633667,-0.010654159736633306
2024-07-19_06,86,0,95000,0.285,0.2815607488155365,-0.0034392511844634766
2024-07-19_06,87,19000,95000,0.284,0.2565588653087616,-0.027441134691238378
2024-07-19_07,0,-19000,-95000,0.3281,0.43173035979270935,0.10363035979270935
2024-07-19_07,1,0,-95000,0.3446,0.47993800044059753,0.13533800044059752
2024-07-19_07,2,19000,-95000,0.3229,0.4552861750125885,0.13238617501258848
2024-07-19_07,3,-57000,-76000,0.3501,0.45865803956985474,0.10855803956985471
2024-07-19_07,4,-38000,-76000,0.299,0.41345322132110596,0.11445322132110597
2024-07-19_07,5,-19000,-76000,0.2812,0.35562872886657715,0.07442872886657714
2024-07-19_07,6,0,-76000,0.2742,0.37534916400909424,0.10114916400909424
2024-07-19_07,7,19000,-76000,0.2812,0.3811538815498352,0.0999538815498352
2024-07-19_07,8,38000,-76000,0.2976,0.44434037804603577,0.1467403780460358
2024-07-19_07,9,57000,-76000,0.3427,0.4429791569709778,0.10027915697097778
2024-07-19_07,10,-76000,-57000,0.3434,0.4833875894546509,0.1399875894546509
2024-07-19_07,11,-57000,-57000,0.285,0.3869222104549408,0.10192221045494082
2024-07-19_07,12,-38000,-57000,0.2071,0.35629674792289734,0.14919674792289733
2024-07-19_07,13,-19000,-57000,0.4057,0.40535402297973633,-0.00034597702026367694
2024-07-19_07,14,0,-57000,0.3972,0.400704026222229,0.0035040262222290064
2024-07-19_07,15,19000,-57000,0.4075,0.4109608829021454,0.0034608829021454124
2024-07-19_07,16,38000,-57000,0.2081,0.3221588134765625,0.11405881347656249
2024-07-19_07,17,57000,-57000,0.2854,0.36484068632125854,0.07944068632125856
2024-07-19_07,18,76000,-57000,0.3375,0.5011974573135376,0.16369745731353758
2024-07-19_07,19,-76000,-38000,0.2925,0.42020830512046814,0.12770830512046816
2024-07-19_07,20,-57000,-38000,0.2049,0.3740018308162689,0.16910183081626892
2024-07-19_07,21,-38000,-38000,0.3818,0.38657182455062866,0.004771824550628689
2024-07-19_07,22,-19000,-38000,0.3547,0.3567081093788147,0.002008109378814682
2024-07-19_07,23,0,-38000,0.3454,0.35083603858947754,0.005436038589477554
2024-07-19_07,24,19000,-38000,0.3575,0.36142638325691223,0.003926383256912247
2024-07-19_07,25,38000,-38000,0.3867,0.3924185335636139,0.005718533563613903
2024-07-19_07,26,57000,-38000,0.208,0.3202938735485077,0.1122938735485077
2024-07-19_07,27,76000,-38000,0.2939,0.39794954657554626,0.10404954657554627
2024-07-19_07,28,-95000,-19000,0.307,0.383827269077301,0.07682726907730103
2024-07-19_07,29,-76000,-19000,0.2653,0.3473304808139801,0.08203048081398012
2024-07-19_07,30,-57000,-19000,0.3929,0.39527076482772827,0.0023707648277282445
2024-07-19_07,31,-38000,-19000,0.3476,0.3518427014350891,0.004242701435089091
2024-07-19_07,32,-19000,-19000,0.3187,0.3228563070297241,0.004156307029724138
2024-07-19_07,33,0,-19000,0.3083,0.3139439821243286,0.005643982124328595
2024-07-19_07,34,19000,-19000,0.3224,0.3228974938392639,0.0004974938392638961
2024-07-19_07,35,38000,-19000,0.3531,0.35615086555480957,0.0030508655548095454
2024-07-19_07,36,57000,-19000,0.4006,0.40181225538253784,0.0012122553825378302
2024-07-19_07,37,76000,-19000,0.2742,0.391955703496933,0.11775570349693298
2024-07-19_07,38,95000,-19000,0.3187,0.4521726965904236,0.1334726965904236
2024-07-19_07,39,-95000,0,0.3192,0.4233178198337555,0.10411781983375551
2024-07-19_07,40,-76000,0,0.2078,0.34106361865997314,0.13326361865997313
2024-07-19_07,41,-57000,0,0.3763,0.37902992963790894,0.002729929637908912
2024-07-19_07,42,-38000,0,0.3314,0.3322793245315552,0.0008793245315552034
2024-07-19_07,43,-19000,0,0.3014,0.30595263838768005,0.0045526383876800525
2024-07-19_07,44,19000,0,0.3055,0.3055899143218994,8.991432189942028e-05
2024-07-19_07,45,38000,0,0.3388,0.3400270938873291,0.0012270938873291115
2024-07-19_07,46,57000,0,0.3863,0.3858141303062439,-0.00048586969375608025
2024-07-19_07,47,76000,0,0.21,0.3341088891029358,0.1241088891029358
2024-07-19_07,48,95000,0,0.3196,0.4296390414237976,0.11003904142379761
2024-07-19_07,49,-95000,19000,0.3,0.41015762090682983,0.11015762090682985
2024-07-19_07,50,-76000,19000,0.209,0.27703550457954407,0.06803550457954408
2024-07-19_07,51,-57000,19000,0.3771,0.3780822157859802,0.0009822157859802338
2024-07-19_07,52,-38000,19000,0.3332,0.32902806997299194,-0.004171930027008053
2024-07-19_07,53,-19000,19000,0.3054,0.30780327320098877,0.0024032732009887647
2024-07-19_07,54,0,19000,0.2966,0.2979394793510437,0.0013394793510437264
2024-07-19_07,55,19000,19000,0.3095,0.31019628047943115,0.000696280479431155
2024-07-19_07,56,38000,19000,0.341,0.34386369585990906,0.0028636958599090323
2024-07-19_07,57,57000,19000,0.3884,0.39145663380622864,0.0030566338062286147
2024-07-19_07,58,76000,19000,0.2617,0.39115798473358154,0.12945798473358155
2024-07-19_07,59,95000,19000,0.3063,0.3668351471424103,0.06053514714241026
2024-07-19_07,60,-76000,38000,0.2728,0.3927958011627197,0.11999580116271974
2024-07-19_07,61,-57000,38000,0.3945,0.39673981070518494,0.002239810705184919
2024-07-19_07,62,-38000,38000,0.352,0.3571292757987976,0.005129275798797628
2024-07-19_07,63,-19000,38000,0.3266,0.329128235578537,0.002528235578536986
2024-07-19_07,64,0,38000,0.3182,0.3212178647518158,0.003017864751815813
2024-07-19_07,65,19000,38000,0.3308,0.33252763748168945,0.0017276374816894702
2024-07-19_07,66,38000,38000,0.3601,0.35981857776641846,-0.00028142223358151863
2024-07-19_07,67,57000,38000,0.4054,0.40497881174087524,-0.00042118825912473845
2024-07-19_07,68,76000,38000,0.2803,0.3709474802017212,0.0906474802017212
2024-07-19_07,69,-76000,57000,0.306,0.41497504711151123,0.10897504711151124
2024-07-19_07,70,-57000,57000,0.208,0.328425794839859,0.12042579483985902
2024-07-19_07,71,-38000,57000,0.3857,0.38741689920425415,0.001716899204254163
2024-07-19_07,72,-19000,57000,0.361,0.3588811159133911,-0.0021188840866088743
2024-07-19_07,73,0,57000,0.3533,0.3563256859779358,0.003025685977935788
2024-07-19_07,74,19000,57000,0.3652,0.3634815812110901,-0.0017184187889099367
2024-07-19_07,75,38000,57000,0.3932,0.393876850605011,0.0006768506050109924
2024-07-19_07,76,57000,57000,0.21,0.33573612570762634,0.12573612570762635
2024-07-19_07,77,76000,57000,0.3046,0.41986289620399475,0.11526289620399477
2024-07-19_07,78,-57000,76000,0.2953,0.4223751425743103,0.1270751425743103
2024-07-19_07,79,-38000,76000,0.21,0.3615885376930237,0.1515885376930237
2024-07-19_07,80,-19000,76000,0.411,0.4122966527938843,0.0012966527938843009
2024-07-19_07,81,0,76000,0.4025,0.4027550220489502,0.0002550220489501709
2024-07-19_07,82,19000,76000,0.4145,0.41196760535240173,-0.002532394647598246
2024-07-19_07,83,38000,76000,0.2093,0.3563680648803711,0.14706806488037108
2024-07-19_07,84,57000,76000,0.2948,0.3504627048969269,0.05566270489692687
2024-07-19_07,85,-19000,95000,0.2812,0.39943987131118774,0.11823987131118774
2024-07-19_07,86,0,95000,0.2864,0.4150303304195404,0.12863033041954042
2024-07-19_07,87,19000,95000,0.32983161,0.390100359916687,0.060268749916687014
2024-07-19_08,0,-19000,-95000,0.3335,0.32779043912887573,-0.005709560871124286
2024-07-19_08,1,0,-95000,0.3532,0.33186978101730347,-0.021330218982696547
2024-07-19_08,2,19000,-95000,0.3324,0.32762521505355835,-0.004774784946441624
2024-07-19_08,3,-57000,-76000,0.3565,0.3478890359401703,-0.008610964059829695
2024-07-19_08,4,-38000,-76000,0.3017,0.30335062742233276,0.00165062742233274
2024-07-19_08,5,-19000,-76000,0.2854,0.29999881982803345,0.01459881982803346
2024-07-19_08,6,0,-76000,0.2794,0.2759111523628235,-0.0034888476371764954
2024-07-19_08,7,19000,-76000,0.299,0.2765463590621948,-0.022453640937805164
2024-07-19_08,8,38000,-76000,0.3011,0.29855501651763916,-0.0025449834823608186
2024-07-19_08,9,57000,-76000,0.3494,0.3309290409088135,-0.018470959091186512
2024-07-19_08,10,-76000,-57000,0.351,0.33136963844299316,-0.019630361557006815
2024-07-19_08,11,-57000,-57000,0.2887,0.285033643245697,-0.0036663567543029907
2024-07-19_08,12,-38000,-57000,0.4373,0.20698940753936768,-0.23031059246063235
2024-07-19_08,13,-19000,-57000,0.4115,0.4055865705013275,-0.005913429498672462
2024-07-19_08,14,0,-57000,0.4037,0.39596089720726013,-0.0077391027927398715
2024-07-19_08,15,19000,-57000,0.4318,0.4058379530906677,-0.025962046909332293
2024-07-19_08,16,38000,-57000,0.4448,0.20432338118553162,-0.24047661881446836
2024-07-19_08,17,57000,-57000,0.289,0.28687453269958496,-0.002125467300415018
2024-07-19_08,18,76000,-57000,0.3456,0.33083873987197876,-0.014761260128021259
2024-07-19_08,19,-76000,-38000,0.2958,0.2878298759460449,-0.007970124053955085
2024-07-19_08,20,-57000,-38000,0.4303,0.22762760519981384,-0.20267239480018617
2024-07-19_08,21,-38000,-38000,0.3882,0.38029760122299194,-0.007902398777008046
2024-07-19_08,22,-19000,-38000,0.3609,0.35413655638694763,-0.006763443613052367
2024-07-19_08,23,0,-38000,0.3515,0.34575650095939636,-0.005743499040603617
2024-07-19_08,24,19000,-38000,0.3647,0.35437485575675964,-0.01032514424324038
2024-07-19_08,25,38000,-38000,0.4096,0.38506391644477844,-0.024536083555221577
2024-07-19_08,26,57000,-38000,0.4364,0.21551178395748138,-0.22088821604251863
2024-07-19_08,27,76000,-38000,0.2964,0.2851659655570984,-0.011234034442901608
2024-07-19_08,28,-95000,-19000,0.3117,0.30071091651916504,-0.010989083480834938
2024-07-19_08,29,-76000,-19000,0.4577,0.2314002960920334,-0.2262997039079666
2024-07-19_08,30,-57000,-19000,0.399,0.3921647369861603,-0.006835263013839743
2024-07-19_08,31,-38000,-19000,0.3542,0.3471033573150635,-0.007096642684936538
2024-07-19_08,32,-19000,-19000,0.325,0.317644327878952,-0.007355672121047985
2024-07-19_08,33,0,-19000,0.3139,0.3098050355911255,-0.004094964408874524
2024-07-19_08,34,19000,-19000,0.3282,0.3206716477870941,-0.0075283522129058755
2024-07-19_08,35,38000,-19000,0.3602,0.3512457609176636,-0.008954239082336446
2024-07-19_08,36,57000,-19000,0.4095,0.3974829614162445,-0.012017038583755468
2024-07-19_08,37,76000,-19000,0.2789,0.24426844716072083,-0.034631552839279156
2024-07-19_08,38,95000,-19000,0.3204,0.3050196170806885,-0.015380382919311542
2024-07-19_08,39,-95000,0,0.327,0.31448328495025635,-0.012516715049743665
2024-07-19_08,40,-76000,0,0.4411,0.19256432354450226,-0.24853567645549773
2024-07-19_08,41,-57000,0,0.383,0.37557244300842285,-0.0074275569915771555
2024-07-19_08,42,-38000,0,0.3385,0.3305736780166626,-0.007926321983337425
2024-07-19_08,43,-19000,0,0.3078,0.30178138613700867,-0.006018613862991351
2024-07-19_08,44,19000,0,0.3115,0.30401912331581116,-0.007480876684188842
2024-07-19_08,45,38000,0,0.3455,0.3377958834171295,-0.007704116582870457
2024-07-19_08,46,57000,0,0.3926,0.3821558356285095,-0.010444164371490483
2024-07-19_08,47,76000,0,0.4508,0.21813128888607025,-0.23266871111392973
2024-07-19_08,48,95000,0,0.3259,0.29974818229675293,-0.026151817703247093
2024-07-19_08,49,-95000,19000,0.3038,0.3125872015953064,0.008787201595306382
2024-07-19_08,50,-76000,19000,0.442,0.1871485859155655,-0.2548514140844345
2024-07-19_08,51,-57000,19000,0.3834,0.3753560483455658,-0.008043951654434223
2024-07-19_08,52,-38000,19000,0.3398,0.3319825530052185,-0.007817446994781485
2024-07-19_08,53,-19000,19000,0.3114,0.3042362332344055,-0.0071637667655944925
2024-07-19_08,54,0,19000,0.302,0.29599881172180176,-0.006001188278198233
2024-07-19_08,55,19000,19000,0.315,0.30757439136505127,-0.007425608634948733
2024-07-19_08,56,38000,19000,0.3469,0.33944088220596313,-0.007459117794036851
2024-07-19_08,57,57000,19000,0.3936,0.38597241044044495,-0.007627589559555059
2024-07-19_08,58,76000,19000,0.4524,0.22312235832214355,-0.22927764167785647
2024-07-19_08,59,95000,19000,0.3095,0.3043895661830902,-0.005110433816909787
2024-07-19_08,60,-76000,38000,0.2772,0.24654516577720642,-0.03065483422279358
2024-07-19_08,61,-57000,38000,0.4005,0.39199239015579224,-0.008507609844207786
2024-07-19_08,62,-38000,38000,0.3582,0.34964388608932495,-0.008556113910675067
2024-07-19_08,63,-19000,38000,0.3324,0.3245352506637573,-0.007864749336242649
2024-07-19_08,64,0,38000,0.3235,0.3160783052444458,-0.007421694755554209
2024-07-19_08,65,19000,38000,0.3362,0.3290821611881256,-0.0071178388118743885
2024-07-19_08,66,38000,38000,0.3654,0.3569965362548828,-0.00840346374511719
2024-07-19_08,67,57000,38000,0.4096,0.40113139152526855,-0.008468608474731465
2024-07-19_08,68,76000,38000,0.2835,0.2710868716239929,-0.012413128376007054
2024-07-19_08,69,-76000,57000,0.3108,0.2964411973953247,-0.014358802604675314
2024-07-19_08,70,-57000,57000,0.4348,0.22417867183685303,-0.210621328163147
2024-07-19_08,71,-38000,57000,0.3915,0.381394624710083,-0.010105375289917007
2024-07-19_08,72,-19000,57000,0.3666,0.3590436577796936,-0.007556342220306378
2024-07-19_08,73,0,57000,0.3582,0.34937241673469543,-0.008827583265304584
2024-07-19_08,74,19000,57000,0.3698,0.36236292123794556,-0.007437078762054461
2024-07-19_08,75,38000,57000,0.3977,0.38899970054626465,-0.00870029945373535
2024-07-19_08,76,57000,57000,0.4421,0.20947180688381195,-0.23262819311618804
2024-07-19_08,77,76000,57000,0.3059,0.30381178855895996,-0.0020882114410400443
2024-07-19_08,78,-57000,76000,0.3005,0.29469016194343567,-0.00580983805656432
2024-07-19_08,79,-38000,76000,0.4433,0.19390526413917542,-0.2493947358608246
2024-07-19_08,80,-19000,76000,0.4156,0.4054981768131256,-0.010101823186874415
2024-07-19_08,81,0,76000,0.4063,0.3997049033641815,-0.006595096635818476
2024-07-19_08,82,19000,76000,0.4183,0.40814194083213806,-0.010158059167861944
2024-07-19_08,83,38000,76000,0.4472,0.1924479603767395,-0.2547520396232605
2024-07-19_08,84,57000,76000,0.2987,0.29445523023605347,-0.004244769763946554
2024-07-19_08,85,-19000,95000,0.2854,0.2994561195373535,0.014056119537353529
2024-07-19_08,86,0,95000,0.2903,0.2816849946975708,-0.008615005302429202
2024-07-19_08,87,19000,95000,0.2854,0.2937071919441223,0.008307191944122327
2024-07-19_09,0,-19000,-95000,0.333,0.31301769614219666,-0.019982303857803363
2024-07-19_09,1,0,-95000,0.3549,0.33531302213668823,-0.01958697786331176
2024-07-19_09,2,19000,-95000,0.339,0.3088013231754303,-0.030198676824569726
2024-07-19_09,3,-57000,-76000,0.3565,0.3410433530807495,-0.015456646919250472
2024-07-19_09,4,-38000,-76000,0.3027,0.30102333426475525,-0.0016766657352447756
2024-07-19_09,5,-19000,-76000,0.2865,0.3026387691497803,0.016138769149780297
2024-07-19_09,6,0,-76000,0.2802,0.2149846851825714,-0.0652153148174286
2024-07-19_09,7,19000,-76000,0.2865,0.3088549077510834,0.022354907751083397
2024-07-19_09,8,38000,-76000,0.3017,0.30194005370140076,0.00024005370140073312
2024-07-19_09,9,57000,-76000,0.35,0.3224024772644043,-0.02759752273559568
2024-07-19_09,10,-76000,-57000,0.3521,0.331495076417923,-0.02060492358207705
2024-07-19_09,11,-57000,-57000,0.2892,0.2885143756866455,-0.0006856243133545048
2024-07-19_09,12,-38000,-57000,0.439,0.1693473756313324,-0.2696526243686676
2024-07-19_09,13,-19000,-57000,0.4134,0.3981402814388275,-0.015259718561172475
2024-07-19_09,14,0,-57000,0.4054,0.38968631625175476,-0.015713683748245222
2024-07-19_09,15,19000,-57000,0.415,0.4003413915634155,-0.014658608436584453
2024-07-19_09,16,38000,-57000,0.4411,0.16165383160114288,-0.2794461683988571
2024-07-19_09,17,57000,-57000,0.2898,0.2934923470020294,0.003692347002029417
2024-07-19_09,18,76000,-57000,0.3472,0.3221169710159302,-0.025083028984069833
2024-07-19_09,19,-76000,-38000,0.2964,0.2923460006713867,-0.004053999328613278
2024-07-19_09,20,-57000,-38000,0.4318,0.21294663846492767,-0.21885336153507234
2024-07-19_09,21,-38000,-38000,0.3897,0.3748514652252197,-0.014848534774780264
2024-07-19_09,22,-19000,-38000,0.3631,0.3484712839126587,-0.014628716087341287
2024-07-19_09,23,0,-38000,0.3539,0.33896684646606445,-0.01493315353393554
2024-07-19_09,24,19000,-38000,0.3658,0.35052239894866943,-0.01527760105133058
2024-07-19_09,25,38000,-38000,0.3942,0.3791526257991791,-0.015047374200820918
2024-07-19_09,26,57000,-38000,0.4364,0.16390691697597504,-0.272493083024025
2024-07-19_09,27,76000,-38000,0.2964,0.285937637090683,-0.010462362909317013
2024-07-19_09,28,-95000,-19000,0.3114,0.3079514801502228,-0.003448519849777232
2024-07-19_09,29,-76000,-19000,0.459,0.1674412190914154,-0.2915587809085846
2024-07-19_09,30,-57000,-19000,0.4006,0.3850860893726349,-0.015513910627365124
2024-07-19_09,31,-38000,-19000,0.3557,0.3411531448364258,-0.014546855163574235
2024-07-19_09,32,-19000,-19000,0.3267,0.31194719672203064,-0.01475280327796935
2024-07-19_09,33,0,-19000,0.316,0.3015245795249939,-0.014475420475006107
2024-07-19_09,34,19000,-19000,0.3302,0.31540071964263916,-0.014799280357360833
2024-07-19_09,35,38000,-19000,0.3609,0.3454810380935669,-0.015418961906433104
2024-07-19_09,36,57000,-19000,0.4074,0.39231225848197937,-0.015087741518020614
2024-07-19_09,37,76000,-19000,0.2778,0.2043674886226654,-0.07343251137733459
2024-07-19_09,38,95000,-19000,0.3215,0.3093087375164032,-0.01219126248359681
2024-07-19_09,39,-95000,0,0.3324,0.31662285327911377,-0.015777146720886204
2024-07-19_09,40,-76000,0,0.4422,0.1475657820701599,-0.29463421792984007
2024-07-19_09,41,-57000,0,0.3845,0.3687164783477783,-0.015783521652221688
2024-07-19_09,42,-38000,0,0.3399,0.3244580030441284,-0.015441996955871562
2024-07-19_09,43,-19000,0,0.3089,0.2951333820819855,-0.013766617918014534
2024-07-19_09,44,19000,0,0.3135,0.29854512214660645,-0.014954877853393556
2024-07-19_09,45,38000,0,0.3474,0.33145466446876526,-0.015945335531234728
2024-07-19_09,46,57000,0,0.394,0.37799665331840515,-0.016003346681594866
2024-07-19_09,47,76000,0,0.4519,0.16599750518798828,-0.28590249481201174
2024-07-19_09,48,95000,0,0.3281,0.31568408012390137,-0.012415919876098636
2024-07-19_09,49,-95000,19000,0.3043,0.30710548162460327,0.0028054816246032566
2024-07-19_09,50,-76000,19000,0.4433,0.14880143105983734,-0.2944985689401627
2024-07-19_09,51,-57000,19000,0.3851,0.3689196705818176,-0.01618032941818237
2024-07-19_09,52,-38000,19000,0.3413,0.3257216811180115,-0.015578318881988518
2024-07-19_09,53,-19000,19000,0.313,0.2976996898651123,-0.015300310134887696
2024-07-19_09,54,0,19000,0.3039,0.28905388712882996,-0.014846112871170047
2024-07-19_09,55,19000,19000,0.3169,0.3010389804840088,-0.015861019515991226
2024-07-19_09,56,38000,19000,0.349,0.33213871717453003,-0.016861282825469948
2024-07-19_09,57,57000,19000,0.3955,0.3778161108493805,-0.017683889150619525
2024-07-19_09,58,76000,19000,0.4537,0.16990989446640015,-0.28379010553359985
2024-07-19_09,59,95000,19000,0.3095,0.3069063425064087,-0.002593657493591306
2024-07-19_09,60,-76000,38000,0.2783,0.2075159251689911,-0.0707840748310089
2024-07-19_09,61,-57000,38000,0.402,0.38525646924972534,-0.016743530750274682
2024-07-19_09,62,-38000,38000,0.36,0.34389013051986694,-0.016109869480133043
2024-07-19_09,63,-19000,38000,0.3345,0.31785863637924194,-0.016641363620758076
2024-07-19_09,64,0,38000,0.3258,0.3094104528427124,-0.016389547157287576
2024-07-19_09,65,19000,38000,0.3385,0.3226671814918518,-0.015832818508148216
2024-07-19_09,66,38000,38000,0.3676,0.3501712679862976,-0.017428732013702375
2024-07-19_09,67,57000,38000,0.412,0.3959348499774933,-0.01606515002250669
2024-07-19_09,68,76000,38000,0.2843,0.2315356433391571,-0.05276435666084289
2024-07-19_09,69,-76000,57000,0.3139,0.3129449784755707,-0.0009550215244293336
2024-07-19_09,70,-57000,57000,0.4368,0.1678481251001358,-0.2689518748998642
2024-07-19_09,71,-38000,57000,0.3932,0.3767125904560089,-0.016487409543991083
2024-07-19_09,72,-19000,57000,0.3687,0.3517835736274719,-0.016916426372528104
2024-07-19_09,73,0,57000,0.3608,0.34360378980636597,-0.017196210193634043
2024-07-19_09,74,19000,57000,0.3725,0.3552505075931549,-0.01724949240684509
2024-07-19_09,75,38000,57000,0.4002,0.38288915157318115,-0.017310848426818848
2024-07-19_09,76,57000,57000,0.4442,0.15640926361083984,-0.28779073638916014
2024-07-19_09,77,76000,57000,0.3067,0.30518561601638794,-0.0015143839836120332
2024-07-19_09,78,-57000,76000,0.3024,0.2977263033390045,-0.0046736966609954855
2024-07-19_09,79,-38000,76000,0.4448,0.15572962164878845,-0.2890703783512115
2024-07-19_09,80,-19000,76000,0.4179,0.4022822380065918,-0.015617761993408197
2024-07-19_09,81,0,76000,0.4093,0.3928990960121155,-0.01640090398788452
2024-07-19_09,82,19000,76000,0.4211,0.40405404567718506,-0.017045954322814916
2024-07-19_09,83,38000,76000,0.4499,0.16881538927555084,-0.2810846107244492
2024-07-19_09,84,57000,76000,0.2996,0.2869439721107483,-0.012656027889251686
2024-07-19_09,85,-19000,95000,0.2871,0.29896077513694763,0.01186077513694761
2024-07-19_09,86,0,95000,0.292,0.3059978783130646,0.013997878313064593
2024-07-19_09,87,19000,95000,0.36788276,0.2831074893474579,-0.08477527065254209
2024-07-19_10,0,-19000,-95000,0.3368,0.34734416007995605,0.010544160079956066
2024-07-19_10,1,0,-95000,0.3554,0.36390194296836853,0.008501942968368537
2024-07-19_10,2,19000,-95000,0.3357,0.3371388912200928,0.001438891220092775
2024-07-19_10,3,-57000,-76000,0.3587,0.3728707432746887,0.014170743274688702
2024-07-19_10,4,-38000,-76000,0.3047,0.3138607442378998,0.009160744237899754
2024-07-19_10,5,-19000,-76000,0.2887,0.3157428503036499,0.02704285030364989
2024-07-19_10,6,0,-76000,0.2832,0.30662035942077637,0.02342035942077636
2024-07-19_10,7,19000,-76000,0.2887,0.302490770816803,0.013790770816802966
2024-07-19_10,8,38000,-76000,0.303,0.3156326115131378,0.012632611513137826
2024-07-19_10,9,57000,-76000,0.3521,0.35321250557899475,0.001112505578994727
2024-07-19_10,10,-76000,-57000,0.3565,0.35719162225723267,0.0006916222572326824
2024-07-19_10,11,-57000,-57000,0.292,0.3044337034225464,0.012433703422546405
2024-07-19_10,12,-38000,-57000,0.4433,0.22707349061965942,-0.2162265093803406
2024-07-19_10,13,-19000,-57000,0.4177,0.40910255908966064,-0.008597440910339371
2024-07-19_10,14,0,-57000,0.41,0.402171790599823,-0.007828209400176978
2024-07-19_10,15,19000,-57000,0.4188,0.41036608815193176,-0.008433911848068243
2024-07-19_10,16,38000,-57000,0.4442,0.22739002108573914,-0.21680997891426085
2024-07-19_10,17,57000,-57000,0.2909,0.30399641394615173,0.013096413946151741
2024-07-19_10,18,76000,-57000,0.3478,0.3410140573978424,-0.006785942602157591
2024-07-19_10,19,-76000,-38000,0.2979,0.30901825428009033,0.011118254280090334
2024-07-19_10,20,-57000,-38000,0.436,0.23520527780056,-0.20079472219944
2024-07-19_10,21,-38000,-38000,0.3944,0.38803035020828247,-0.006369649791717502
2024-07-19_10,22,-19000,-38000,0.3674,0.3599357306957245,-0.007464269304275517
2024-07-19_10,23,0,-38000,0.3583,0.35242703557014465,-0.005872964429855354
2024-07-19_10,24,19000,-38000,0.37,0.3630407154560089,-0.006959284543991084
2024-07-19_10,25,38000,-38000,0.3982,0.39130377769470215,-0.00689622230529785
2024-07-19_10,26,57000,-38000,0.44,0.21268951892852783,-0.22731048107147217
2024-07-19_10,27,76000,-38000,0.2984,0.3052794337272644,0.006879433727264406
2024-07-19_10,28,-95000,-19000,0.3122,0.3209867775440216,0.008786777544021629
2024-07-19_10,29,-76000,-19000,0.4616,0.28172916173934937,-0.17987083826065065
2024-07-19_10,30,-57000,-19000,0.4042,0.3975948989391327,-0.006605101060867313
2024-07-19_10,31,-38000,-19000,0.3598,0.3546105623245239,-0.005189437675476083
2024-07-19_10,32,-19000,-19000,0.3311,0.3249214291572571,-0.006178570842742925
2024-07-19_10,33,0,-19000,0.3207,0.3148824870586395,-0.005817512941360459
2024-07-19_10,34,19000,-19000,0.3346,0.3276236653327942,-0.006976334667205819
2024-07-19_10,35,38000,-19000,0.3651,0.35795965790748596,-0.007140342092514018
2024-07-19_10,36,57000,-19000,0.4113,0.4041701853275299,-0.007129814672470092
2024-07-19_10,37,76000,-19000,0.2821,0.2898086905479431,0.007708690547943098
2024-07-19_10,38,95000,-19000,0.3232,0.3275963366031647,0.0043963366031646856
2024-07-19_10,39,-95000,0,0.3335,0.34505560994148254,0.011555609941482525
2024-07-19_10,40,-76000,0,0.4453,0.21946850419044495,-0.22583149580955503
2024-07-19_10,41,-57000,0,0.3882,0.3816230893135071,-0.0065769106864929094
2024-07-19_10,42,-38000,0,0.3439,0.338875412940979,-0.00502458705902098
2024-07-19_10,43,-19000,0,0.3138,0.3083443343639374,-0.005455665636062645
2024-07-19_10,44,19000,0,0.3181,0.3110889196395874,-0.0070110803604125915
2024-07-19_10,45,38000,0,0.3516,0.3445734977722168,-0.007026502227783227
2024-07-19_10,46,57000,0,0.3979,0.39161181449890137,-0.006288185501098609
2024-07-19_10,47,76000,0,0.4558,0.2632940113544464,-0.19250598864555357
2024-07-19_10,48,95000,0,0.3303,0.3377923369407654,0.007492336940765398
2024-07-19_10,49,-95000,19000,0.3051,0.3306477665901184,0.025547766590118426
2024-07-19_10,50,-76000,19000,0.4464,0.2133156806230545,-0.23308431937694551
2024-07-19_10,51,-57000,19000,0.3888,0.38319334387779236,-0.0056066561222076206
2024-07-19_10,52,-38000,19000,0.3455,0.3394162356853485,-0.006083764314651463
2024-07-19_10,53,-19000,19000,0.3176,0.3121015727519989,-0.005498427248001092
2024-07-19_10,54,0,19000,0.3084,0.30315491557121277,-0.005245084428787239
2024-07-19_10,55,19000,19000,0.3213,0.3156448304653168,-0.005655169534683202
2024-07-19_10,56,38000,19000,0.3534,0.34627485275268555,-0.007125147247314445
2024-07-19_10,57,57000,19000,0.3994,0.3929685056209564,-0.006431494379043556
2024-07-19_10,58,76000,19000,0.4576,0.2713557183742523,-0.1862442816257477
2024-07-19_10,59,95000,19000,0.3111,0.33889415860176086,0.027794158601760877
2024-07-19_10,60,-76000,38000,0.2802,0.29273051023483276,0.012530510234832759
2024-07-19_10,61,-57000,38000,0.4059,0.3980993628501892,-0.007800637149810774
2024-07-19_10,62,-38000,38000,0.3642,0.3571864366531372,-0.007013563346862817
2024-07-19_10,63,-19000,38000,0.339,0.33278459310531616,-0.006215406894683861
2024-07-19_10,64,0,38000,0.3304,0.32427093386650085,-0.0061290661334991725
2024-07-19_10,65,19000,38000,0.3429,0.33612245321273804,-0.0067775467872619455
2024-07-19_10,66,38000,38000,0.3718,0.36508944630622864,-0.006710553693771382
2024-07-19_10,67,57000,38000,0.4158,0.4080585241317749,-0.007741475868225101
2024-07-19_10,68,76000,38000,0.2865,0.31124597787857056,0.02474597787857058
2024-07-19_10,69,-76000,57000,0.3149,0.3299643099308014,0.015064309930801378
2024-07-19_10,70,-57000,57000,0.44,0.21000812947750092,-0.2299918705224991
2024-07-19_10,71,-38000,57000,0.3975,0.3897347152233124,-0.007765284776687642
2024-07-19_10,72,-19000,57000,0.3731,0.3658943474292755,-0.0072056525707244745
2024-07-19_10,73,0,57000,0.3649,0.3568587303161621,-0.008041269683837893
2024-07-19_10,74,19000,57000,0.3766,0.3690136671066284,-0.007586332893371572
2024-07-19_10,75,38000,57000,0.4039,0.3966768682003021,-0.007223131799697857
2024-07-19_10,76,57000,57000,0.4477,0.22252386808395386,-0.22517613191604613
2024-07-19_10,77,76000,57000,0.3081,0.3334427773952484,0.025342777395248428
2024-07-19_10,78,-57000,76000,0.303,0.309121310710907,0.006121310710906991
2024-07-19_10,79,-38000,76000,0.4483,0.22633510828018188,-0.2219648917198181
2024-07-19_10,80,-19000,76000,0.4216,0.41070273518562317,-0.010897264814376806
2024-07-19_10,81,0,76000,0.413,0.4070441424846649,-0.005955857515335061
2024-07-19_10,82,19000,76000,0.4247,0.41388583183288574,-0.01081416816711428
2024-07-19_10,83,38000,76000,0.4531,0.22690901160240173,-0.22619098839759827
2024-07-19_10,84,57000,76000,0.3007,0.3147125244140625,0.014012524414062477
2024-07-19_10,85,-19000,95000,0.2887,0.307803750038147,0.01910375003814696
2024-07-19_10,86,0,95000,0.292,0.3049083948135376,0.012908394813537616
2024-07-19_10,87,19000,95000,0.2882,0.31693390011787415,0.028733900117874134
2024-08-01_01,0,-19000,-95000,0.3182,0.3091799020767212,-0.009020097923278791
2024-08-01_01,1,0,-95000,0.333,0.33160966634750366,-0.001390333652496356
2024-08-01_01,2,19000,-95000,0.3171,0.31351250410079956,-0.0035874958992004324
2024-08-01_01,3,-57000,-76000,0.3324,0.32954198122024536,-0.002858018779754612
2024-08-01_01,4,-38000,-76000,0.2909,0.2893604338169098,-0.0015395661830902019
2024-08-01_01,5,-19000,-76000,0.4587,0.3037736713886261,-0.1549263286113739
2024-08-01_01,6,0,-76000,0.451,0.30274683237075806,-0.14825316762924196
2024-08-01_01,7,19000,-76000,0.4599,0.2909456789493561,-0.1689543210506439
2024-08-01_01,8,38000,-76000,0.2909,0.2863897979259491,-0.004510202074050895
2024-08-01_01,9,57000,-76000,0.3248,0.3146449327468872,-0.01015506725311277
2024-08-01_01,10,-76000,-57000,0.3237,0.3148347735404968,-0.008865226459503162
2024-08-01_01,11,-57000,-57000,0.4619,0.2762391269207001,-0.1856608730792999
2024-08-01_01,12,-38000,-57000,0.4189,0.4357401728630066,0.016840172863006597
2024-08-01_01,13,-19000,-57000,0.3935,0.38833263516426086,-0.005167364835739152
2024-08-01_01,14,0,-57000,0.386,0.38122275471687317,-0.004777245283126841
2024-08-01_01,15,19000,-57000,0.3959,0.3915897309780121,-0.004310269021987889
2024-08-01_01,16,38000,-57000,0.4202,0.39137783646583557,-0.028822163534164447
2024-08-01_01,17,57000,-57000,0.4625,0.29670238494873047,-0.16579761505126955
2024-08-01_01,18,76000,-57000,0.3215,0.3215837776660919,8.377766609191095e-05
2024-08-01_01,19,-76000,-38000,0.2821,0.2836989164352417,0.0015989164352416818
2024-08-01_01,20,-57000,-38000,0.4101,0.41586118936538696,0.005761189365386943
2024-08-01_01,21,-38000,-38000,0.3684,0.3641393780708313,-0.004260621929168706
2024-08-01_01,22,-19000,-38000,0.341,0.33684471249580383,-0.004155287504196192
2024-08-01_01,23,0,-38000,0.3317,0.32704976201057434,-0.004650237989425654
2024-08-01_01,24,19000,-38000,0.3437,0.3406906723976135,-0.00300932760238648
2024-08-01_01,25,38000,-38000,0.3722,0.36873358488082886,-0.003466415119171118
2024-08-01_01,26,57000,-38000,0.4158,0.42582815885543823,0.01002815885543823
2024-08-01_01,27,76000,-38000,0.2854,0.2802293300628662,-0.005170669937133776
2024-08-01_01,28,-95000,-19000,0.2995,0.2975637912750244,-0.0019362087249755744
2024-08-01_01,29,-76000,-19000,0.4341,0.2639259397983551,-0.17017406020164488
2024-08-01_01,30,-57000,-19000,0.3761,0.3736690282821655,-0.0024309717178344625
2024-08-01_01,31,-38000,-19000,0.3314,0.32840409874916077,-0.0029959012508392058
2024-08-01_01,32,-19000,-19000,0.3025,0.2996281087398529,-0.002871891260147086
2024-08-01_01,33,0,-19000,0.2922,0.28922826051712036,-0.002971739482879654
2024-08-01_01,34,19000,-19000,0.3061,0.30316680669784546,-0.0029331933021545242
2024-08-01_01,35,38000,-19000,0.3371,0.33344805240631104,-0.0036519475936889756
2024-08-01_01,36,57000,-19000,0.3853,0.3810616433620453,-0.004238356637954688
2024-08-01_01,37,76000,-19000,0.4457,0.2666662633419037,-0.1790337366580963
2024-08-01_01,38,95000,-19000,0.3073,0.29405227303504944,-0.013247726964950579
2024-08-01_01,39,-95000,0,0.3037,0.30227169394493103,-0.0014283060550689952
2024-08-01_01,40,-76000,0,0.4168,0.42730164527893066,0.01050164527893066
2024-08-01_01,41,-57000,0,0.3585,0.35620054602622986,-0.002299453973770127
2024-08-01_01,42,-38000,0,0.3135,0.31227973103523254,-0.001220268964767457
2024-08-01_01,43,-19000,0,0.2838,0.28197094798088074,-0.0018290520191192594
2024-08-01_01,44,19000,0,0.2886,0.28520604968070984,-0.0033939503192901843
2024-08-01_01,45,38000,0,0.3225,0.3198971152305603,-0.002602884769439706
2024-08-01_01,46,57000,0,0.3708,0.3663470149040222,-0.004452985095977802
2024-08-01_01,47,76000,0,0.431,0.2757803499698639,-0.1552196500301361
2024-08-01_01,48,95000,0,0.31,0.3051653206348419,-0.004834679365158079
2024-08-01_01,49,-95000,19000,0.2906,0.2846057415008545,-0.005994258499145533
2024-08-01_01,50,-76000,19000,0.4163,0.42459598183631897,0.008295981836318966
2024-08-01_01,51,-57000,19000,0.358,0.3558216392993927,-0.0021783607006072847
2024-08-01_01,52,-38000,19000,0.3139,0.31235283613204956,-0.0015471638679504518
2024-08-01_01,53,-19000,19000,0.2864,0.2834388315677643,-0.0029611684322357057
2024-08-01_01,54,0,19000,0.2778,0.27486056089401245,-0.00293943910598754
2024-08-01_01,55,19000,19000,0.2912,0.2881837487220764,-0.0030162512779235984
2024-08-01_01,56,38000,19000,0.3234,0.31820106506347656,-0.005198934936523458
2024-08-01_01,57,57000,19000,0.372,0.36829736828804016,-0.003702631711959836
2024-08-01_01,58,76000,19000,0.4326,0.27361878752708435,-0.15898121247291563
2024-08-01_01,59,95000,19000,0.2984,0.2921353280544281,-0.006264671945571898
2024-08-01_01,60,-76000,38000,0.4348,0.2739071846008301,-0.16089281539916994
2024-08-01_01,61,-57000,38000,0.3743,0.37227365374565125,-0.0020263462543487765
2024-08-01_01,62,-38000,38000,0.3322,0.32959964871406555,-0.0026003512859344435
2024-08-01_01,63,-19000,38000,0.3067,0.30294352769851685,-0.003756472301483127
2024-08-01_01,64,0,38000,0.2986,0.29459595680236816,-0.0040040431976318125
2024-08-01_01,65,19000,38000,0.3119,0.30763301253318787,-0.004266987466812144
2024-08-01_01,66,38000,38000,0.3423,0.3372690975666046,-0.005030902433395379
2024-08-01_01,67,57000,38000,0.3886,0.38458964228630066,-0.004010357713699342
2024-08-01_01,68,76000,38000,0.4517,0.2900901138782501,-0.16160988612174987
2024-08-01_01,69,-76000,57000,0.2917,0.2908821105957031,-0.0008178894042968898
2024-08-01_01,70,-57000,57000,0.408,0.4218303859233856,0.013830385923385646
2024-08-01_01,71,-38000,57000,0.365,0.3627552390098572,-0.0022447609901428134
2024-08-01_01,72,-19000,57000,0.341,0.33758944272994995,-0.003410557270050074
2024-08-01_01,73,0,57000,0.3333,0.32924357056617737,-0.004056429433822617
2024-08-01_01,74,19000,57000,0.3461,0.34087666869163513,-0.005223331308364887
2024-08-01_01,75,38000,57000,0.375,0.37021875381469727,-0.004781246185302734
2024-08-01_01,76,57000,57000,0.421,0.43729156255722046,0.016291562557220474
2024-08-01_01,77,76000,57000,0.2947,0.2885795533657074,-0.00612044663429262
2024-08-01_01,78,-57000,76000,0.281,0.28120753169059753,0.00020753169059750665
2024-08-01_01,79,-38000,76000,0.4155,0.4367562234401703,0.021256223440170308
2024-08-01_01,80,-19000,76000,0.39,0.3879659175872803,-0.00203408241271974
2024-08-01_01,81,0,76000,0.382,0.3786638379096985,-0.00333616209030152
2024-08-01_01,82,19000,76000,0.395,0.390571266412735,-0.004428733587265032
2024-08-01_01,83,38000,76000,0.4249,0.34456539154052734,-0.08033460845947266
2024-08-01_01,84,57000,76000,0.286,0.2822396159172058,-0.003760384082794166
2024-08-01_01,85,-19000,95000,0.4526,0.288051962852478,-0.16454803714752197
2024-08-01_01,86,0,95000,0.4545,0.28253182768821716,-0.17196817231178285
2024-08-01_01,87,19000,95000,0.4521,0.2889469265937805,-0.16315307340621948
2024-08-01_02,0,-19000,-95000,0.3149,0.3532048761844635,0.03830487618446349
2024-08-01_02,1,0,-95000,0.3308,0.34953072667121887,0.01873072667121889
2024-08-01_02,2,19000,-95000,0.3149,0.3486669659614563,0.033766965961456286
2024-08-01_02,3,-57000,-76000,0.333,0.35052934288978577,0.01752934288978575
2024-08-01_02,4,-38000,-76000,0.2909,0.3215479254722595,0.03064792547225953
2024-08-01_02,5,-19000,-76000,0.4558,0.2981497645378113,-0.1576502354621887
2024-08-01_02,6,0,-76000,0.4473,0.30486243963241577,-0.1424375603675842
2024-08-01_02,7,19000,-76000,0.4565,0.3104209899902344,-0.14607901000976564
2024-08-01_02,8,38000,-76000,0.2895,0.3127523958683014,0.023252395868301412
2024-08-01_02,9,57000,-76000,0.3204,0.34922128915786743,0.028821289157867414
2024-08-01_02,10,-76000,-57000,0.3248,0.3555470407009125,0.030747040700912498
2024-08-01_02,11,-57000,-57000,0.4601,0.30809420347213745,-0.15200579652786256
2024-08-01_02,12,-38000,-57000,0.4154,0.42842212319374084,0.013022123193740853
2024-08-01_02,13,-19000,-57000,0.3901,0.391025573015213,0.0009255730152130104
2024-08-01_02,14,0,-57000,0.3817,0.38499125838279724,0.0032912583827972575
2024-08-01_02,15,19000,-57000,0.3923,0.3933924734592438,0.0010924734592437924
2024-08-01_02,16,38000,-57000,0.4165,0.3968234658241272,-0.019676534175872784
2024-08-01_02,17,57000,-57000,0.4578,0.32230040431022644,-0.13549959568977354
2024-08-01_02,18,76000,-57000,0.316,0.3461592197418213,0.030159219741821286
2024-08-01_02,19,-76000,-38000,0.281,0.2982221841812134,0.01722218418121335
2024-08-01_02,20,-57000,-38000,0.4071,0.41789039969444275,0.010790399694442732
2024-08-01_02,21,-38000,-38000,0.3651,0.369581401348114,0.004481401348114034
2024-08-01_02,22,-19000,-38000,0.3372,0.34235337376594543,0.005153373765945435
2024-08-01_02,23,0,-38000,0.3276,0.3302416503429413,0.002641650342941282
2024-08-01_02,24,19000,-38000,0.34,0.34374234080314636,0.003742340803146338
2024-08-01_02,25,38000,-38000,0.3686,0.3735697865486145,0.004969786548614519
2024-08-01_02,26,57000,-38000,0.4115,0.4340443015098572,0.0225443015098572
2024-08-01_02,27,76000,-38000,0.2813,0.3157820999622345,0.0344820999622345
2024-08-01_02,28,-95000,-19000,0.2979,0.32381951808929443,0.025919518089294435
2024-08-01_02,29,-76000,-19000,0.4328,0.2836674451828003,-0.14913255481719973
2024-08-01_02,30,-57000,-19000,0.3737,0.3782525658607483,0.004552565860748314
2024-08-01_02,31,-38000,-19000,0.3284,0.3328087031841278,0.004408703184127782
2024-08-01_02,32,-19000,-19000,0.2996,0.3043115735054016,0.004711573505401634
2024-08-01_02,33,0,-19000,0.289,0.2917225658893585,0.0027225658893585414
2024-08-01_02,34,19000,-19000,0.3027,0.30687183141708374,0.004171831417083716
2024-08-01_02,35,38000,-19000,0.3334,0.3376593291759491,0.0042593291759491225
2024-08-01_02,36,57000,-19000,0.3811,0.38435429334640503,0.003254293346405035
2024-08-01_02,37,76000,-19000,0.44,0.2998112738132477,-0.14018872618675232
2024-08-01_02,38,95000,-19000,0.3038,0.3332114815711975,0.029411481571197495
2024-08-01_02,39,-95000,0,0.3054,0.3175313472747803,0.012131347274780269
2024-08-01_02,40,-76000,0,0.4155,0.4231153726577759,0.0076153726577758984
2024-08-01_02,41,-57000,0,0.3566,0.36035028100013733,0.0037502810001373565
2024-08-01_02,42,-38000,0,0.3113,0.31588590145111084,0.004585901451110819
2024-08-01_02,43,-19000,0,0.2811,0.2833748459815979,0.002274845981597884
2024-08-01_02,44,19000,0,0.2849,0.29012176394462585,0.005221763944625868
2024-08-01_02,45,38000,0,0.3184,0.3225346505641937,0.004134650564193709
2024-08-01_02,46,57000,0,0.3664,0.37151873111724854,0.005118731117248532
2024-08-01_02,47,76000,0,0.4251,0.27029144763946533,-0.15480855236053465
2024-08-01_02,48,95000,0,0.3039,0.3267240822315216,0.022824082231521603
2024-08-01_02,49,-95000,19000,0.2895,0.3171635866165161,0.027663586616516134
2024-08-01_02,50,-76000,19000,0.4154,0.4050023853778839,-0.01039761462211608
2024-08-01_02,51,-57000,19000,0.3561,0.36112481355667114,0.005024813556671115
2024-08-01_02,52,-38000,19000,0.3118,0.315572589635849,0.0037725896358489774
2024-08-01_02,53,-19000,19000,0.2838,0.28627869486808777,0.002478694868087772
2024-08-01_02,54,0,19000,0.2746,0.2794448137283325,0.004844813728332509
2024-08-01_02,55,19000,19000,0.2874,0.2906726896762848,0.0032726896762848012
2024-08-01_02,56,38000,19000,0.3191,0.3238885700702667,0.004788570070266729
2024-08-01_02,57,57000,19000,0.3672,0.3706095218658447,0.0034095218658447
2024-08-01_02,58,76000,19000,0.4264,0.2922852039337158,-0.13411479606628418
2024-08-01_02,59,95000,19000,0.2944,0.312429815530777,0.018029815530776983
2024-08-01_02,60,-76000,38000,0.435,0.2550807297229767,-0.1799192702770233
2024-08-01_02,61,-57000,38000,0.3724,0.374755859375,0.002355859374999991
2024-08-01_02,62,-38000,38000,0.3298,0.33322975039482117,0.003429750394821185
2024-08-01_02,63,-19000,38000,0.3039,0.3075177073478699,0.0036177073478698696
2024-08-01_02,64,0,38000,0.2954,0.3006144165992737,0.005214416599273686
2024-08-01_02,65,19000,38000,0.308,0.3120748996734619,0.004074899673461918
2024-08-01_02,66,38000,38000,0.3378,0.34204375743865967,0.004243757438659679
2024-08-01_02,67,57000,38000,0.3833,0.38761627674102783,0.004316276741027858
2024-08-01_02,68,76000,38000,0.4442,0.31780320405960083,-0.12639679594039915
2024-08-01_02,69,-76000,57000,0.2942,0.3100883364677429,0.015888336467742903
2024-08-01_02,70,-57000,57000,0.4068,0.4227253198623657,0.015925319862365728
2024-08-01_02,71,-38000,57000,0.3629,0.3658888638019562,0.0029888638019561764
2024-08-01_02,72,-19000,57000,0.338,0.343248188495636,0.005248188495635964
2024-08-01_02,73,0,57000,0.3299,0.335419625043869,0.005519625043868992
2024-08-01_02,74,19000,57000,0.3417,0.3468283712863922,0.005128371286392208
2024-08-01_02,75,38000,57000,0.3705,0.3742455840110779,0.003745584011077885
2024-08-01_02,76,57000,57000,0.4151,0.43304410576820374,0.01794410576820371
2024-08-01_02,77,76000,57000,0.2892,0.3034781515598297,0.0142781515598297
2024-08-01_02,78,-57000,76000,0.2821,0.29853639006614685,0.016436390066146833
2024-08-01_02,79,-38000,76000,0.4135,0.41377681493759155,0.00027681493759157405
2024-08-01_02,80,-19000,76000,0.3869,0.38821330666542053,0.0013133066654205106
2024-08-01_02,81,0,76000,0.3783,0.3833056390285492,0.005005639028549169
2024-08-01_02,82,19000,76000,0.3906,0.39144274592399597,0.0008427459239959689
2024-08-01_02,83,38000,76000,0.419,0.3254341185092926,-0.09356588149070738
2024-08-01_02,84,57000,76000,0.2794,0.3101803958415985,0.03078039584159853
2024-08-01_02,85,-19000,95000,0.4468,0.2896510064601898,-0.15714899353981016
2024-08-01_02,86,0,95000,0.4489,0.2968292236328125,-0.15207077636718752
2024-08-01_02,87,19000,95000,0.4454,0.3228863477706909,-0.1225136522293091
2024-08-01_03,0,-19000,-95000,0.316,0.315990149974823,-9.850025177005062e-06
2024-08-01_03,1,0,-95000,0.3324,0.33191627264022827,-0.0004837273597717018
2024-08-01_03,2,19000,-95000,0.3193,0.30764681100845337,-0.011653188991546604
2024-08-01_03,3,-57000,-76000,0.3363,0.3401602506637573,0.0038602506637573364
2024-08-01_03,4,-38000,-76000,0.2912,0.2974635660648346,0.00626356606483458
2024-08-01_03,5,-19000,-76000,0.4563,0.32627061009407043,-0.13002938990592955
2024-08-01_03,6,0,-76000,0.4477,0.3172247111797333,-0.1304752888202667
2024-08-01_03,7,19000,-76000,0.4573,0.32482239603996277,-0.13247760396003722
2024-08-01_03,8,38000,-76000,0.2903,0.2883898615837097,-0.0019101384162902857
2024-08-01_03,9,57000,-76000,0.3232,0.3256356120109558,0.0024356120109558232
2024-08-01_03,10,-76000,-57000,0.3259,0.3269631266593933,0.0010631266593932875
2024-08-01_03,11,-57000,-57000,0.4615,0.3176632523536682,-0.1438367476463318
2024-08-01_03,12,-38000,-57000,0.4176,0.3036592900753021,-0.1139407099246979
2024-08-01_03,13,-19000,-57000,0.3917,0.3986314535140991,0.0069314535140991285
2024-08-01_03,14,0,-57000,0.3837,0.39383402466773987,0.010134024667739883
2024-08-01_03,15,19000,-57000,0.3936,0.4005270004272461,0.006927000427246088
2024-08-01_03,16,38000,-57000,0.4191,0.3011237382888794,-0.11797626171112058
2024-08-01_03,17,57000,-57000,0.461,0.3253667950630188,-0.13563320493698122
2024-08-01_03,18,76000,-57000,0.3193,0.3142915666103363,-0.005008433389663669
2024-08-01_03,19,-76000,-38000,0.2824,0.2791496813297272,-0.0032503186702728115
2024-08-01_03,20,-57000,-38000,0.4098,0.3271051049232483,-0.0826948950767517
2024-08-01_03,21,-38000,-38000,0.3674,0.3786550760269165,0.0112550760269165
2024-08-01_03,22,-19000,-38000,0.3404,0.3530644178390503,0.012664417839050313
2024-08-01_03,23,0,-38000,0.3307,0.3417595624923706,0.011059562492370612
2024-08-01_03,24,19000,-38000,0.343,0.35413041710853577,0.01113041710853574
2024-08-01_03,25,38000,-38000,0.3717,0.38333064317703247,0.011630643177032496
2024-08-01_03,26,57000,-38000,0.4142,0.31883704662323,-0.09536295337677003
2024-08-01_03,27,76000,-38000,0.2832,0.2734682559967041,-0.009731744003295906
2024-08-01_03,28,-95000,-19000,0.2993,0.29852795600891113,-0.0007720439910888777
2024-08-01_03,29,-76000,-19000,0.4357,0.34982094168663025,-0.08587905831336973
2024-08-01_03,30,-57000,-19000,0.3772,0.3877817392349243,0.010581739234924337
2024-08-01_03,31,-38000,-19000,0.3322,0.3422091603279114,0.010009160327911382
2024-08-01_03,32,-19000,-19000,0.3033,0.31517574191093445,0.011875741910934434
2024-08-01_03,33,0,-19000,0.2928,0.30400171875953674,0.011201718759536738
2024-08-01_03,34,19000,-19000,0.3066,0.3183980882167816,0.011798088216781633
2024-08-01_03,35,38000,-19000,0.3371,0.3484650254249573,0.011365025424957265
2024-08-01_03,36,57000,-19000,0.3843,0.395340234041214,0.011040234041214014
2024-08-01_03,37,76000,-19000,0.443,0.33274292945861816,-0.11025707054138184
2024-08-01_03,38,95000,-19000,0.3053,0.305323988199234,2.398819923399298e-05
2024-08-01_03,39,-95000,0,0.307,0.31514784693717957,0.00814784693717957
2024-08-01_03,40,-76000,0,0.4184,0.32435929775238037,-0.09404070224761962
2024-08-01_03,41,-57000,0,0.3602,0.3707646429538727,0.01056464295387266
2024-08-01_03,42,-38000,0,0.3153,0.3270248770713806,0.01172487707138059
2024-08-01_03,43,-19000,0,0.2854,0.29617854952812195,0.010778549528121961
2024-08-01_03,44,19000,0,0.2893,0.3018357753753662,0.01253577537536621
2024-08-01_03,45,38000,0,0.3225,0.33432623744010925,0.011826237440109244
2024-08-01_03,46,57000,0,0.37,0.38052886724472046,0.010528867244720463
2024-08-01_03,47,76000,0,0.4285,0.2924302816390991,-0.13606971836090087
2024-08-01_03,48,95000,0,0.3065,0.2847312092781067,-0.021768790721893305
2024-08-01_03,49,-95000,19000,0.2914,0.26945582032203674,-0.02194417967796325
2024-08-01_03,50,-76000,19000,0.4184,0.32263365387916565,-0.09576634612083434
2024-08-01_03,51,-57000,19000,0.3599,0.3721867799758911,0.012286779975891116
2024-08-01_03,52,-38000,19000,0.3158,0.32681548595428467,0.011015485954284643
2024-08-01_03,53,-19000,19000,0.2879,0.2999180257320404,0.012018025732040416
2024-08-01_03,54,0,19000,0.2792,0.29129886627197266,0.012098866271972653
2024-08-01_03,55,19000,19000,0.2918,0.30380451679229736,0.01200451679229736
2024-08-01_03,56,38000,19000,0.3233,0.3351977467536926,0.01189774675369265
2024-08-01_03,57,57000,19000,0.371,0.38225650787353516,0.01125650787353516
2024-08-01_03,58,76000,19000,0.4294,0.3223719298839569,-0.1070280701160431
2024-08-01_03,59,95000,19000,0.2969,0.27663230895996094,-0.02026769104003906
2024-08-01_03,60,-76000,38000,0.4381,0.3085019588470459,-0.1295980411529541
2024-08-01_03,61,-57000,38000,0.3761,0.38699209690093994,0.010892096900939952
2024-08-01_03,62,-38000,38000,0.334,0.34544312953948975,0.011443129539489727
2024-08-01_03,63,-19000,38000,0.308,0.3193976581096649,0.011397658109664921
2024-08-01_03,64,0,38000,0.2995,0.31261059641838074,0.013110596418380749
2024-08-01_03,65,19000,38000,0.3122,0.32443463802337646,0.012234638023376487
2024-08-01_03,66,38000,38000,0.3421,0.35390928387641907,0.011809283876419052
2024-08-01_03,67,57000,38000,0.3873,0.3976334035396576,0.010333403539657615
2024-08-01_03,68,76000,38000,0.448,0.3391411006450653,-0.1088588993549347
2024-08-01_03,69,-76000,57000,0.2966,0.27922385931015015,-0.01737614068984983
2024-08-01_03,70,-57000,57000,0.4106,0.3203606605529785,-0.0902393394470215
2024-08-01_03,71,-38000,57000,0.3672,0.37814122438430786,0.010941224384307835
2024-08-01_03,72,-19000,57000,0.3422,0.35385459661483765,0.011654596614837642
2024-08-01_03,73,0,57000,0.3338,0.34683501720428467,0.013035017204284682
2024-08-01_03,74,19000,57000,0.3461,0.3574952185153961,0.0113952185153961
2024-08-01_03,75,38000,57000,0.3744,0.38639962673187256,0.011999626731872548
2024-08-01_03,76,57000,57000,0.4191,0.3195459246635437,-0.09955407533645627
2024-08-01_03,77,76000,57000,0.2923,0.29691988229751587,0.004619882297515865
2024-08-01_03,78,-57000,76000,0.2854,0.28718453645706177,0.0017845364570617805
2024-08-01_03,79,-38000,76000,0.4177,0.330508828163147,-0.08719117183685304
2024-08-01_03,80,-19000,76000,0.3913,0.3960028886795044,0.004702888679504413
2024-08-01_03,81,0,76000,0.3822,0.3940690755844116,0.011869075584411637
2024-08-01_03,82,19000,76000,0.3944,0.4013293385505676,0.006929338550567654
2024-08-01_03,83,38000,76000,0.4228,0.30843889713287354,-0.11436110286712647
2024-08-01_03,84,57000,76000,0.2832,0.2886185050010681,0.005418505001068108
2024-08-01_03,85,-19000,95000,0.4517,0.33425697684288025,-0.11744302315711974
2024-08-01_03,86,0,95000,0.4547,0.3182457983493805,-0.1364542016506195
2024-08-01_03,87,19000,95000,0.4492,0.32345879077911377,-0.12574120922088622
2024-08-01_04,0,-19000,-95000,0.3199,0.3224821984767914,0.002582198476791364
2024-08-01_04,1,0,-95000,0.3385,0.34033599495887756,0.0018359949588775404
2024-08-01_04,2,19000,-95000,0.3204,0.3161813020706177,-0.004218697929382342
2024-08-01_04,3,-57000,-76000,0.3396,0.34398090839385986,0.00438090839385985
2024-08-01_04,4,-38000,-76000,0.2947,0.29630208015441895,0.0016020801544189278
2024-08-01_04,5,-19000,-76000,0.4627,0.3168753981590271,-0.1458246018409729
2024-08-01_04,6,0,-76000,0.4541,0.33020439743995667,-0.12389560256004334
2024-08-01_04,7,19000,-76000,0.2769,0.3217506408691406,0.044850640869140646
2024-08-01_04,8,38000,-76000,0.2942,0.2955947816371918,0.0013947816371917554
2024-08-01_04,9,57000,-76000,0.327,0.33500373363494873,0.008003733634948718
2024-08-01_04,10,-76000,-57000,0.3286,0.33544445037841797,0.0068444503784179656
2024-08-01_04,11,-57000,-57000,0.2789,0.31342414021492004,0.03452414021492006
2024-08-01_04,12,-38000,-57000,0.4238,0.23249250650405884,-0.19130749349594117
2024-08-01_04,13,-19000,-57000,0.3975,0.40677782893180847,0.009277828931808452
2024-08-01_04,14,0,-57000,0.3891,0.39849773049354553,0.00939773049354553
2024-08-01_04,15,19000,-57000,0.3992,0.4081985056400299,0.008998505640029908
2024-08-01_04,16,38000,-57000,0.4244,0.23585188388824463,-0.18854811611175537
2024-08-01_04,17,57000,-57000,0.2778,0.3097698986530304,0.031969898653030404
2024-08-01_04,18,76000,-57000,0.3226,0.32619497179985046,0.003594971799850466
2024-08-01_04,19,-76000,-38000,0.2854,0.2870279848575592,0.001627984857559217
2024-08-01_04,20,-57000,-38000,0.4151,0.25179323554039,-0.16330676445961
2024-08-01_04,21,-38000,-38000,0.3733,0.3830089867115021,0.009708986711502055
2024-08-01_04,22,-19000,-38000,0.3461,0.35687974095344543,0.010779740953445416
2024-08-01_04,23,0,-38000,0.3366,0.34684932231903076,0.010249322319030751
2024-08-01_04,24,19000,-38000,0.3487,0.35896891355514526,0.010268913555145254
2024-08-01_04,25,38000,-38000,0.3768,0.38747864961624146,0.010678649616241431
2024-08-01_04,26,57000,-38000,0.4188,0.24850207567214966,-0.17029792432785035
2024-08-01_04,27,76000,-38000,0.2868,0.2855347692966461,-0.0012652307033538812
2024-08-01_04,28,-95000,-19000,0.3016,0.30520135164260864,0.0036013516426086634
2024-08-01_04,29,-76000,-19000,0.4408,0.29554617404937744,-0.14525382595062258
2024-08-01_04,30,-57000,-19000,0.3826,0.3921431303024292,0.009543130302429204
2024-08-01_04,31,-38000,-19000,0.338,0.34752896428108215,0.00952896428108213
2024-08-01_04,32,-19000,-19000,0.3093,0.32025977969169617,0.010959779691696148
2024-08-01_04,33,0,-19000,0.2987,0.30928587913513184,0.010585879135131815
2024-08-01_04,34,19000,-19000,0.3122,0.3232429027557373,0.011042902755737327
2024-08-01_04,35,38000,-19000,0.3425,0.35378777980804443,0.011287779808044407
2024-08-01_04,36,57000,-19000,0.3893,0.40026140213012695,0.010961402130126974
2024-08-01_04,37,76000,-19000,0.4476,0.3215954899787903,-0.12600451002120971
2024-08-01_04,38,95000,-19000,0.3073,0.31099557876586914,0.003695578765869123
2024-08-01_04,39,-95000,0,0.31,0.31540098786354065,0.005400987863540652
2024-08-01_04,40,-76000,0,0.4238,0.24365034699440002,-0.18014965300559999
2024-08-01_04,41,-57000,0,0.3659,0.376123309135437,0.010223309135437009
2024-08-01_04,42,-38000,0,0.3217,0.33293259143829346,0.011232591438293471
2024-08-01_04,43,-19000,0,0.2917,0.30218827724456787,0.010488277244567856
2024-08-01_04,44,19000,0,0.295,0.30666324496269226,0.011663244962692276
2024-08-01_04,45,38000,0,0.3278,0.3402210772037506,0.01242107720375063
2024-08-01_04,46,57000,0,0.3748,0.3859221339225769,0.011122133922576882
2024-08-01_04,47,76000,0,0.433,0.25890105962753296,-0.17409894037246704
2024-08-01_04,48,95000,0,0.3084,0.30339887738227844,-0.005001122617721565
2024-08-01_04,49,-95000,19000,0.2939,0.28876298666000366,-0.0051370133399963325
2024-08-01_04,50,-76000,19000,0.424,0.2415076494216919,-0.1824923505783081
2024-08-01_04,51,-57000,19000,0.3659,0.3773975074291229,0.011497507429122922
2024-08-01_04,52,-38000,19000,0.3221,0.33354508876800537,0.011445088768005374
2024-08-01_04,53,-19000,19000,0.2941,0.3059956431388855,0.011895643138885525
2024-08-01_04,54,0,19000,0.2852,0.2972289025783539,0.012028902578353873
2024-08-01_04,55,19000,19000,0.2974,0.3096886873245239,0.012288687324523928
2024-08-01_04,56,38000,19000,0.3286,0.34130194783210754,0.01270194783210754
2024-08-01_04,57,57000,19000,0.3754,0.38682904839515686,0.011429048395156849
2024-08-01_04,58,76000,19000,0.4338,0.2712615430355072,-0.16253845696449282
2024-08-01_04,59,95000,19000,0.2981,0.2951167821884155,-0.0029832178115844488
2024-08-01_04,60,-76000,38000,0.4441,0.31718572974205017,-0.12691427025794982
2024-08-01_04,61,-57000,38000,0.382,0.3937000334262848,0.011700033426284784
2024-08-01_04,62,-38000,38000,0.34,0.35155045986175537,0.011550459861755347
2024-08-01_04,63,-19000,38000,0.3142,0.32678836584091187,0.012588365840911886
2024-08-01_04,64,0,38000,0.3056,0.3177065849304199,0.012106584930419939
2024-08-01_04,65,19000,38000,0.3178,0.3304978311061859,0.012697831106185886
2024-08-01_04,66,38000,38000,0.347,0.3595246970653534,0.012524697065353418
2024-08-01_04,67,57000,38000,0.3916,0.4036570191383362,0.012057019138336178
2024-08-01_04,68,76000,38000,0.4524,0.3347597122192383,-0.11764028778076174
2024-08-01_04,69,-76000,57000,0.2997,0.2938650846481323,-0.005834915351867698
2024-08-01_04,70,-57000,57000,0.4159,0.25114166736602783,-0.16475833263397216
2024-08-01_04,71,-38000,57000,0.3725,0.38396933674812317,0.011469336748123171
2024-08-01_04,72,-19000,57000,0.348,0.3599543571472168,0.01195435714721682
2024-08-01_04,73,0,57000,0.3396,0.3519110679626465,0.012311067962646471
2024-08-01_04,74,19000,57000,0.3515,0.36316800117492676,0.011668001174926779
2024-08-01_04,75,38000,57000,0.379,0.39102423191070557,0.012024231910705563
2024-08-01_04,76,57000,57000,0.4232,0.2472473531961441,-0.17595264680385592
2024-08-01_04,77,76000,57000,0.2953,0.30015236139297485,0.004852361392974847
2024-08-01_04,78,-57000,76000,0.2882,0.2924491763114929,0.004249176311492908
2024-08-01_04,79,-38000,76000,0.4231,0.24751147627830505,-0.17558852372169492
2024-08-01_04,80,-19000,76000,0.3962,0.4061557352542877,0.009955735254287723
2024-08-01_04,81,0,76000,0.3873,0.39987480640411377,0.012574806404113792
2024-08-01_04,82,19000,76000,0.3995,0.41053709387779236,0.011037093877792337
2024-08-01_04,83,38000,76000,0.4279,0.2408306896686554,-0.1870693103313446
2024-08-01_04,84,57000,76000,0.2865,0.29438266158103943,0.007882661581039452
2024-08-01_04,85,-19000,95000,0.4566,0.3275511860847473,-0.1290488139152527
2024-08-01_04,86,0,95000,0.4604,0.3204960227012634,-0.13990397729873655
2024-08-01_04,87,19000,95000,0.4548,0.32156437635421753,-0.13323562364578245
2024-08-01_05,0,-19000,-95000,0.3226,0.314066082239151,-0.008533917760848997
2024-08-01_05,1,0,-95000,0.3417,0.33311381936073303,-0.008586180639266972
2024-08-01_05,2,19000,-95000,0.3237,0.3170514702796936,-0.006648529720306384
2024-08-01_05,3,-57000,-76000,0.3423,0.344064861536026,0.0017648615360260078
2024-08-01_05,4,-38000,-76000,0.2969,0.294555127620697,-0.0023448723793029758
2024-08-01_05,5,-19000,-76000,0.2799,0.28763270378112793,0.0077327037811279475
2024-08-01_05,6,0,-76000,0.4588,0.2743009626865387,-0.1844990373134613
2024-08-01_05,7,19000,-76000,0.2805,0.2834632396697998,0.0029632396697997776
2024-08-01_05,8,38000,-76000,0.2966,0.29611653089523315,-0.0004834691047668205
2024-08-01_05,9,57000,-76000,0.3308,0.3263585567474365,-0.0044414432525634595
2024-08-01_05,10,-76000,-57000,0.333,0.3294850289821625,-0.0035149710178375426
2024-08-01_05,11,-57000,-57000,0.2808,0.2776716947555542,-0.003128305244445795
2024-08-01_05,12,-38000,-57000,0.4287,0.20060452818870544,-0.22809547181129458
2024-08-01_05,13,-19000,-57000,0.4025,0.40572160482406616,0.0032216048240661377
2024-08-01_05,14,0,-57000,0.3942,0.39722681045532227,0.0030268104553222708
2024-08-01_05,15,19000,-57000,0.4044,0.4072527587413788,0.0028527587413788025
2024-08-01_05,16,38000,-57000,0.4293,0.19817215204238892,-0.2311278479576111
2024-08-01_05,17,57000,-57000,0.2821,0.2824888229370117,0.00038882293701170134
2024-08-01_05,18,76000,-57000,0.3259,0.32467958331108093,-0.0012204166889190904
2024-08-01_05,19,-76000,-38000,0.2879,0.286599725484848,-0.0013002745151519668
2024-08-01_05,20,-57000,-38000,0.4194,0.23237615823745728,-0.18702384176254272
2024-08-01_05,21,-38000,-38000,0.3787,0.38171112537384033,0.003011125373840351
2024-08-01_05,22,-19000,-38000,0.3516,0.35488587617874146,0.0032858761787414315
2024-08-01_05,23,0,-38000,0.3421,0.34597471356391907,0.003874713563919052
2024-08-01_05,24,19000,-38000,0.3541,0.35728952288627625,0.0031895228862762193
2024-08-01_05,25,38000,-38000,0.3817,0.3864695727825165,0.004769572782516496
2024-08-01_05,26,57000,-38000,0.4231,0.20196399092674255,-0.22113600907325742
2024-08-01_05,27,76000,-38000,0.2898,0.2887905538082123,-0.0010094461917877218
2024-08-01_05,28,-95000,-19000,0.303,0.2984143793582916,-0.004585620641708366
2024-08-01_05,29,-76000,-19000,0.445,0.23295317590236664,-0.21204682409763337
2024-08-01_05,30,-57000,-19000,0.3873,0.39162081480026245,0.0043208148002624736
2024-08-01_05,31,-38000,-19000,0.3433,0.3469927906990051,0.003692790699005133
2024-08-01_05,32,-19000,-19000,0.315,0.31915926933288574,0.00415926933288574
2024-08-01_05,33,0,-19000,0.3043,0.30877697467803955,0.004476974678039536
2024-08-01_05,34,19000,-19000,0.3179,0.3222188353538513,0.0043188353538513025
2024-08-01_05,35,38000,-19000,0.3478,0.35258376598358154,0.004783765983581545
2024-08-01_05,36,57000,-19000,0.3943,0.3991624116897583,0.004862411689758317
2024-08-01_05,37,76000,-19000,0.4523,0.2661854028701782,-0.18611459712982176
2024-08-01_05,38,95000,-19000,0.3084,0.3102244734764099,0.0018244734764099046
2024-08-01_05,39,-95000,0,0.3122,0.3124167025089264,0.00021670250892641407
2024-08-01_05,40,-76000,0,0.4281,0.20487035810947418,-0.2232296418905258
2024-08-01_05,41,-57000,0,0.3709,0.3755839467048645,0.0046839467048644945
2024-08-01_05,42,-38000,0,0.3268,0.3317032754421234,0.004903275442123434
2024-08-01_05,43,-19000,0,0.2971,0.30160707235336304,0.004507072353363062
2024-08-01_05,44,19000,0,0.3007,0.3055860698223114,0.0048860698223113785
2024-08-01_05,45,38000,0,0.3335,0.33886751532554626,0.005367515325546246
2024-08-01_05,46,57000,0,0.3802,0.38550320267677307,0.005303202676773089
2024-08-01_05,47,76000,0,0.4379,0.21206814050674438,-0.22583185949325563
2024-08-01_05,48,95000,0,0.3111,0.3089710474014282,-0.002128952598571765
2024-08-01_05,49,-95000,19000,0.2958,0.29799753427505493,0.0021975342750549243
2024-08-01_05,50,-76000,19000,0.4284,0.20145371556282043,-0.22694628443717957
2024-08-01_05,51,-57000,19000,0.3708,0.3756622076034546,0.004862207603454571
2024-08-01_05,52,-38000,19000,0.3275,0.33246883749961853,0.004968837499618517
2024-08-01_05,53,-19000,19000,0.2997,0.3051255941390991,0.005425594139099099
2024-08-01_05,54,0,19000,0.2908,0.2963624596595764,0.005562459659576413
2024-08-01_05,55,19000,19000,0.3034,0.30914369225502014,0.005743692255020139
2024-08-01_05,56,38000,19000,0.3342,0.3397477865219116,0.005547786521911624
2024-08-01_05,57,57000,19000,0.3808,0.3856658339500427,0.004865833950042697
2024-08-01_05,58,76000,19000,0.4387,0.22312867641448975,-0.21557132358551023
2024-08-01_05,59,95000,19000,0.3007,0.3004908561706543,-0.00020914382934572595
2024-08-01_05,60,-76000,38000,0.4489,0.2533988654613495,-0.19550113453865053
2024-08-01_05,61,-57000,38000,0.3873,0.3922772705554962,0.004977270555496238
2024-08-01_05,62,-38000,38000,0.3456,0.35079240798950195,0.005192407989501935
2024-08-01_05,63,-19000,38000,0.32,0.32550156116485596,0.00550156116485595
2024-08-01_05,64,0,38000,0.3113,0.31693321466445923,0.005633214664459207
2024-08-01_05,65,19000,38000,0.324,0.32977965474128723,0.005779654741287221
2024-08-01_05,66,38000,38000,0.3588,0.35812199115753174,-0.0006780088424682695
2024-08-01_05,67,57000,38000,0.3967,0.40282806754112244,0.0061280675411224395
2024-08-01_05,68,76000,38000,0.457,0.26849859952926636,-0.18850140047073366
2024-08-01_05,69,-76000,57000,0.3017,0.30428874492645264,0.002588744926452613
2024-08-01_05,70,-57000,57000,0.4209,0.20380008220672607,-0.21709991779327392
2024-08-01_05,71,-38000,57000,0.3781,0.3840269148349762,0.005926914834976205
2024-08-01_05,72,-19000,57000,0.3535,0.3595370948314667,0.006037094831466694
2024-08-01_05,73,0,57000,0.3454,0.3512178063392639,0.005817806339263931
2024-08-01_05,74,19000,57000,0.3571,0.3630479574203491,0.005947957420349148
2024-08-01_05,75,38000,57000,0.3871,0.3907579481601715,0.003657948160171509
2024-08-01_05,76,57000,57000,0.4299,0.20053008198738098,-0.22936991801261902
2024-08-01_05,77,76000,57000,0.2961,0.3011464476585388,0.005046447658538844
2024-08-01_05,78,-57000,76000,0.2912,0.29168397188186646,0.0004839718818664407
2024-08-01_05,79,-38000,76000,0.4277,0.19634345173835754,-0.23135654826164248
2024-08-01_05,80,-19000,76000,0.4016,0.4079166054725647,0.006316605472564685
2024-08-01_05,81,0,76000,0.3929,0.3987678289413452,0.005867828941345188
2024-08-01_05,82,19000,76000,0.4048,0.4106408357620239,0.005840835762023933
2024-08-01_05,83,38000,76000,0.4323,0.1972338855266571,-0.2350661144733429
2024-08-01_05,84,57000,76000,0.2903,0.28910842537879944,-0.001191574621200564
2024-08-01_05,85,-19000,95000,0.4606,0.28476768732070923,-0.17583231267929078
2024-08-01_05,86,0,95000,0.2799,0.28937408328056335,0.009474083280563372
2024-08-01_05,87,19000,95000,0.4593,0.28296124935150146,-0.17633875064849852
2024-08-01_06,0,-19000,-95000,0.3259,0.3111500144004822,-0.014749985599517845
2024-08-01_06,1,0,-95000,0.3467,0.35285812616348267,0.006158126163482658
2024-08-01_06,2,19000,-95000,0.3264,0.31629565358161926,-0.01010434641838076
2024-08-01_06,3,-57000,-76000,0.3434,0.3466600775718689,0.0032600775718689134
2024-08-01_06,4,-38000,-76000,0.2974,0.289848268032074,-0.007551731967926023
2024-08-01_06,5,-19000,-76000,0.281,0.2872283458709717,0.006228345870971652
2024-08-01_06,6,0,-76000,0.4606,0.2697838842868805,-0.19081611571311952
2024-08-01_06,7,19000,-76000,0.2821,0.29201215505599976,0.009912155055999738
2024-08-01_06,8,38000,-76000,0.2981,0.2915175259113312,-0.006582474088668799
2024-08-01_06,9,57000,-76000,0.3379,0.32680544257164,-0.011094557428359964
2024-08-01_06,10,-76000,-57000,0.3346,0.346365749835968,0.011765749835968009
2024-08-01_06,11,-57000,-57000,0.2827,0.29031985998153687,0.007619859981536858
2024-08-01_06,12,-38000,-57000,0.4305,0.2744355797767639,-0.15606442022323608
2024-08-01_06,13,-19000,-57000,0.406,0.4064582884311676,0.000458288431167575
2024-08-01_06,14,0,-57000,0.3985,0.39676371216773987,-0.0017362878322601527
2024-08-01_06,15,19000,-57000,0.4085,0.4045622646808624,-0.0039377353191375475
2024-08-01_06,16,38000,-57000,0.434,0.2774313986301422,-0.15656860136985778
2024-08-01_06,17,57000,-57000,0.2843,0.289661705493927,0.005361705493927005
2024-08-01_06,18,76000,-57000,0.3303,0.3234741985797882,-0.0068258014202117745
2024-08-01_06,19,-76000,-38000,0.2901,0.2846323251724243,-0.005467674827575708
2024-08-01_06,20,-57000,-38000,0.4233,0.27669334411621094,-0.14660665588378907
2024-08-01_06,21,-38000,-38000,0.3826,0.3823317289352417,-0.00026827106475829643
2024-08-01_06,22,-19000,-38000,0.3564,0.35508614778518677,-0.001313852214813227
2024-08-01_06,23,0,-38000,0.3475,0.34627774357795715,-0.0012222564220428223
2024-08-01_06,24,19000,-38000,0.3599,0.35747799277305603,-0.0024220072269439674
2024-08-01_06,25,38000,-38000,0.3878,0.3866094648838043,-0.0011905351161956568
2024-08-01_06,26,57000,-38000,0.4288,0.264573872089386,-0.16422612791061403
2024-08-01_06,27,76000,-38000,0.2923,0.29627782106399536,0.003977821063995357
2024-08-01_06,28,-95000,-19000,0.3051,0.3122757375240326,0.0071757375240326104
2024-08-01_06,29,-76000,-19000,0.4494,0.2673616111278534,-0.18203838887214663
2024-08-01_06,30,-57000,-19000,0.3925,0.390969455242157,-0.0015305447578430331
2024-08-01_06,31,-38000,-19000,0.3486,0.3478028178215027,-0.0007971821784973354
2024-08-01_06,32,-19000,-19000,0.3206,0.3180883824825287,-0.0025116175174713096
2024-08-01_06,33,0,-19000,0.3102,0.3077285885810852,-0.0024714114189147707
2024-08-01_06,34,19000,-19000,0.3243,0.3213886022567749,-0.002911397743225075
2024-08-01_06,35,38000,-19000,0.3544,0.35385575890541077,-0.0005442410945892262
2024-08-01_06,36,57000,-19000,0.4002,0.3988185524940491,-0.001381447505950928
2024-08-01_06,37,76000,-19000,0.4576,0.285539448261261,-0.17206055173873902
2024-08-01_06,38,95000,-19000,0.3128,0.31765273213386536,0.004852732133865334
2024-08-01_06,39,-95000,0,0.3155,0.32433605194091797,0.008836051940917966
2024-08-01_06,40,-76000,0,0.4331,0.2849352955818176,-0.14816470441818236
2024-08-01_06,41,-57000,0,0.3766,0.3749706447124481,-0.0016293552875518702
2024-08-01_06,42,-38000,0,0.3328,0.33140844106674194,-0.0013915589332580414
2024-08-01_06,43,-19000,0,0.3033,0.3023052215576172,-0.0009947784423828265
2024-08-01_06,44,19000,0,0.3074,0.30490830540657043,-0.002491694593429572
2024-08-01_06,45,38000,0,0.3402,0.3377438485622406,-0.002456151437759402
2024-08-01_06,46,57000,0,0.3861,0.3846262991428375,-0.0014737008571624743
2024-08-01_06,47,76000,0,0.4432,0.25423604249954224,-0.18896395750045775
2024-08-01_06,48,95000,0,0.3155,0.31399306654930115,-0.0015069334506988552
2024-08-01_06,49,-95000,19000,0.2979,0.29430171847343445,-0.00359828152656555
2024-08-01_06,50,-76000,19000,0.4334,0.27457913756370544,-0.15882086243629456
2024-08-01_06,51,-57000,19000,0.3765,0.37604212760925293,-0.00045787239074707164
2024-08-01_06,52,-38000,19000,0.3335,0.3310225307941437,-0.002477469205856342
2024-08-01_06,53,-19000,19000,0.3061,0.3034495711326599,-0.002650428867340071
2024-08-01_06,54,0,19000,0.297,0.29503655433654785,-0.0019634456634521347
2024-08-01_06,55,19000,19000,0.3099,0.3089815080165863,-0.0009184919834137051
2024-08-01_06,56,38000,19000,0.341,0.3388330042362213,-0.002166995763778712
2024-08-01_06,57,57000,19000,0.387,0.38591355085372925,-0.0010864491462707626
2024-08-01_06,58,76000,19000,0.4444,0.2578203082084656,-0.18657969179153444
2024-08-01_06,59,95000,19000,0.3038,0.2990007698535919,-0.0047992301464080955
2024-08-01_06,60,-76000,38000,0.4529,0.2776520848274231,-0.17524791517257693
2024-08-01_06,61,-57000,38000,0.3927,0.39111974835395813,-0.0015802516460418636
2024-08-01_06,62,-38000,38000,0.3517,0.3494105935096741,-0.0022894064903259403
2024-08-01_06,63,-19000,38000,0.3262,0.32506245374679565,-0.0011375462532043357
2024-08-01_06,64,0,38000,0.3175,0.3157942593097687,-0.0017057406902313277
2024-08-01_06,65,19000,38000,0.3303,0.32966315746307373,-0.000636842536926252
2024-08-01_06,66,38000,38000,0.359,0.35677918791770935,-0.002220812082290635
2024-08-01_06,67,57000,38000,0.4028,0.4011482298374176,-0.0016517701625823888
2024-08-01_06,68,76000,38000,0.2778,0.2883693277835846,0.010569327783584603
2024-08-01_06,69,-76000,57000,0.3034,0.3102102279663086,0.006810227966308591
2024-08-01_06,70,-57000,57000,0.4258,0.273481547832489,-0.152318452167511
2024-08-01_06,71,-38000,57000,0.3838,0.3830709755420685,-0.0007290244579314931
2024-08-01_06,72,-19000,57000,0.3595,0.3591748774051666,-0.00032512259483336026
2024-08-01_06,73,0,57000,0.3512,0.3496483564376831,-0.0015516435623169067
2024-08-01_06,74,19000,57000,0.3628,0.36250320076942444,-0.0002967992305755729
2024-08-01_06,75,38000,57000,0.3904,0.39242449402809143,0.002024494028091406
2024-08-01_06,76,57000,57000,0.4339,0.27502405643463135,-0.15887594356536866
2024-08-01_06,77,76000,57000,0.2997,0.30958324670791626,0.009883246707916238
2024-08-01_06,78,-57000,76000,0.2931,0.29489853978157043,0.0017985397815704074
2024-08-01_06,79,-38000,76000,0.4333,0.2668790817260742,-0.1664209182739258
2024-08-01_06,80,-19000,76000,0.4073,0.40674149990081787,-0.0005585000991821243
2024-08-01_06,81,0,76000,0.3986,0.3994792401790619,0.0008792401790618798
2024-08-01_06,82,19000,76000,0.4103,0.4082174301147461,-0.0020825698852539043
2024-08-01_06,83,38000,76000,0.4383,0.22209078073501587,-0.21620921926498415
2024-08-01_06,84,57000,76000,0.2931,0.29638707637786865,0.003287076377868625
2024-08-01_06,85,-19000,95000,0.2789,0.3080480098724365,0.029148009872436542
2024-08-01_06,86,0,95000,0.2821,0.2933366894721985,0.011236689472198469
2024-08-01_06,87,19000,95000,0.2778,0.30183619260787964,0.024036192607879647
2024-08-01_07,0,-19000,-95000,0.3281,0.32819199562072754,9.199562072753631e-05
2024-08-01_07,1,0,-95000,0.3473,0.34986716508865356,0.002567165088653567
2024-08-01_07,2,19000,-95000,0.329,0.3133240044116974,-0.015675995588302627
2024-08-01_07,3,-57000,-76000,0.3464,0.3508484959602356,0.00444849596023561
2024-08-01_07,4,-38000,-76000,0.2995,0.30237001180648804,0.0028700118064880487
2024-08-01_07,5,-19000,-76000,0.2835,0.29415491223335266,0.010654912233352687
2024-08-01_07,6,0,-76000,0.2775,0.2874472737312317,0.009947273731231665
2024-08-01_07,7,19000,-76000,0.2845,0.30066564679145813,0.016165646791458155
2024-08-01_07,8,38000,-76000,0.3004,0.299674391746521,-0.0007256082534790043
2024-08-01_07,9,57000,-76000,0.3404,0.3380531668663025,-0.00234683313369749
2024-08-01_07,10,-76000,-57000,0.3404,0.3386693596839905,-0.0017306403160095019
2024-08-01_07,11,-57000,-57000,0.2845,0.27295470237731934,-0.01154529762268064
2024-08-01_07,12,-38000,-57000,0.2082,0.22275567054748535,0.014555670547485355
2024-08-01_07,13,-19000,-57000,0.41,0.40613868832588196,-0.0038613116741180176
2024-08-01_07,14,0,-57000,0.4023,0.3983877897262573,-0.003912210273742667
2024-08-01_07,15,19000,-57000,0.4125,0.4092693626880646,-0.0032306373119354026
2024-08-01_07,16,38000,-57000,0.2089,0.21941544115543365,0.010515441155433652
2024-08-01_07,17,57000,-57000,0.2864,0.2953321039676666,0.008932103967666638
2024-08-01_07,18,76000,-57000,0.3318,0.33119094371795654,-0.0006090562820434409
2024-08-01_07,19,-76000,-38000,0.2925,0.29366180300712585,0.0011618030071258723
2024-08-01_07,20,-57000,-38000,0.206,0.3475686013698578,0.1415686013698578
2024-08-01_07,21,-38000,-38000,0.3863,0.38359305262565613,-0.002706947374343849
2024-08-01_07,22,-19000,-38000,0.3602,0.35628369450569153,-0.003916305494308492
2024-08-01_07,23,0,-38000,0.3513,0.34752407670021057,-0.00377592329978943
2024-08-01_07,24,19000,-38000,0.3635,0.359585165977478,-0.0039148340225219624
2024-08-01_07,25,38000,-38000,0.3914,0.3881470263004303,-0.003252973699569728
2024-08-01_07,26,57000,-38000,0.2081,0.22597408294677734,0.017874082946777337
2024-08-01_07,27,76000,-38000,0.2936,0.29358363151550293,-1.6368484497097935e-05
2024-08-01_07,28,-95000,-19000,0.3065,0.3011423945426941,-0.005357605457305903
2024-08-01_07,29,-76000,-19000,0.2681,0.25376802682876587,-0.014331973171234136
2024-08-01_07,30,-57000,-19000,0.3961,0.3933814465999603,-0.0027185534000396805
2024-08-01_07,31,-38000,-19000,0.3522,0.3500470221042633,-0.0021529778957367074
2024-08-01_07,32,-19000,-19000,0.3248,0.32062649726867676,-0.00417350273132322
2024-08-01_07,33,0,-19000,0.3145,0.31004464626312256,-0.004455353736877443
2024-08-01_07,34,19000,-19000,0.3283,0.32464757561683655,-0.003652424383163433
2024-08-01_07,35,38000,-19000,0.358,0.35391780734062195,-0.004082192659378037
2024-08-01_07,36,57000,-19000,0.4039,0.39979633688926697,-0.0041036631107330135
2024-08-01_07,37,76000,-19000,0.2746,0.28306835889816284,0.008468358898162831
2024-08-01_07,38,95000,-19000,0.314,0.31486257910728455,0.0008625791072845446
2024-08-01_07,39,-95000,0,0.3178,0.3115444779396057,-0.006255522060394314
2024-08-01_07,40,-76000,0,0.2081,0.20712751150131226,-0.0009724884986877513
2024-08-01_07,41,-57000,0,0.3801,0.378681480884552,-0.0014185191154479915
2024-08-01_07,42,-38000,0,0.3367,0.3334343135356903,-0.0032656864643096917
2024-08-01_07,43,-19000,0,0.3077,0.3026908040046692,-0.005009195995330784
2024-08-01_07,44,19000,0,0.3117,0.30631616711616516,-0.005383832883834816
2024-08-01_07,45,38000,0,0.3445,0.3404003083705902,-0.004099691629409763
2024-08-01_07,46,57000,0,0.3901,0.38692229986190796,-0.0031777001380920433
2024-08-01_07,47,76000,0,0.2606,0.24801091849803925,-0.012589081501960753
2024-08-01_07,48,95000,0,0.3159,0.32448092103004456,0.008580921030044542
2024-08-01_07,49,-95000,19000,0.2995,0.29622846841812134,-0.0032715315818786506
2024-08-01_07,50,-76000,19000,0.21,0.20933109521865845,-0.000668904781341545
2024-08-01_07,51,-57000,19000,0.3805,0.3776647448539734,-0.002835255146026616
2024-08-01_07,52,-38000,19000,0.3378,0.33406776189804077,-0.0037322381019592177
2024-08-01_07,53,-19000,19000,0.3108,0.3062639534473419,-0.004536046552658102
2024-08-01_07,54,0,19000,0.3021,0.2983039915561676,-0.003796008443832377
2024-08-01_07,55,19000,19000,0.3147,0.31052491068840027,-0.004175089311599711
2024-08-01_07,56,38000,19000,0.3453,0.3430641293525696,-0.0022358706474304157
2024-08-01_07,57,57000,19000,0.3909,0.38756048679351807,-0.003339513206481959
2024-08-01_07,58,76000,19000,0.2621,0.2544436752796173,-0.00765632472038269
2024-08-01_07,59,95000,19000,0.3046,0.31115806102752686,0.006558061027526874
2024-08-01_07,60,-76000,38000,0.2718,0.27565571665763855,0.0038557166576385637
2024-08-01_07,61,-57000,38000,0.3969,0.39385250210762024,-0.003047497892379736
2024-08-01_07,62,-38000,38000,0.3559,0.3540509343147278,-0.001849065685272211
2024-08-01_07,63,-19000,38000,0.3312,0.32672223448753357,-0.004477765512466425
2024-08-01_07,64,0,38000,0.3226,0.3177405595779419,-0.004859440422058103
2024-08-01_07,65,19000,38000,0.3352,0.3316285312175751,-0.0035714687824249247
2024-08-01_07,66,38000,38000,0.3635,0.3600461781024933,-0.0034538218975067037
2024-08-01_07,67,57000,38000,0.4062,0.40468597412109375,-0.0015140258789062555
2024-08-01_07,68,76000,38000,0.2798,0.28918200731277466,0.009382007312774665
2024-08-01_07,69,-76000,57000,0.3075,0.3118240237236023,0.004324023723602299
2024-08-01_07,70,-57000,57000,0.2083,0.2165243923664093,0.008224392366409289
2024-08-01_07,71,-38000,57000,0.3881,0.38532787561416626,-0.0027721243858337408
2024-08-01_07,72,-19000,57000,0.3642,0.36044129729270935,-0.003758702707290673
2024-08-01_07,73,0,57000,0.3562,0.3534667193889618,-0.0027332806110382246
2024-08-01_07,74,19000,57000,0.3676,0.36479032039642334,-0.0028096796035766425
2024-08-01_07,75,38000,57000,0.3943,0.3925900161266327,-0.0017099838733672934
2024-08-01_07,76,57000,57000,0.21,0.2172245979309082,0.007224597930908211
2024-08-01_07,77,76000,57000,0.3,0.3076319694519043,0.007631969451904308
2024-08-01_07,78,-57000,76000,0.2957,0.2961944043636322,0.0004944043636321838
2024-08-01_07,79,-38000,76000,0.21,0.23443803191184998,0.024438031911849983
2024-08-01_07,80,-19000,76000,0.4117,0.40793293714523315,-0.003767062854766856
2024-08-01_07,81,0,76000,0.4028,0.3995688259601593,-0.0032311740398406896
2024-08-01_07,82,19000,76000,0.4141,0.4119284749031067,-0.002171525096893334
2024-08-01_07,83,38000,76000,0.21,0.21923092007637024,0.009230920076370247
2024-08-01_07,84,57000,76000,0.2934,0.29349803924560547,9.803924560547461e-05
2024-08-01_07,85,-19000,95000,0.2817,0.2971082031726837,0.01540820317268371
2024-08-01_07,86,0,95000,0.2847,0.29278436303138733,0.00808436303138732
2024-08-01_07,87,19000,95000,0.2803,0.2906457483768463,0.01034574837684632
2024-08-01_08,0,-19000,-95000,0.3281,0.32251250743865967,-0.005587492561340335
2024-08-01_08,1,0,-95000,0.3475,0.3412984013557434,-0.006201598644256567
2024-08-01_08,2,19000,-95000,0.3281,0.3194354474544525,-0.008664552545547488
2024-08-01_08,3,-57000,-76000,0.3468,0.35015252232551575,0.00335252232551575
2024-08-01_08,4,-38000,-76000,0.2995,0.29825928807258606,-0.0012407119274139289
2024-08-01_08,5,-19000,-76000,0.2826,0.2863718271255493,0.0037718271255492986
2024-08-01_08,6,0,-76000,0.277,0.3049079179763794,0.02790791797637937
2024-08-01_08,7,19000,-76000,0.2845,0.2803162932395935,-0.004183706760406469
2024-08-01_08,8,38000,-76000,0.2995,0.29590368270874023,-0.003596317291259754
2024-08-01_08,9,57000,-76000,0.3394,0.33185315132141113,-0.007546848678588847
2024-08-01_08,10,-76000,-57000,0.3387,0.33053120970726013,-0.00816879029273987
2024-08-01_08,11,-57000,-57000,0.2845,0.28557053208351135,0.0010705320835113774
2024-08-01_08,12,-38000,-57000,0.2082,0.22522476315498352,0.017024763154983524
2024-08-01_08,13,-19000,-57000,0.4086,0.40913593769073486,0.0005359376907348445
2024-08-01_08,14,0,-57000,0.4012,0.4011789858341217,-2.1014165878296964e-05
2024-08-01_08,15,19000,-57000,0.4116,0.41112786531448364,-0.0004721346855163788
2024-08-01_08,16,38000,-57000,0.2089,0.21756675839424133,0.00866675839424133
2024-08-01_08,17,57000,-57000,0.2868,0.27720335125923157,-0.009596648740768432
2024-08-01_08,18,76000,-57000,0.3318,0.3257642388343811,-0.00603576116561888
2024-08-01_08,19,-76000,-38000,0.2915,0.2918611466884613,0.00036114668846132236
2024-08-01_08,20,-57000,-38000,0.2057,0.23268470168113708,0.02698470168113709
2024-08-01_08,21,-38000,-38000,0.3846,0.38551536202430725,0.0009153620243072536
2024-08-01_08,22,-19000,-38000,0.3584,0.35950344800949097,0.0011034480094909704
2024-08-01_08,23,0,-38000,0.3496,0.35058876872062683,0.0009887687206268092
2024-08-01_08,24,19000,-38000,0.3623,0.36249664425849915,0.00019664425849913458
2024-08-01_08,25,38000,-38000,0.3904,0.3899160623550415,-0.0004839376449585209
2024-08-01_08,26,57000,-38000,0.2081,0.22681832313537598,0.01871832313537597
2024-08-01_08,27,76000,-38000,0.2934,0.2915264964103699,-0.001873503589630121
2024-08-01_08,28,-95000,-19000,0.306,0.29861244559288025,-0.007387554407119745
2024-08-01_08,29,-76000,-19000,0.2653,0.2737976908683777,0.008497690868377705
2024-08-01_08,30,-57000,-19000,0.3946,0.39556998014450073,0.0009699801445007261
2024-08-01_08,31,-38000,-19000,0.3505,0.35209283232688904,0.0015928323268890598
2024-08-01_08,32,-19000,-19000,0.3225,0.3232229948043823,0.0007229948043823153
2024-08-01_08,33,0,-19000,0.3124,0.313239187002182,0.0008391870021819958
2024-08-01_08,34,19000,-19000,0.3267,0.32720160484313965,0.000501604843139658
2024-08-01_08,35,38000,-19000,0.357,0.35727807879447937,0.0002780787944793861
2024-08-01_08,36,57000,-19000,0.4029,0.4033856689929962,0.00048566899299623545
2024-08-01_08,37,76000,-19000,0.2737,0.2942854166030884,0.02058541660308838
2024-08-01_08,38,95000,-19000,0.314,0.3072432279586792,-0.006756772041320802
2024-08-01_08,39,-95000,0,0.3164,0.31644293665885925,4.2936658859238364e-05
2024-08-01_08,40,-76000,0,0.2085,0.22516214847564697,0.016662148475646982
2024-08-01_08,41,-57000,0,0.3785,0.3801748752593994,0.001674875259399411
2024-08-01_08,42,-38000,0,0.335,0.336419016122818,0.0014190161228179732
2024-08-01_08,43,-19000,0,0.3053,0.3067188262939453,0.0014188262939452967
2024-08-01_08,44,19000,0,0.31,0.3103058636188507,0.00030586361885071023
2024-08-01_08,45,38000,0,0.343,0.343334436416626,0.0003344364166259495
2024-08-01_08,46,57000,0,0.3891,0.38983646035194397,0.0007364603519439683
2024-08-01_08,47,76000,0,0.21,0.24947094917297363,0.03947094917297364
2024-08-01_08,48,95000,0,0.3159,0.3133668899536133,-0.002533110046386733
2024-08-01_08,49,-95000,19000,0.2985,0.2977480888366699,-0.0007519111633300657
2024-08-01_08,50,-76000,19000,0.2091,0.2260831892490387,0.016983189249038688
2024-08-01_08,51,-57000,19000,0.3786,0.3800649642944336,0.0014649642944336017
2024-08-01_08,52,-38000,19000,0.336,0.3371403217315674,0.001140321731567362
2024-08-01_08,53,-19000,19000,0.3087,0.3098906874656677,0.0011906874656677502
2024-08-01_08,54,0,19000,0.3002,0.30062317848205566,0.0004231784820556417
2024-08-01_08,55,19000,19000,0.3131,0.3134712278842926,0.0003712278842926131
2024-08-01_08,56,38000,19000,0.3443,0.34443429112434387,0.00013429112434387713
2024-08-01_08,57,57000,19000,0.39,0.3901884853839874,0.00018848538398741344
2024-08-01_08,58,76000,19000,0.2617,0.25870615243911743,-0.0029938475608825565
2024-08-01_08,59,95000,19000,0.3046,0.30217447876930237,-0.0024255212306976137
2024-08-01_08,60,-76000,38000,0.2718,0.2795118987560272,0.007711898756027236
2024-08-01_08,61,-57000,38000,0.3951,0.3968038558959961,0.001703855895996087
2024-08-01_08,62,-38000,38000,0.3544,0.35586652159690857,0.0014665215969085765
2024-08-01_08,63,-19000,38000,0.3293,0.33087074756622314,0.001570747566223163
2024-08-01_08,64,0,38000,0.3212,0.3209001421928406,-0.00029985780715940935
2024-08-01_08,65,19000,38000,0.3338,0.3341156244277954,0.00031562442779542454
2024-08-01_08,66,38000,38000,0.3623,0.36322423815727234,0.0009242381572723279
2024-08-01_08,67,57000,38000,0.4057,0.4071299135684967,0.001429913568496699
2024-08-01_08,68,76000,38000,0.2793,0.29099586606025696,0.011695866060256965
2024-08-01_08,69,-76000,57000,0.3065,0.30094990134239197,-0.005550098657608027
2024-08-01_08,70,-57000,57000,0.208,0.2223067581653595,0.014306758165359507
2024-08-01_08,71,-38000,57000,0.3868,0.38772982358932495,0.000929823589324974
2024-08-01_08,72,-19000,57000,0.3628,0.3641347289085388,0.001334728908538807
2024-08-01_08,73,0,57000,0.355,0.3557368516921997,0.0007368516921997248
2024-08-01_08,74,19000,57000,0.3666,0.36730217933654785,0.0007021793365478701
2024-08-01_08,75,38000,57000,0.3938,0.3942839503288269,0.0004839503288269209
2024-08-01_08,76,57000,57000,0.21,0.22679948806762695,0.01679948806762696
2024-08-01_08,77,76000,57000,0.3009,0.29476743936538696,-0.006132560634613038
2024-08-01_08,78,-57000,76000,0.2946,0.29328683018684387,-0.001313169813156101
2024-08-01_08,79,-38000,76000,0.2091,0.22169964015483856,0.012599640154838554
2024-08-01_08,80,-19000,76000,0.4107,0.4112534821033478,0.0005534821033477688
2024-08-01_08,81,0,76000,0.4026,0.403196781873703,0.0005967818737029895
2024-08-01_08,82,19000,76000,0.414,0.41532638669013977,0.0013263866901397914
2024-08-01_08,83,38000,76000,0.2095,0.21389639377593994,0.00439639377593995
2024-08-01_08,84,57000,76000,0.2932,0.2925091087818146,-0.000690891218185441
2024-08-01_08,85,-19000,95000,0.2812,0.2987018823623657,0.017501882362365717
2024-08-01_08,86,0,95000,0.284,0.29530835151672363,0.011308351516723658
2024-08-01_08,87,19000,95000,0.2798,0.30633118748664856,0.026531187486648566
2024-08-01_09,0,-19000,-95000,0.33,0.317886084318161,-0.012113915681839005
2024-08-01_09,1,0,-95000,0.3484,0.34008917212486267,-0.008310827875137317
2024-08-01_09,2,19000,-95000,0.3309,0.3198288381099701,-0.011071161890029935
2024-08-01_09,3,-57000,-76000,0.3489,0.34426119923591614,-0.00463880076408385
2024-08-01_09,4,-38000,-76000,0.3009,0.29693108797073364,-0.003968912029266358
2024-08-01_09,5,-19000,-76000,0.284,0.28980138897895813,0.005801388978958155
2024-08-01_09,6,0,-76000,0.2784,0.2760995626449585,-0.0023004373550414847
2024-08-01_09,7,19000,-76000,0.2854,0.2833417057991028,-0.002058294200897204
2024-08-01_09,8,38000,-76000,0.3011,0.2959846258163452,-0.005115374183654764
2024-08-01_09,9,57000,-76000,0.3402,0.3290577530860901,-0.011142246913909915
2024-08-01_09,10,-76000,-57000,0.3408,0.33289575576782227,-0.007904244232177726
2024-08-01_09,11,-57000,-57000,0.2861,0.28070908784866333,-0.005390912151336691
2024-08-01_09,12,-38000,-57000,0.2081,0.21102535724639893,0.0029253572463989186
2024-08-01_09,13,-19000,-57000,0.4118,0.40495482087135315,-0.00684517912864685
2024-08-01_09,14,0,-57000,0.4041,0.3980638086795807,-0.006036191320419326
2024-08-01_09,15,19000,-57000,0.4139,0.4056224226951599,-0.008277577304840078
2024-08-01_09,16,38000,-57000,0.2091,0.20807558298110962,-0.001024417018890389
2024-08-01_09,17,57000,-57000,0.2868,0.28140899538993835,-0.005391004610061645
2024-08-01_09,18,76000,-57000,0.3346,0.3236154317855835,-0.010984568214416512
2024-08-01_09,19,-76000,-38000,0.2925,0.2850436866283417,-0.007456313371658307
2024-08-01_09,20,-57000,-38000,0.2052,0.24135644733905792,0.03615644733905793
2024-08-01_09,21,-38000,-38000,0.3873,0.3829405903816223,-0.004359409618377663
2024-08-01_09,22,-19000,-38000,0.3613,0.3564159572124481,-0.00488404278755189
2024-08-01_09,23,0,-38000,0.3526,0.3474462926387787,-0.005153707361221338
2024-08-01_09,24,19000,-38000,0.3648,0.3585025370121002,-0.006297462987899793
2024-08-01_09,25,38000,-38000,0.3928,0.3869132995605469,-0.0058867004394531075
2024-08-01_09,26,57000,-38000,0.2091,0.2113846391439438,0.0022846391439437785
2024-08-01_09,27,76000,-38000,0.2943,0.291166752576828,-0.003133247423172003
2024-08-01_09,28,-95000,-19000,0.307,0.30517542362213135,-0.0018245763778686475
2024-08-01_09,29,-76000,-19000,0.2671,0.2469031661748886,-0.020196833825111393
2024-08-01_09,30,-57000,-19000,0.3966,0.3928191661834717,-0.0037808338165283284
2024-08-01_09,31,-38000,-19000,0.3531,0.349089652299881,-0.0040103477001190435
2024-08-01_09,32,-19000,-19000,0.3254,0.31971147656440735,-0.005688523435592674
2024-08-01_09,33,0,-19000,0.315,0.30975157022476196,-0.005248429775238039
2024-08-01_09,34,19000,-19000,0.3294,0.32327261567115784,-0.006127384328842189
2024-08-01_09,35,38000,-19000,0.3597,0.35457032918930054,-0.005129670810699483
2024-08-01_09,36,57000,-19000,0.4057,0.4000107944011688,-0.005689205598831182
2024-08-01_09,37,76000,-19000,0.2775,0.26786595582962036,-0.009634044170379663
2024-08-01_09,38,95000,-19000,0.3159,0.30554237961769104,-0.010357620382308974
2024-08-01_09,39,-95000,0,0.3178,0.31186920404434204,-0.005930795955657986
2024-08-01_09,40,-76000,0,0.2089,0.2056436538696289,-0.003256346130371096
2024-08-01_09,41,-57000,0,0.3806,0.3766397535800934,-0.00396024641990661
2024-08-01_09,42,-38000,0,0.3372,0.3332626521587372,-0.003937347841262817
2024-08-01_09,43,-19000,0,0.308,0.30348530411720276,-0.004514695882797237
2024-08-01_09,44,19000,0,0.3128,0.30634891986846924,-0.006451080131530784
2024-08-01_09,45,38000,0,0.3461,0.3393400013446808,-0.006759998655319233
2024-08-01_09,46,57000,0,0.392,0.38562580943107605,-0.006374190568923965
2024-08-01_09,47,76000,0,0.2634,0.2240745574235916,-0.03932544257640841
2024-08-01_09,48,95000,0,0.3178,0.3117055892944336,-0.006094410705566433
2024-08-01_09,49,-95000,19000,0.3002,0.29730284214019775,-0.0028971578598022685
2024-08-01_09,50,-76000,19000,0.2091,0.20878589153289795,-0.00031410846710205886
2024-08-01_09,51,-57000,19000,0.381,0.3775128722190857,-0.003487127780914312
2024-08-01_09,52,-38000,19000,0.3386,0.3337570130825043,-0.00484298691749574
2024-08-01_09,53,-19000,19000,0.3114,0.30593109130859375,-0.00546890869140626
2024-08-01_09,54,0,19000,0.3026,0.29731041193008423,-0.005289588069915752
2024-08-01_09,55,19000,19000,0.3159,0.30992743372917175,-0.005972566270828261
2024-08-01_09,56,38000,19000,0.3475,0.3410717248916626,-0.006428275108337378
2024-08-01_09,57,57000,19000,0.3933,0.38723722100257874,-0.006062778997421248
2024-08-01_09,58,76000,19000,0.2657,0.23340559005737305,-0.032294409942626945
2024-08-01_09,59,95000,19000,0.306,0.30352699756622314,-0.0024730024337768497
2024-08-01_09,60,-76000,38000,0.2737,0.26656249165534973,-0.007137508344650267
2024-08-01_09,61,-57000,38000,0.3976,0.39401742815971375,-0.003582571840286264
2024-08-01_09,62,-38000,38000,0.3569,0.35263410210609436,-0.004265897893905635
2024-08-01_09,63,-19000,38000,0.3322,0.3271418511867523,-0.005058148813247676
2024-08-01_09,64,0,38000,0.3237,0.3179006576538086,-0.005799342346191394
2024-08-01_09,65,19000,38000,0.3369,0.330558717250824,-0.006341282749176003
2024-08-01_09,66,38000,38000,0.3658,0.3596687614917755,-0.006131238508224501
2024-08-01_09,67,57000,38000,0.4089,0.403279572725296,-0.005620427274703965
2024-08-01_09,68,76000,38000,0.285,0.2765313684940338,-0.008468631505966162
2024-08-01_09,69,-76000,57000,0.307,0.31058308482170105,0.0035830848217010547
2024-08-01_09,70,-57000,57000,0.2083,0.21189866960048676,0.0035986696004867424
2024-08-01_09,71,-38000,57000,0.3895,0.3850746750831604,-0.0044253249168396125
2024-08-01_09,72,-19000,57000,0.3656,0.36061856150627136,-0.004981438493728618
2024-08-01_09,73,0,57000,0.3575,0.3525960445404053,-0.004903955459594711
2024-08-01_09,74,19000,57000,0.37,0.36401668190956116,-0.005983318090438838
2024-08-01_09,75,38000,57000,0.397,0.39134544134140015,-0.005654558658599873
2024-08-01_09,76,57000,57000,0.21,0.20684975385665894,-0.0031502461433410567
2024-08-01_09,77,76000,57000,0.3028,0.2999700605869293,-0.0028299394130706923
2024-08-01_09,78,-57000,76000,0.2962,0.2938770055770874,-0.0023229944229126165
2024-08-01_09,79,-38000,76000,0.2093,0.21270915865898132,0.0034091586589813094
2024-08-01_09,80,-19000,76000,0.4136,0.4082769751548767,-0.005323024845123314
2024-08-01_09,81,0,76000,0.405,0.4006713032722473,-0.004328696727752712
2024-08-01_09,82,19000,76000,0.4169,0.4105777442455292,-0.006322255754470818
2024-08-01_09,83,38000,76000,0.2089,0.201594278216362,-0.007305721783638003
2024-08-01_09,84,57000,76000,0.2953,0.28997135162353516,-0.005328648376464851
2024-08-01_09,85,-19000,95000,0.2831,0.2948736548423767,0.01177365484237669
2024-08-01_09,86,0,95000,0.2859,0.28750211000442505,0.0016021100044250614
2024-08-01_09,87,19000,95000,0.2831,0.2973111867904663,0.01421118679046629
2024-08-01_10,0,-19000,-95000,0.3262,0.32468122243881226,-0.001518777561187734
2024-08-01_10,1,0,-95000,0.3465,0.3540005087852478,0.007500508785247828
2024-08-01_10,2,19000,-95000,0.3295,0.327040433883667,-0.002459566116333023
2024-08-01_10,3,-57000,-76000,0.3487,0.3571109473705292,0.008410947370529165
2024-08-01_10,4,-38000,-76000,0.2995,0.3005228340625763,0.0010228340625763055
2024-08-01_10,5,-19000,-76000,0.2835,0.2962254285812378,0.012725428581237819
2024-08-01_10,6,0,-76000,0.2775,0.2804989218711853,0.0029989218711852783
2024-08-01_10,7,19000,-76000,0.284,0.2942200303077698,0.0102200303077698
2024-08-01_10,8,38000,-76000,0.3009,0.2973935902118683,-0.0035064097881317147
2024-08-01_10,9,57000,-76000,0.341,0.33391043543815613,-0.007089564561843897
2024-08-01_10,10,-76000,-57000,0.3404,0.349621444940567,0.009221444940567036
2024-08-01_10,11,-57000,-57000,0.2854,0.2934817671775818,0.0080817671775818
2024-08-01_10,12,-38000,-57000,0.2083,0.2301858514547348,0.02188585145473479
2024-08-01_10,13,-19000,-57000,0.41,0.40763333439826965,-0.0023666656017303223
2024-08-01_10,14,0,-57000,0.4023,0.3997951149940491,-0.0025048850059509187
2024-08-01_10,15,19000,-57000,0.4128,0.40822917222976685,-0.0045708277702331546
2024-08-01_10,16,38000,-57000,0.2089,0.2373662292957306,0.02846622929573059
2024-08-01_10,17,57000,-57000,0.2864,0.2913459837436676,0.004945983743667615
2024-08-01_10,18,76000,-57000,0.3337,0.32612136006355286,-0.00757863993644714
2024-08-01_10,19,-76000,-38000,0.292,0.2895642817020416,-0.002435718297958356
2024-08-01_10,20,-57000,-38000,0.2052,0.2521223723888397,0.04692237238883973
2024-08-01_10,21,-38000,-38000,0.3858,0.3856799304485321,-0.0001200695514678718
2024-08-01_10,22,-19000,-38000,0.3593,0.3581992983818054,-0.0011007016181945883
2024-08-01_10,23,0,-38000,0.3512,0.3492158055305481,-0.0019841944694519165
2024-08-01_10,24,19000,-38000,0.3635,0.36127546429634094,-0.0022245357036590474
2024-08-01_10,25,38000,-38000,0.3914,0.389525443315506,-0.0018745566844940442
2024-08-01_10,26,57000,-38000,0.2081,0.23174187541007996,0.02364187541007995
2024-08-01_10,27,76000,-38000,0.2941,0.29792481660842896,0.0038248166084289825
2024-08-01_10,28,-95000,-19000,0.3065,0.31289350986480713,0.006393509864807134
2024-08-01_10,29,-76000,-19000,0.2667,0.2714029550552368,0.004702955055236824
2024-08-01_10,30,-57000,-19000,0.396,0.3947764039039612,-0.001223596096038837
2024-08-01_10,31,-38000,-19000,0.352,0.35183894634246826,-0.00016105365753171785
2024-08-01_10,32,-19000,-19000,0.3233,0.32229647040367126,-0.0010035295963287116
2024-08-01_10,33,0,-19000,0.3138,0.3112020194530487,-0.0025979805469513173
2024-08-01_10,34,19000,-19000,0.3279,0.32559412717819214,-0.002305872821807886
2024-08-01_10,35,38000,-19000,0.3581,0.35650432109832764,-0.0015956789016723372
2024-08-01_10,36,57000,-19000,0.404,0.4021318554878235,-0.0018681445121765394
2024-08-01_10,37,76000,-19000,0.2751,0.2810973525047302,0.005997352504730213
2024-08-01_10,38,95000,-19000,0.3159,0.31866493821144104,0.002764938211441026
2024-08-01_10,39,-95000,0,0.3173,0.3305243253707886,0.013224325370788548
2024-08-01_10,40,-76000,0,0.209,0.24222628772258759,0.033226287722587594
2024-08-01_10,41,-57000,0,0.3802,0.37845566868782043,-0.0017443313121795478
2024-08-01_10,42,-38000,0,0.3363,0.33543282747268677,-0.0008671725273132203
2024-08-01_10,43,-19000,0,0.3065,0.30575793981552124,-0.0007420601844787544
2024-08-01_10,44,19000,0,0.311,0.3093794584274292,-0.0016205415725707994
2024-08-01_10,45,38000,0,0.3441,0.3420346975326538,-0.0020653024673462084
2024-08-01_10,46,57000,0,0.3901,0.3893641531467438,-0.0007358468532562279
2024-08-01_10,47,76000,0,0.2617,0.2479408085346222,-0.013759191465377796
2024-08-01_10,48,95000,0,0.3173,0.32779863476753235,0.010498634767532322
2024-08-01_10,49,-95000,19000,0.2995,0.3071313500404358,0.0076313500404358026
2024-08-01_10,50,-76000,19000,0.2093,0.23406073451042175,0.02476073451042174
2024-08-01_10,51,-57000,19000,0.3805,0.37949463725090027,-0.0010053627490997363
2024-08-01_10,52,-38000,19000,0.3375,0.33610081672668457,-0.001399183273315452
2024-08-01_10,53,-19000,19000,0.3098,0.30765023827552795,-0.0021497617244720657
2024-08-01_10,54,0,19000,0.3011,0.3001258373260498,-0.0009741626739501741
2024-08-01_10,55,19000,19000,0.3142,0.31270965933799744,-0.0014903406620025428
2024-08-01_10,56,38000,19000,0.3454,0.3433196544647217,-0.002080345535278305
2024-08-01_10,57,57000,19000,0.3911,0.38933148980140686,-0.0017685101985931428
2024-08-01_10,58,76000,19000,0.2629,0.2514835596084595,-0.01141644039154055
2024-08-01_10,59,95000,19000,0.3051,0.31356188654899597,0.00846188654899599
2024-08-01_10,60,-76000,38000,0.2728,0.28487062454223633,0.012070624542236341
2024-08-01_10,61,-57000,38000,0.3972,0.39556801319122314,-0.001631986808776853
2024-08-01_10,62,-38000,38000,0.3561,0.3545302748680115,-0.001569725131988553
2024-08-01_10,63,-19000,38000,0.3307,0.329837441444397,-0.0008625585556030213
2024-08-01_10,64,0,38000,0.3223,0.32092002034187317,-0.0013799796581268065
2024-08-01_10,65,19000,38000,0.3349,0.3336043953895569,-0.0012956046104430907
2024-08-01_10,66,38000,38000,0.3635,0.3618326783180237,-0.0016673216819763081
2024-08-01_10,67,57000,38000,0.4067,0.4052160382270813,-0.0014839617729187071
2024-08-01_10,68,76000,38000,0.2798,0.29184603691101074,0.012046036911010749
2024-08-01_10,69,-76000,57000,0.307,0.3184870183467865,0.011487018346786504
2024-08-01_10,70,-57000,57000,0.2083,0.22707509994506836,0.018775099945068346
2024-08-01_10,71,-38000,57000,0.3888,0.3876717686653137,-0.0011282313346862582
2024-08-01_10,72,-19000,57000,0.3645,0.3634087145328522,-0.0010912854671478178
2024-08-01_10,73,0,57000,0.3565,0.35397449135780334,-0.002525508642196639
2024-08-01_10,74,19000,57000,0.3682,0.36708763241767883,-0.0011123675823211943
2024-08-01_10,75,38000,57000,0.3948,0.39490050077438354,0.00010050077438356064
2024-08-01_10,76,57000,57000,0.21,0.23628127574920654,0.02628127574920655
2024-08-01_10,77,76000,57000,0.3011,0.317336767911911,0.016236767911911032
2024-08-01_10,78,-57000,76000,0.2962,0.300488144159317,0.004288144159316998
2024-08-01_10,79,-38000,76000,0.21,0.2300305813550949,0.020030581355094917
2024-08-01_10,80,-19000,76000,0.4128,0.4104004204273224,-0.0023995795726776126
2024-08-01_10,81,0,76000,0.4041,0.40335240960121155,-0.0007475903987884669
2024-08-01_10,82,19000,76000,0.4155,0.4107302725315094,-0.004769727468490581
2024-08-01_10,83,38000,76000,0.2093,0.21265941858291626,0.003359418582916246
2024-08-01_10,84,57000,76000,0.2934,0.2982442378997803,0.004844237899780279
2024-08-01_10,85,-19000,95000,0.2831,0.29874786734580994,0.015647867345809918
2024-08-01_10,86,0,95000,0.2859,0.3020554482936859,0.016155448293685926
2024-08-01_10,87,19000,95000,0.2826,0.30633944272994995,0.023739442729949933
2024-08-05_01,0,-19000,-95000,0.3196,0.30758243799209595,-0.012017562007904048
2024-08-05_01,1,0,-95000,0.3328,0.3243124485015869,-0.00848755149841307
2024-08-05_01,2,19000,-95000,0.3187,0.3102465569972992,-0.008453443002700789
2024-08-05_01,3,-57000,-76000,0.3337,0.3189704418182373,-0.014729558181762692
2024-08-05_01,4,-38000,-76000,0.2917,0.28720909357070923,-0.004490906429290786
2024-08-05_01,5,-19000,-76000,0.2728,0.25548669695854187,-0.017313303041458117
2024-08-05_01,6,0,-76000,0.2648,0.22671714425086975,-0.03808285574913023
2024-08-05_01,7,19000,-76000,0.2746,0.2611861228942871,-0.013413877105712901
2024-08-05_01,8,38000,-76000,0.2927,0.2891364097595215,-0.0035635902404785313
2024-08-05_01,9,57000,-76000,0.3271,0.3140348196029663,-0.013065180397033693
2024-08-05_01,10,-76000,-57000,0.3243,0.3221043348312378,-0.002195665168762184
2024-08-05_01,11,-57000,-57000,0.2756,0.2639940679073334,-0.011605932092666638
2024-08-05_01,12,-38000,-57000,0.418,0.40888017416000366,-0.00911982583999632
2024-08-05_01,13,-19000,-57000,0.3928,0.3877154588699341,-0.0050845411300659005
2024-08-05_01,14,0,-57000,0.3861,0.37982189655303955,-0.006278103446960448
2024-08-05_01,15,19000,-57000,0.3967,0.39072415232658386,-0.005975847673416135
2024-08-05_01,16,38000,-57000,0.205,0.36505061388015747,0.16005061388015748
2024-08-05_01,17,57000,-57000,0.2775,0.2890774607658386,0.011577460765838599
2024-08-05_01,18,76000,-57000,0.3201,0.30930763483047485,-0.010792365169525142
2024-08-05_01,19,-76000,-38000,0.2821,0.2724803686141968,-0.00961963138580324
2024-08-05_01,20,-57000,-38000,0.4103,0.39935076236724854,-0.010949237632751463
2024-08-05_01,21,-38000,-38000,0.3666,0.36369308829307556,-0.00290691170692442
2024-08-05_01,22,-19000,-38000,0.34,0.33610638976097107,-0.003893610239028955
2024-08-05_01,23,0,-38000,0.3319,0.3274614214897156,-0.004438578510284397
2024-08-05_01,24,19000,-38000,0.3447,0.3395610451698303,-0.005138954830169684
2024-08-05_01,25,38000,-38000,0.3736,0.3669629693031311,-0.006637030696868884
2024-08-05_01,26,57000,-38000,0.4171,0.4053800702095032,-0.011719929790496852
2024-08-05_01,27,76000,-38000,0.2854,0.2846440076828003,-0.0007559923171996941
2024-08-05_01,28,-95000,-19000,0.3,0.3011587858200073,0.0011587858200073353
2024-08-05_01,29,-76000,-19000,0.2078,0.20678336918354034,-0.0010166308164596682
2024-08-05_01,30,-57000,-19000,0.377,0.3722032904624939,-0.004796709537506105
2024-08-05_01,31,-38000,-19000,0.3309,0.32723182439804077,-0.003668175601959256
2024-08-05_01,32,-19000,-19000,0.3014,0.29868778586387634,-0.0027122141361236585
2024-08-05_01,33,0,-19000,0.2923,0.287776917219162,-0.004523082780838017
2024-08-05_01,34,19000,-19000,0.3069,0.30145004391670227,-0.005449956083297736
2024-08-05_01,35,38000,-19000,0.3379,0.33337610960006714,-0.0045238903999328395
2024-08-05_01,36,57000,-19000,0.3862,0.3809267580509186,-0.005273241949081409
2024-08-05_01,37,76000,-19000,0.2089,0.214898020029068,0.005998020029067991
2024-08-05_01,38,95000,-19000,0.3075,0.3043994605541229,-0.0031005394458770708
2024-08-05_01,39,-95000,0,0.3051,0.2946563959121704,-0.010443604087829572
2024-08-05_01,40,-76000,0,0.4185,0.3959709405899048,-0.022529059410095198
2024-08-05_01,41,-57000,0,0.3601,0.3559376299381256,-0.004162370061874365
2024-08-05_01,42,-38000,0,0.3143,0.3102905750274658,-0.0040094249725342035
2024-08-05_01,43,-19000,0,0.2835,0.28030896186828613,-0.0031910381317138414
2024-08-05_01,44,19000,0,0.2889,0.28373003005981445,-0.005169969940185537
2024-08-05_01,45,38000,0,0.323,0.3169192373752594,-0.00608076262474061
2024-08-05_01,46,57000,0,0.3715,0.3652794063091278,-0.006220593690872189
2024-08-05_01,47,76000,0,0.2081,0.21413841843605042,0.006038418436050408
2024-08-05_01,48,95000,0,0.306,0.30519863963127136,-0.0008013603687286319
2024-08-05_01,49,-95000,19000,0.2917,0.29479554295539856,0.0030955429553985447
2024-08-05_01,50,-76000,19000,0.4188,0.38974863290786743,-0.029051367092132574
2024-08-05_01,51,-57000,19000,0.36,0.3545706272125244,-0.005429372787475573
2024-08-05_01,52,-38000,19000,0.3152,0.3103935420513153,-0.004806457948684673
2024-08-05_01,53,-19000,19000,0.2868,0.2826874256134033,-0.004112574386596679
2024-08-05_01,54,0,19000,0.2778,0.2737835645675659,-0.004016435432434073
2024-08-05_01,55,19000,19000,0.2917,0.28712964057922363,-0.004570359420776382
2024-08-05_01,56,38000,19000,0.3239,0.31767359375953674,-0.006226406240463278
2024-08-05_01,57,57000,19000,0.3724,0.3675321340560913,-0.0048678659439087
2024-08-05_01,58,76000,19000,0.209,0.21006347239017487,0.0010634723901748744
2024-08-05_01,59,95000,19000,0.2978,0.29795268177986145,0.00015268177986144105
2024-08-05_01,60,-76000,38000,0.21,0.20030620694160461,-0.009693793058395378
2024-08-05_01,61,-57000,38000,0.3771,0.37176716327667236,-0.0053328367233276275
2024-08-05_01,62,-38000,38000,0.334,0.3276990056037903,-0.006300994396209736
2024-08-05_01,63,-19000,38000,0.3076,0.3021940588951111,-0.0054059411048889006
2024-08-05_01,64,0,38000,0.2991,0.2932802140712738,-0.005819785928726173
2024-08-05_01,65,19000,38000,0.3122,0.30659765005111694,-0.005602349948883034
2024-08-05_01,66,38000,38000,0.3428,0.3370521366596222,-0.005747863340377801
2024-08-05_01,67,57000,38000,0.3888,0.3826501965522766,-0.006149803447723368
2024-08-05_01,68,76000,38000,0.2657,0.2218048870563507,-0.043895112943649284
2024-08-05_01,69,-76000,57000,0.2943,0.2920408844947815,-0.002259115505218512
2024-08-05_01,70,-57000,57000,0.4119,0.40985560417175293,-0.0020443958282470587
2024-08-05_01,71,-38000,57000,0.3675,0.36200472712516785,-0.005495272874832147
2024-08-05_01,72,-19000,57000,0.3422,0.33675116300582886,-0.005448836994171147
2024-08-05_01,73,0,57000,0.3341,0.3282358646392822,-0.0058641353607177815
2024-08-05_01,74,19000,57000,0.3465,0.3413015305995941,-0.0051984694004058585
2024-08-05_01,75,38000,57000,0.3753,0.37006914615631104,-0.005230853843688987
2024-08-05_01,76,57000,57000,0.4207,0.39632707834243774,-0.024372921657562274
2024-08-05_01,77,76000,57000,0.292,0.28998658061027527,-0.0020134193897247132
2024-08-05_01,78,-57000,76000,0.284,0.28373509645462036,-0.00026490354537961336
2024-08-05_01,79,-38000,76000,0.4189,0.38973870873451233,-0.029161291265487665
2024-08-05_01,80,-19000,76000,0.3922,0.3859346807003021,-0.006265319299697869
2024-08-05_01,81,0,76000,0.3835,0.37790846824645996,-0.005591531753540047
2024-08-05_01,82,19000,76000,0.396,0.390443354845047,-0.005556645154953022
2024-08-05_01,83,38000,76000,0.2057,0.28920722007751465,0.08350722007751465
2024-08-05_01,84,57000,76000,0.2821,0.28219980001449585,9.98000144958322e-05
2024-08-05_01,85,-19000,95000,0.2685,0.23860886693000793,-0.029891133069992082
2024-08-05_01,86,0,95000,0.2681,0.2349337935447693,-0.03316620645523072
2024-08-05_01,87,19000,95000,0.27,0.2307036817073822,-0.039296318292617816
2024-08-05_02,0,-19000,-95000,0.314,0.33573809266090393,0.02173809266090393
2024-08-05_02,1,0,-95000,0.329,0.34745073318481445,0.01845073318481444
2024-08-05_02,2,19000,-95000,0.315,0.33589258790016174,0.02089258790016174
2024-08-05_02,3,-57000,-76000,0.33,0.35744065046310425,0.027440650463104233
2024-08-05_02,4,-38000,-76000,0.2899,0.3096854090690613,0.01978540906906129
2024-08-05_02,5,-19000,-76000,0.2695,0.2735910713672638,0.004091071367263777
2024-08-05_02,6,0,-76000,0.21,0.25652486085891724,0.046524860858917244
2024-08-05_02,7,19000,-76000,0.2718,0.286080002784729,0.014280002784729018
2024-08-05_02,8,38000,-76000,0.2896,0.3089960813522339,0.019396081352233863
2024-08-05_02,9,57000,-76000,0.3229,0.34592121839523315,0.023021218395233134
2024-08-05_02,10,-76000,-57000,0.3206,0.3430964946746826,0.02249649467468262
2024-08-05_02,11,-57000,-57000,0.2728,0.28765976428985596,0.01485976428985597
2024-08-05_02,12,-38000,-57000,0.4156,0.3370436728000641,-0.07855632719993594
2024-08-05_02,13,-19000,-57000,0.3909,0.3890923261642456,-0.0018076738357544198
2024-08-05_02,14,0,-57000,0.3831,0.38223564624786377,-0.0008643537521362266
2024-08-05_02,15,19000,-57000,0.3933,0.3917725384235382,-0.001527461576461775
2024-08-05_02,16,38000,-57000,0.4187,0.2964126467704773,-0.12228735322952272
2024-08-05_02,17,57000,-57000,0.2732,0.2962789833545685,0.023078983354568483
2024-08-05_02,18,76000,-57000,0.3173,0.34019994735717773,0.022899947357177708
2024-08-05_02,19,-76000,-38000,0.2789,0.29713383316993713,0.018233833169937153
2024-08-05_02,20,-57000,-38000,0.407,0.41400620341300964,0.007006203413009671
2024-08-05_02,21,-38000,-38000,0.3656,0.3655421733856201,-5.782661437986336e-05
2024-08-05_02,22,-19000,-38000,0.3388,0.33822372555732727,-0.0005762744426727195
2024-08-05_02,23,0,-38000,0.3299,0.3284740447998047,-0.001425955200195339
2024-08-05_02,24,19000,-38000,0.3419,0.3411213457584381,-0.0007786542415618714
2024-08-05_02,25,38000,-38000,0.3705,0.37011846899986267,-0.0003815310001373251
2024-08-05_02,26,57000,-38000,0.4129,0.4089100956916809,-0.003989904308319081
2024-08-05_02,27,76000,-38000,0.2828,0.3000181317329407,0.017218131732940678
2024-08-05_02,28,-95000,-19000,0.2971,0.3204548954963684,0.023354895496368433
2024-08-05_02,29,-76000,-19000,0.208,0.23221717774868011,0.024217177748680124
2024-08-05_02,30,-57000,-19000,0.3736,0.37430495023727417,0.0007049502372741823
2024-08-05_02,31,-38000,-19000,0.3292,0.32896173000335693,-0.00023826999664305903
2024-08-05_02,32,-19000,-19000,0.3011,0.3003803789615631,-0.0007196210384368684
2024-08-05_02,33,0,-19000,0.2909,0.2898583710193634,-0.0010416289806365886
2024-08-05_02,34,19000,-19000,0.3045,0.3040471076965332,-0.00045289230346678977
2024-08-05_02,35,38000,-19000,0.3349,0.33438172936439514,-0.0005182706356048339
2024-08-05_02,36,57000,-19000,0.3822,0.38235020637512207,0.00015020637512208612
2024-08-05_02,37,76000,-19000,0.21,0.23430845141410828,0.024308451414108284
2024-08-05_02,38,95000,-19000,0.3037,0.3264230489730835,0.02272304897308347
2024-08-05_02,39,-95000,0,0.3028,0.3259662687778473,0.023166268777847276
2024-08-05_02,40,-76000,0,0.4144,0.3477286696434021,-0.06667133035659789
2024-08-05_02,41,-57000,0,0.3567,0.3577186167240143,0.0010186167240142652
2024-08-05_02,42,-38000,0,0.312,0.31249648332595825,0.0004964833259582524
2024-08-05_02,43,-19000,0,0.2821,0.28260594606399536,0.0005059460639953439
2024-08-05_02,44,19000,0,0.2864,0.2863209843635559,-7.901563644407972e-05
2024-08-05_02,45,38000,0,0.3194,0.3190858066082001,-0.000314193391799944
2024-08-05_02,46,57000,0,0.3673,0.36693018674850464,-0.0003698132514953767
2024-08-05_02,47,76000,0,0.2071,0.25729671120643616,0.05019671120643615
2024-08-05_02,48,95000,0,0.3046,0.32132476568222046,0.016724765682220477
2024-08-05_02,49,-95000,19000,0.2887,0.3040526509284973,0.015352650928497302
2024-08-05_02,50,-76000,19000,0.4145,0.3449859619140625,-0.06951403808593748
2024-08-05_02,51,-57000,19000,0.3563,0.3570096492767334,0.0007096492767333928
2024-08-05_02,52,-38000,19000,0.3121,0.3122655153274536,0.00016551532745362474
2024-08-05_02,53,-19000,19000,0.2844,0.2842406630516052,-0.00015933694839476154
2024-08-05_02,54,0,19000,0.2753,0.2755029797554016,0.00020297975540162216
2024-08-05_02,55,19000,19000,0.2878,0.28852635622024536,0.0007263562202453611
2024-08-05_02,56,38000,19000,0.3196,0.3196966052055359,9.660520553589347e-05
2024-08-05_02,57,57000,19000,0.3679,0.3677457273006439,-0.0001542726993560839
2024-08-05_02,58,76000,19000,0.2071,0.24257603287696838,0.03547603287696838
2024-08-05_02,59,95000,19000,0.2943,0.31091755628585815,0.016617556285858148
2024-08-05_02,60,-76000,38000,0.209,0.22633406519889832,0.017334065198898324
2024-08-05_02,61,-57000,38000,0.3724,0.3736516833305359,0.0012516833305358799
2024-08-05_02,62,-38000,38000,0.33,0.33071368932724,0.0007136893272399747
2024-08-05_02,63,-19000,38000,0.3043,0.30418914556503296,-0.00011085443496705594
2024-08-05_02,64,0,38000,0.2954,0.2959822714328766,0.000582271432876591
2024-08-05_02,65,19000,38000,0.3078,0.3089440166950226,0.001144016695022565
2024-08-05_02,66,38000,38000,0.3379,0.3387111723423004,0.0008111723423004369
2024-08-05_02,67,57000,38000,0.3838,0.384247750043869,0.00044775004386904405
2024-08-05_02,68,76000,38000,0.2597,0.26785218715667725,0.00815218715667726
2024-08-05_02,69,-76000,57000,0.291,0.3101606070995331,0.0191606070995331
2024-08-05_02,70,-57000,57000,0.4061,0.4132588803768158,0.007158880376815779
2024-08-05_02,71,-38000,57000,0.3632,0.3639303743839264,0.0007303743839263688
2024-08-05_02,72,-19000,57000,0.3382,0.33892038464546204,0.0007203846454620355
2024-08-05_02,73,0,57000,0.3298,0.33068421483039856,0.0008842148303985775
2024-08-05_02,74,19000,57000,0.342,0.34287625551223755,0.0008762555122375226
2024-08-05_02,75,38000,57000,0.3704,0.37151017785072327,0.0011101778507232596
2024-08-05_02,76,57000,57000,0.4155,0.3578249514102936,-0.0576750485897064
2024-08-05_02,77,76000,57000,0.2906,0.31113290786743164,0.020532907867431616
2024-08-05_02,78,-57000,76000,0.2821,0.3002915382385254,0.018191538238525373
2024-08-05_02,79,-38000,76000,0.4128,0.3484356105327606,-0.06436438946723938
2024-08-05_02,80,-19000,76000,0.3872,0.38713809847831726,-6.190152168272789e-05
2024-08-05_02,81,0,76000,0.3786,0.37991103529930115,0.0013110352993011554
2024-08-05_02,82,19000,76000,0.3909,0.39035487174987793,-0.0005451282501220955
2024-08-05_02,83,38000,76000,0.4188,0.2860424518585205,-0.1327575481414795
2024-08-05_02,84,57000,76000,0.2812,0.297146201133728,0.015946201133728022
2024-08-05_02,85,-19000,95000,0.21,0.26316478848457336,0.05316478848457337
2024-08-05_02,86,0,95000,0.2625,0.265322208404541,0.0028222084045410045
2024-08-05_02,87,19000,95000,0.2612,0.25570738315582275,-0.005492616844177234
2024-08-05_03,0,-19000,-95000,0.3187,0.3286970257759094,0.00999702577590944
2024-08-05_03,1,0,-95000,0.336,0.3362838923931122,0.00028389239311216174
2024-08-05_03,2,19000,-95000,0.3192,0.3198434114456177,0.000643411445617692
2024-08-05_03,3,-57000,-76000,0.3388,0.3563862442970276,0.017586244297027598
2024-08-05_03,4,-38000,-76000,0.2934,0.30776819586753845,0.014368195867538458
2024-08-05_03,5,-19000,-76000,0.2746,0.2706672251224518,-0.0039327748775482285
2024-08-05_03,6,0,-76000,0.2676,0.296652615070343,0.029052615070343013
2024-08-05_03,7,19000,-76000,0.276,0.2733292281627655,-0.00267077183723452
2024-08-05_03,8,38000,-76000,0.2932,0.2951555550098419,0.0019555550098419028
2024-08-05_03,9,57000,-76000,0.329,0.3299831449985504,0.0009831449985504004
2024-08-05_03,10,-76000,-57000,0.3276,0.3216022253036499,-0.0059977746963501
2024-08-05_03,11,-57000,-57000,0.2779,0.27079564332962036,-0.007104356670379619
2024-08-05_03,12,-38000,-57000,0.2051,0.2999795377254486,0.0948795377254486
2024-08-05_03,13,-19000,-57000,0.3978,0.40239542722702026,0.004595427227020277
2024-08-05_03,14,0,-57000,0.3897,0.39667585492134094,0.0069758549213409515
2024-08-05_03,15,19000,-57000,0.3996,0.40485629439353943,0.005256294393539418
2024-08-05_03,16,38000,-57000,0.2061,0.23767416179180145,0.03157416179180145
2024-08-05_03,17,57000,-57000,0.2775,0.27866291999816895,0.0011629199981689209
2024-08-05_03,18,76000,-57000,0.3215,0.327878475189209,0.006378475189208976
2024-08-05_03,19,-76000,-38000,0.2835,0.29129546880722046,0.007795468807220485
2024-08-05_03,20,-57000,-38000,0.4126,0.314513623714447,-0.098086376285553
2024-08-05_03,21,-38000,-38000,0.3721,0.37835994362831116,0.006259943628311171
2024-08-05_03,22,-19000,-38000,0.3459,0.35304883122444153,0.007148831224441543
2024-08-05_03,23,0,-38000,0.3362,0.34187427163124084,0.005674271631240846
2024-08-05_03,24,19000,-38000,0.3482,0.35413047671318054,0.0059304767131805325
2024-08-05_03,25,38000,-38000,0.3759,0.3843497335910797,0.0084497335910797
2024-08-05_03,26,57000,-38000,0.4179,0.2892829179763794,-0.1286170820236206
2024-08-05_03,27,76000,-38000,0.2859,0.2965199649333954,0.010619964933395398
2024-08-05_03,28,-95000,-19000,0.3,0.30256548523902893,0.0025654852390289418
2024-08-05_03,29,-76000,-19000,0.208,0.25114497542381287,0.043144975423812876
2024-08-05_03,30,-57000,-19000,0.3801,0.3874456584453583,0.007345658445358283
2024-08-05_03,31,-38000,-19000,0.3359,0.3450416922569275,0.009141692256927514
2024-08-05_03,32,-19000,-19000,0.3083,0.3160565197467804,0.007756519746780377
2024-08-05_03,33,0,-19000,0.2978,0.3062547445297241,0.008454744529724112
2024-08-05_03,34,19000,-19000,0.3112,0.3193027675151825,0.008102767515182518
2024-08-05_03,35,38000,-19000,0.3413,0.3499327301979065,0.008632730197906502
2024-08-05_03,36,57000,-19000,0.3879,0.39664381742477417,0.008743817424774147
2024-08-05_03,37,76000,-19000,0.21,0.26502954959869385,0.055029549598693855
2024-08-05_03,38,95000,-19000,0.3075,0.3014715611934662,-0.006028438806533809
2024-08-05_03,39,-95000,0,0.307,0.31741827726364136,0.010418277263641362
2024-08-05_03,40,-76000,0,0.4205,0.29087015986442566,-0.12962984013557433
2024-08-05_03,41,-57000,0,0.3633,0.3719610571861267,0.008661057186126697
2024-08-05_03,42,-38000,0,0.3192,0.3286305069923401,0.009430506992340104
2024-08-05_03,43,-19000,0,0.2894,0.2981078028678894,0.008707802867889414
2024-08-05_03,44,19000,0,0.2936,0.3008171617984772,0.007217161798477145
2024-08-05_03,45,38000,0,0.3263,0.33589059114456177,0.009590591144561789
2024-08-05_03,46,57000,0,0.3733,0.38261878490448,0.00931878490447996
2024-08-05_03,47,76000,0,0.2081,0.20698024332523346,-0.0011197566747665477
2024-08-05_03,48,95000,0,0.3084,0.3088134229183197,0.0004134229183196947
2024-08-05_03,49,-95000,19000,0.292,0.2927866280078888,0.0007866280078888122
2024-08-05_03,50,-76000,19000,0.4208,0.2810240387916565,-0.1397759612083435
2024-08-05_03,51,-57000,19000,0.3628,0.37212812900543213,0.009328129005432118
2024-08-05_03,52,-38000,19000,0.3196,0.33017629384994507,0.010576293849945073
2024-08-05_03,53,-19000,19000,0.2919,0.30077970027923584,0.008879700279235847
2024-08-05_03,54,0,19000,0.283,0.29249703884124756,0.009497038841247585
2024-08-05_03,55,19000,19000,0.2957,0.305205374956131,0.009505374956130963
2024-08-05_03,56,38000,19000,0.3267,0.3359783887863159,0.009278388786315928
2024-08-05_03,57,57000,19000,0.3738,0.38209497928619385,0.008294979286193827
2024-08-05_03,58,76000,19000,0.21,0.23818671703338623,0.028186717033386238
2024-08-05_03,59,95000,19000,0.2981,0.2966601848602295,-0.001439815139770484
2024-08-05_03,60,-76000,38000,0.21,0.25555598735809326,0.04555598735809327
2024-08-05_03,61,-57000,38000,0.379,0.38827642798423767,0.009276427984237667
2024-08-05_03,62,-38000,38000,0.3376,0.3475804924964905,0.009980492496490467
2024-08-05_03,63,-19000,38000,0.312,0.32104572653770447,0.009045726537704468
2024-08-05_03,64,0,38000,0.3032,0.31185847520828247,0.008658475208282446
2024-08-05_03,65,19000,38000,0.3159,0.32479777932167053,0.008897779321670518
2024-08-05_03,66,38000,38000,0.3452,0.3543514013290405,0.00915140132904052
2024-08-05_03,67,57000,38000,0.3899,0.3990194499492645,0.009119449949264502
2024-08-05_03,68,76000,38000,0.2662,0.2792740762233734,0.013074076223373421
2024-08-05_03,69,-76000,57000,0.2969,0.29522281885147095,-0.00167718114852905
2024-08-05_03,70,-57000,57000,0.4127,0.29696163535118103,-0.11573836464881898
2024-08-05_03,71,-38000,57000,0.37,0.3801492154598236,0.010149215459823613
2024-08-05_03,72,-19000,57000,0.3458,0.35458308458328247,0.008783084583282474
2024-08-05_03,73,0,57000,0.3375,0.3474406599998474,0.00994065999984739
2024-08-05_03,74,19000,57000,0.3493,0.3578140139579773,0.008514013957977296
2024-08-05_03,75,38000,57000,0.3773,0.3862376809120178,0.008937680912017798
2024-08-05_03,76,57000,57000,0.421,0.30895113945007324,-0.11204886054992674
2024-08-05_03,77,76000,57000,0.2943,0.2939702570438385,-0.00032974295616150506
2024-08-05_03,78,-57000,76000,0.285,0.27641013264656067,-0.008589867353439307
2024-08-05_03,79,-38000,76000,0.4196,0.31119972467422485,-0.10840027532577512
2024-08-05_03,80,-19000,76000,0.3939,0.40349218249320984,0.009592182493209866
2024-08-05_03,81,0,76000,0.3852,0.39609938859939575,0.010899388599395765
2024-08-05_03,82,19000,76000,0.3972,0.4070131480693817,0.009813148069381716
2024-08-05_03,83,38000,76000,0.2052,0.1892426609992981,-0.015957339000701898
2024-08-05_03,84,57000,76000,0.2845,0.29432082176208496,0.009820821762084986
2024-08-05_03,85,-19000,95000,0.2685,0.2652972340583801,-0.0032027659416198895
2024-08-05_03,86,0,95000,0.2704,0.2631531357765198,-0.007246864223480198
2024-08-05_03,87,19000,95000,0.2685,0.2822117507457733,0.013711750745773299
2024-08-05_04,0,-19000,-95000,0.3248,0.31277745962142944,-0.012022540378570534
2024-08-05_04,1,0,-95000,0.3402,0.34099841117858887,0.0007984111785888648
2024-08-05_04,2,19000,-95000,0.3225,0.3141733407974243,-0.008326659202575692
2024-08-05_04,3,-57000,-76000,0.3434,0.3349650502204895,-0.008434949779510481
2024-08-05_04,4,-38000,-76000,0.2957,0.2964359521865845,0.0007359521865844543
2024-08-05_04,5,-19000,-76000,0.2779,0.2828764319419861,0.004976431941986104
2024-08-05_04,6,0,-76000,0.2709,0.2561377286911011,-0.0147622713088989
2024-08-05_04,7,19000,-76000,0.2779,0.2883007824420929,0.010400782442092915
2024-08-05_04,8,38000,-76000,0.2948,0.2889423966407776,-0.005857603359222419
2024-08-05_04,9,57000,-76000,0.3318,0.31639614701271057,-0.015403852987289413
2024-08-05_04,10,-76000,-57000,0.3337,0.3281683921813965,-0.005531607818603512
2024-08-05_04,11,-57000,-57000,0.2803,0.2672334611415863,-0.01306653885841369
2024-08-05_04,12,-38000,-57000,0.205,0.26994937658309937,0.06494937658309938
2024-08-05_04,13,-19000,-57000,0.4001,0.40025097131729126,0.00015097131729124857
2024-08-05_04,14,0,-57000,0.3915,0.3912908732891083,-0.0002091267108917383
2024-08-05_04,15,19000,-57000,0.4013,0.39743804931640625,-0.00386195068359374
2024-08-05_04,16,38000,-57000,0.2069,0.2466704249382019,0.039770424938201904
2024-08-05_04,17,57000,-57000,0.2793,0.2817267179489136,0.0024267179489135815
2024-08-05_04,18,76000,-57000,0.3239,0.32717350125312805,0.0032735012531280305
2024-08-05_04,19,-76000,-38000,0.2866,0.27380919456481934,-0.012790805435180685
2024-08-05_04,20,-57000,-38000,0.417,0.31571000814437866,-0.10128999185562132
2024-08-05_04,21,-38000,-38000,0.3754,0.3745797276496887,-0.0008202723503112908
2024-08-05_04,22,-19000,-38000,0.3481,0.34777939319610596,-0.0003206068038940635
2024-08-05_04,23,0,-38000,0.3377,0.3384205996990204,0.0007205996990203856
2024-08-05_04,24,19000,-38000,0.35,0.3495746850967407,-0.00042531490325925514
2024-08-05_04,25,38000,-38000,0.378,0.3784894347190857,0.0004894347190856907
2024-08-05_04,26,57000,-38000,0.4201,0.27306050062179565,-0.14703949937820432
2024-08-05_04,27,76000,-38000,0.2873,0.2923125624656677,0.005012562465667725
2024-08-05_04,28,-95000,-19000,0.3018,0.30317223072052,0.0013722307205200068
2024-08-05_04,29,-76000,-19000,0.209,0.20294180512428284,-0.006058194875717154
2024-08-05_04,30,-57000,-19000,0.3833,0.3837011754512787,0.00040117545127871246
2024-08-05_04,31,-38000,-19000,0.3388,0.3407247066497803,0.0019247066497802834
2024-08-05_04,32,-19000,-19000,0.3105,0.31058570742607117,8.570742607116877e-05
2024-08-05_04,33,0,-19000,0.2995,0.30279722809791565,0.003297228097915661
2024-08-05_04,34,19000,-19000,0.313,0.31527000665664673,0.002270006656646728
2024-08-05_04,35,38000,-19000,0.3433,0.3462681174278259,0.0029681174278259337
2024-08-05_04,36,57000,-19000,0.3901,0.39070045948028564,0.0006004594802856422
2024-08-05_04,37,76000,-19000,0.2624,0.24330677092075348,-0.019093229079246543
2024-08-05_04,38,95000,-19000,0.3084,0.294498473405838,-0.013901526594161995
2024-08-05_04,39,-95000,0,0.3107,0.291451096534729,-0.019248903465270972
2024-08-05_04,40,-76000,0,0.2046,0.2465474158525467,0.04194741585254669
2024-08-05_04,41,-57000,0,0.3665,0.36800673604011536,0.001506736040115364
2024-08-05_04,42,-38000,0,0.3221,0.32296282052993774,0.0008628205299377467
2024-08-05_04,43,-19000,0,0.2921,0.2953362762928009,0.003236276292800877
2024-08-05_04,44,19000,0,0.2955,0.2964177429676056,0.0009177429676056059
2024-08-05_04,45,38000,0,0.3284,0.33039432764053345,0.001994327640533422
2024-08-05_04,46,57000,0,0.3752,0.3753291666507721,0.00012916665077211675
2024-08-05_04,47,76000,0,0.2081,0.21620872616767883,0.008108726167678826
2024-08-05_04,48,95000,0,0.3089,0.2997112572193146,-0.009188742780685433
2024-08-05_04,49,-95000,19000,0.2941,0.29211294651031494,-0.001987053489685031
2024-08-05_04,50,-76000,19000,0.2057,0.2575926184654236,0.05189261846542359
2024-08-05_04,51,-57000,19000,0.3658,0.3695079982280731,0.003707998228073106
2024-08-05_04,52,-38000,19000,0.3225,0.32346075773239136,0.0009607577323913485
2024-08-05_04,53,-19000,19000,0.2947,0.29739826917648315,0.002698269176483137
2024-08-05_04,54,0,19000,0.2858,0.28725507855415344,0.001455078554153444
2024-08-05_04,55,19000,19000,0.2981,0.2994334101676941,0.0013334101676941157
2024-08-05_04,56,38000,19000,0.3291,0.33301079273223877,0.003910792732238766
2024-08-05_04,57,57000,19000,0.3762,0.37863418459892273,0.0024341845989227506
2024-08-05_04,58,76000,19000,0.209,0.21596230566501617,0.006962305665016183
2024-08-05_04,59,95000,19000,0.2995,0.283829927444458,-0.01567007255554198
2024-08-05_04,60,-76000,38000,0.2092,0.24658754467964172,0.03738754467964173
2024-08-05_04,61,-57000,38000,0.3823,0.38502243161201477,0.0027224316120147973
2024-08-05_04,62,-38000,38000,0.3405,0.3429392874240875,0.0024392874240874995
2024-08-05_04,63,-19000,38000,0.3148,0.31566154956817627,0.0008615495681762453
2024-08-05_04,64,0,38000,0.3062,0.30775392055511475,0.0015539205551147184
2024-08-05_04,65,19000,38000,0.3185,0.3213350176811218,0.002835017681121821
2024-08-05_04,66,38000,38000,0.3475,0.3493156135082245,0.0018156135082245117
2024-08-05_04,67,57000,38000,0.3922,0.3933783173561096,0.001178317356109626
2024-08-05_04,68,76000,38000,0.269,0.25705686211586,-0.011943137884140032
2024-08-05_04,69,-76000,57000,0.3002,0.3079836964607239,0.007783696460723855
2024-08-05_04,70,-57000,57000,0.4168,0.2834891974925995,-0.13331080250740052
2024-08-05_04,71,-38000,57000,0.3732,0.3760167956352234,0.0028167956352234125
2024-08-05_04,72,-19000,57000,0.3486,0.3515567481517792,0.002956748151779154
2024-08-05_04,73,0,57000,0.3403,0.34298232197761536,0.002682321977615365
2024-08-05_04,74,19000,57000,0.3522,0.3540576696395874,0.0018576696395873893
2024-08-05_04,75,38000,57000,0.3797,0.3817702829837799,0.0020702829837799253
2024-08-05_04,76,57000,57000,0.2062,0.2515421509742737,0.04534215097427369
2024-08-05_04,77,76000,57000,0.2957,0.29265981912612915,-0.003040180873870868
2024-08-05_04,78,-57000,76000,0.2906,0.2943246066570282,0.0037246066570281733
2024-08-05_04,79,-38000,76000,0.2057,0.2667708992958069,0.06107089929580689
2024-08-05_04,80,-19000,76000,0.3975,0.39889249205589294,0.0013924920558929244
2024-08-05_04,81,0,76000,0.3885,0.3915002644062042,0.0030002644062042116
2024-08-05_04,82,19000,76000,0.4004,0.4019722044467926,0.0015722044467926244
2024-08-05_04,83,38000,76000,0.2071,0.20231246948242188,-0.004787530517578131
2024-08-05_04,84,57000,76000,0.2868,0.2804394066333771,-0.006360593366622924
2024-08-05_04,85,-19000,95000,0.2723,0.28602439165115356,0.013724391651153578
2024-08-05_04,86,0,95000,0.2765,0.26789790391921997,-0.008602096080780053
2024-08-05_04,87,19000,95000,0.2728,0.2876657247543335,0.01486572475433351
2024-08-05_05,0,-19000,-95000,0.3434,0.32297831773757935,-0.020421682262420637
2024-08-05_05,1,0,-95000,0.345,0.33667874336242676,-0.008321256637573216
2024-08-05_05,2,19000,-95000,0.3257,0.32176119089126587,-0.00393880910873412
2024-08-05_05,3,-57000,-76000,0.3482,0.33915841579437256,-0.009041584205627451
2024-08-05_05,4,-38000,-76000,0.299,0.2916423976421356,-0.007357602357864368
2024-08-05_05,5,-19000,-76000,0.2821,0.2649221420288086,-0.017177857971191424
2024-08-05_05,6,0,-76000,0.2742,0.28371888399124146,0.009518883991241456
2024-08-05_05,7,19000,-76000,0.2803,0.2697642743587494,-0.010535725641250604
2024-08-05_05,8,38000,-76000,0.2964,0.28887805342674255,-0.007521946573257443
2024-08-05_05,9,57000,-76000,0.3375,0.328571617603302,-0.00892838239669802
2024-08-05_05,10,-76000,-57000,0.3377,0.33028942346572876,-0.00741057653427124
2024-08-05_05,11,-57000,-57000,0.2826,0.26967060565948486,-0.012929394340515155
2024-08-05_05,12,-38000,-57000,0.207,0.2603299021720886,0.053329902172088633
2024-08-05_05,13,-19000,-57000,0.4046,0.4023938775062561,-0.0022061224937439117
2024-08-05_05,14,0,-57000,0.396,0.39483708143234253,-0.0011629185676574894
2024-08-05_05,15,19000,-57000,0.4052,0.4041841924190521,-0.0010158075809478806
2024-08-05_05,16,38000,-57000,0.2083,0.2401650995016098,0.03186509950160979
2024-08-05_05,17,57000,-57000,0.2831,0.27030736207962036,-0.012792637920379657
2024-08-05_05,18,76000,-57000,0.3295,0.32406580448150635,-0.0054341955184936674
2024-08-05_05,19,-76000,-38000,0.2892,0.2828320264816284,-0.006367973518371595
2024-08-05_05,20,-57000,-38000,0.4206,0.34670189023017883,-0.07389810976982114
2024-08-05_05,21,-38000,-38000,0.379,0.3788743019104004,-0.00012569808959961293
2024-08-05_05,22,-19000,-38000,0.3524,0.3514723479747772,-0.0009276520252227693
2024-08-05_05,23,0,-38000,0.3428,0.3424820899963379,-0.000317910003662103
2024-08-05_05,24,19000,-38000,0.3546,0.35469844937324524,9.844937324521297e-05
2024-08-05_05,25,38000,-38000,0.3832,0.38296234607696533,-0.00023765392303465305
2024-08-05_05,26,57000,-38000,0.206,0.33341580629348755,0.12741580629348756
2024-08-05_05,27,76000,-38000,0.2903,0.2843859791755676,-0.0059140208244323755
2024-08-05_05,28,-95000,-19000,0.3046,0.30052635073661804,-0.00407364926338194
2024-08-05_05,29,-76000,-19000,0.2081,0.2507058382034302,0.04260583820343017
2024-08-05_05,30,-57000,-19000,0.3885,0.3885330557823181,3.3055782318103244e-05
2024-08-05_05,31,-38000,-19000,0.3437,0.34412580728530884,0.0004258072853088324
2024-08-05_05,32,-19000,-19000,0.3154,0.3157113194465637,0.000311319446563707
2024-08-05_05,33,0,-19000,0.3046,0.3048548698425293,0.000254869842529315
2024-08-05_05,34,19000,-19000,0.3185,0.3185286223888397,2.862238883971635e-05
2024-08-05_05,35,38000,-19000,0.3489,0.3482440412044525,-0.0006559587955474733
2024-08-05_05,36,57000,-19000,0.3955,0.39493998885154724,-0.000560011148452777
2024-08-05_05,37,76000,-19000,0.2685,0.27025285363197327,0.0017528536319732502
2024-08-05_05,38,95000,-19000,0.3121,0.30267831683158875,-0.009421683168411243
2024-08-05_05,39,-95000,0,0.315,0.30566519498825073,-0.00933480501174927
2024-08-05_05,40,-76000,0,0.2065,0.2651159167289734,0.0586159167289734
2024-08-05_05,41,-57000,0,0.372,0.37200498580932617,4.9858093261745395e-06
2024-08-05_05,42,-38000,0,0.3278,0.32726776599884033,-0.0005322340011596483
2024-08-05_05,43,-19000,0,0.2977,0.29792284965515137,0.00022284965515134703
2024-08-05_05,44,19000,0,0.3014,0.30082324147224426,-0.0005767585277557385
2024-08-05_05,45,38000,0,0.3343,0.3341752588748932,-0.00012474112510679758
2024-08-05_05,46,57000,0,0.381,0.3806834816932678,-0.00031651830673218306
2024-08-05_05,47,76000,0,0.21,0.24147281050682068,0.031472810506820686
2024-08-05_05,48,95000,0,0.3135,0.30881842970848083,-0.004681570291519166
2024-08-05_05,49,-95000,19000,0.2967,0.29304996132850647,-0.0036500386714935495
2024-08-05_05,50,-76000,19000,0.2071,0.266161173582077,0.05906117358207702
2024-08-05_05,51,-57000,19000,0.3715,0.3714548945426941,-4.5105457305905095e-05
2024-08-05_05,52,-38000,19000,0.3283,0.32856836915016174,0.00026836915016176244
2024-08-05_05,53,-19000,19000,0.3005,0.3002855181694031,-0.00021448183059691317
2024-08-05_05,54,0,19000,0.2915,0.29134583473205566,-0.00015416526794431729
2024-08-05_05,55,19000,19000,0.3041,0.30397918820381165,-0.00012081179618833593
2024-08-05_05,56,38000,19000,0.3352,0.33466392755508423,-0.0005360724449157694
2024-08-05_05,57,57000,19000,0.3821,0.38170671463012695,-0.0003932853698730421
2024-08-05_05,58,76000,19000,0.21,0.24346837401390076,0.033468374013900765
2024-08-05_05,59,95000,19000,0.3023,0.2972692549228668,-0.005030745077133192
2024-08-05_05,60,-76000,38000,0.2653,0.2635493874549866,-0.001750612545013408
2024-08-05_05,61,-57000,38000,0.3881,0.38819918036460876,9.918036460876412e-05
2024-08-05_05,62,-38000,38000,0.3463,0.3461667597293854,-0.00013324027061462074
2024-08-05_05,63,-19000,38000,0.3206,0.32100188732147217,0.0004018873214721719
2024-08-05_05,64,0,38000,0.3125,0.3121783137321472,-0.0003216862678527832
2024-08-05_05,65,19000,38000,0.3246,0.3243182897567749,-0.0002817102432250973
2024-08-05_05,66,38000,38000,0.3537,0.3532441556453705,-0.000455844354629531
2024-08-05_05,67,57000,38000,0.3979,0.39768627285957336,-0.00021372714042661167
2024-08-05_05,68,76000,38000,0.2737,0.27645769715309143,0.002757697153091432
2024-08-05_05,69,-76000,57000,0.3035,0.2997784912586212,-0.003721508741378776
2024-08-05_05,70,-57000,57000,0.2043,0.333570271730423,0.12927027173042296
2024-08-05_05,71,-38000,57000,0.379,0.3794763684272766,0.0004763684272766078
2024-08-05_05,72,-19000,57000,0.3546,0.35450679063796997,-9.320936203005559e-05
2024-08-05_05,73,0,57000,0.3464,0.3460041880607605,-0.00039581193923948765
2024-08-05_05,74,19000,57000,0.3579,0.35766249895095825,-0.00023750104904174396
2024-08-05_05,75,38000,57000,0.3855,0.38592037558555603,0.00042037558555602095
2024-08-05_05,76,57000,57000,0.208,0.276998907327652,0.06899890732765199
2024-08-05_05,77,76000,57000,0.2992,0.2903723120689392,-0.008827687931060813
2024-08-05_05,78,-57000,76000,0.2929,0.28436821699142456,-0.008531783008575433
2024-08-05_05,79,-38000,76000,0.2071,0.26652830839157104,0.05942830839157104
2024-08-05_05,80,-19000,76000,0.4031,0.4027853012084961,-0.0003146987915039201
2024-08-05_05,81,0,76000,0.3943,0.3936760425567627,-0.0006239574432372885
2024-08-05_05,82,19000,76000,0.406,0.40524134039878845,-0.0007586596012115754
2024-08-05_05,83,38000,76000,0.2091,0.24458172917366028,0.03548172917366027
2024-08-05_05,84,57000,76000,0.2908,0.28483495116233826,-0.005965048837661746
2024-08-05_05,85,-19000,95000,0.276,0.2750217914581299,-0.0009782085418701403
2024-08-05_05,86,0,95000,0.2803,0.2690487802028656,-0.011251219797134393
2024-08-05_05,87,19000,95000,0.277,0.2724273204803467,-0.004572679519653344
2024-08-05_06,0,-19000,-95000,0.3557,0.33063235878944397,-0.025067641210556046
2024-08-05_06,1,0,-95000,0.3507,0.35080859065055847,0.00010859065055845996
2024-08-05_06,2,19000,-95000,0.329,0.3230630159378052,-0.005936984062194839
2024-08-05_06,3,-57000,-76000,0.3516,0.3555711507797241,0.0039711507797240975
2024-08-05_06,4,-38000,-76000,0.3056,0.3037157356739044,-0.0018842643260955638
2024-08-05_06,5,-19000,-76000,0.2932,0.29442107677459717,0.0012210767745971518
2024-08-05_06,6,0,-76000,0.2789,0.27541548013687134,-0.0034845198631286434
2024-08-05_06,7,19000,-76000,0.2831,0.29710692167282104,0.014006921672821027
2024-08-05_06,8,38000,-76000,0.2978,0.311542272567749,0.013742272567749014
2024-08-05_06,9,57000,-76000,0.3416,0.33994820713996887,-0.0016517928600311427
2024-08-05_06,10,-76000,-57000,0.3425,0.3452606201171875,0.0027606201171874734
2024-08-05_06,11,-57000,-57000,0.2857,0.29241710901260376,0.00671710901260375
2024-08-05_06,12,-38000,-57000,0.2081,0.22368338704109192,0.015583387041091912
2024-08-05_06,13,-19000,-57000,0.4098,0.40227094292640686,-0.007529057073593137
2024-08-05_06,14,0,-57000,0.4008,0.39463573694229126,-0.00616426305770873
2024-08-05_06,15,19000,-57000,0.4096,0.4057430922985077,-0.003856907701492329
2024-08-05_06,16,38000,-57000,0.2089,0.20640143752098083,-0.0024985624790191674
2024-08-05_06,17,57000,-57000,0.2854,0.29648858308792114,0.011088583087921156
2024-08-05_06,18,76000,-57000,0.3332,0.3395964503288269,0.006396450328826908
2024-08-05_06,19,-76000,-38000,0.2915,0.29496684670448303,0.003466846704483051
2024-08-05_06,20,-57000,-38000,0.205,0.28914880752563477,0.08414880752563478
2024-08-05_06,21,-38000,-38000,0.3843,0.3788004517555237,-0.005499548244476293
2024-08-05_06,22,-19000,-38000,0.3579,0.35089045763015747,-0.007009542369842525
2024-08-05_06,23,0,-38000,0.3487,0.34258008003234863,-0.006119919967651377
2024-08-05_06,24,19000,-38000,0.3602,0.3541174829006195,-0.006082517099380513
2024-08-05_06,25,38000,-38000,0.3881,0.38340550661087036,-0.004694493389129639
2024-08-05_06,26,57000,-38000,0.2071,0.26761355996131897,0.06051355996131896
2024-08-05_06,27,76000,-38000,0.2925,0.2947492301464081,0.002249230146408099
2024-08-05_06,28,-95000,-19000,0.3067,0.3220578134059906,0.015357813405990628
2024-08-05_06,29,-76000,-19000,0.2643,0.22907134890556335,-0.035228651094436625
2024-08-05_06,30,-57000,-19000,0.3939,0.3889925479888916,-0.004907452011108371
2024-08-05_06,31,-38000,-19000,0.3495,0.3437964916229248,-0.005703508377075173
2024-08-05_06,32,-19000,-19000,0.3215,0.3147627115249634,-0.006737288475036629
2024-08-05_06,33,0,-19000,0.3108,0.30459821224212646,-0.006201787757873556
2024-08-05_06,34,19000,-19000,0.3244,0.3181127607822418,-0.0062872392177582
2024-08-05_06,35,38000,-19000,0.3543,0.34760600328445435,-0.006693996715545658
2024-08-05_06,36,57000,-19000,0.4003,0.3943575322628021,-0.005942467737197865
2024-08-05_06,37,76000,-19000,0.2723,0.2559109926223755,-0.016389007377624498
2024-08-05_06,38,95000,-19000,0.3145,0.32189661264419556,0.007396612644195555
2024-08-05_06,39,-95000,0,0.3178,0.32505497336387634,0.007254973363876316
2024-08-05_06,40,-76000,0,0.2081,0.2190805971622467,0.010980597162246697
2024-08-05_06,41,-57000,0,0.3771,0.3716527223587036,-0.0054472776412963775
2024-08-05_06,42,-38000,0,0.3336,0.32768580317497253,-0.0059141968250274735
2024-08-05_06,43,-19000,0,0.3037,0.29758864641189575,-0.0061113535881042735
2024-08-05_06,44,19000,0,0.3072,0.30038535594940186,-0.006814644050598118
2024-08-05_06,45,38000,0,0.3398,0.3352104723453522,-0.004589527654647818
2024-08-05_06,46,57000,0,0.3859,0.3812595009803772,-0.0046404990196228235
2024-08-05_06,47,76000,0,0.21,0.2109367847442627,0.0009367847442627031
2024-08-05_06,48,95000,0,0.3159,0.31895264983177185,0.0030526498317718365
2024-08-05_06,49,-95000,19000,0.299,0.3073870837688446,0.008387083768844616
2024-08-05_06,50,-76000,19000,0.2089,0.2266365885734558,0.017736588573455808
2024-08-05_06,51,-57000,19000,0.3767,0.3724413514137268,-0.004258648586273173
2024-08-05_06,52,-38000,19000,0.334,0.32887187600135803,-0.005128123998641987
2024-08-05_06,53,-19000,19000,0.3063,0.30043357610702515,-0.00586642389297487
2024-08-05_06,54,0,19000,0.297,0.29106831550598145,-0.005931684494018541
2024-08-05_06,55,19000,19000,0.3096,0.30442553758621216,-0.005174462413787828
2024-08-05_06,56,38000,19000,0.3404,0.3360752761363983,-0.004324723863601665
2024-08-05_06,57,57000,19000,0.3863,0.3816334307193756,-0.004666569280624366
2024-08-05_06,58,76000,19000,0.21,0.2115688920021057,0.0015688920021057207
2024-08-05_06,59,95000,19000,0.3042,0.3139971196651459,0.009797119665145848
2024-08-05_06,60,-76000,38000,0.27,0.248602956533432,-0.02139704346656801
2024-08-05_06,61,-57000,38000,0.3928,0.38912588357925415,-0.003674116420745832
2024-08-05_06,62,-38000,38000,0.3517,0.3465144634246826,-0.005185536575317395
2024-08-05_06,63,-19000,38000,0.3263,0.32244306802749634,-0.003856931972503641
2024-08-05_06,64,0,38000,0.3174,0.3125879168510437,-0.004812083148956314
2024-08-05_06,65,19000,38000,0.3297,0.3258037865161896,-0.003896213483810418
2024-08-05_06,66,38000,38000,0.3584,0.3534351587295532,-0.004964841270446774
2024-08-05_06,67,57000,38000,0.402,0.39885371923446655,-0.0031462807655334712
2024-08-05_06,68,76000,38000,0.277,0.2890413999557495,0.012041399955749488
2024-08-05_06,69,-76000,57000,0.306,0.310219943523407,0.004219943523406988
2024-08-05_06,70,-57000,57000,0.2065,0.2658562958240509,0.059356295824050914
2024-08-05_06,71,-38000,57000,0.3839,0.3809468150138855,-0.002953184986114521
2024-08-05_06,72,-19000,57000,0.3594,0.35535553097724915,-0.004044469022750852
2024-08-05_06,73,0,57000,0.351,0.3461322784423828,-0.004867721557617166
2024-08-05_06,74,19000,57000,0.3625,0.3590576946735382,-0.003442305326461781
2024-08-05_06,75,38000,57000,0.39,0.3860979378223419,-0.0039020621776580944
2024-08-05_06,76,57000,57000,0.209,0.21782170236110687,0.008821702361106881
2024-08-05_06,77,76000,57000,0.3009,0.30264273285865784,0.0017427328586578361
2024-08-05_06,78,-57000,76000,0.2962,0.30595502257347107,0.00975502257347105
2024-08-05_06,79,-38000,76000,0.2091,0.21565580368041992,0.006555803680419914
2024-08-05_06,80,-19000,76000,0.4075,0.40448683500289917,-0.0030131649971008034
2024-08-05_06,81,0,76000,0.3986,0.3957313597202301,-0.0028686402797699073
2024-08-05_06,82,19000,76000,0.4102,0.40688103437423706,-0.0033189656257629485
2024-08-05_06,83,38000,76000,0.2091,0.20367690920829773,-0.005423090791702279
2024-08-05_06,84,57000,76000,0.2929,0.29871031641960144,0.005810316419601447
2024-08-05_06,85,-19000,95000,0.2803,0.29766249656677246,0.017362496566772467
2024-08-05_06,86,0,95000,0.284,0.30164915323257446,0.017649153232574488
2024-08-05_06,87,19000,95000,0.2798,0.2892862558364868,0.009486255836486823
2024-08-07_01,0,-19000,-95000,0.3262,0.339750736951828,0.013550736951828013
2024-08-07_01,1,0,-95000,0.3416,0.3474203646183014,0.005820364618301377
2024-08-07_01,2,19000,-95000,0.322,0.3295796513557434,0.0075796513557434
2024-08-07_01,3,-57000,-76000,0.3381,0.3458980321884155,0.007798032188415516
2024-08-07_01,4,-38000,-76000,0.2936,0.29961591958999634,0.00601591958999631
2024-08-07_01,5,-19000,-76000,0.2742,0.31545382738113403,0.041253827381134034
2024-08-07_01,6,0,-76000,0.2657,0.3169458210468292,0.05124582104682923
2024-08-07_01,7,19000,-76000,0.2756,0.29971185326576233,0.024111853265762317
2024-08-07_01,8,38000,-76000,0.2925,0.30716997385025024,0.014669973850250262
2024-08-07_01,9,57000,-76000,0.3332,0.34275418519973755,0.009554185199737553
2024-08-07_01,10,-76000,-57000,0.3253,0.33853277564048767,0.013232775640487693
2024-08-07_01,11,-57000,-57000,0.2751,0.3046216666698456,0.02952166666984557
2024-08-07_01,12,-38000,-57000,0.4194,0.4399827718734741,0.020582771873474126
2024-08-07_01,13,-19000,-57000,0.3933,0.3897261321544647,-0.0035738678455352613
2024-08-07_01,14,0,-57000,0.3852,0.3823724091053009,-0.0028275908946990835
2024-08-07_01,15,19000,-57000,0.3954,0.3936087191104889,-0.001791280889511082
2024-08-07_01,16,38000,-57000,0.2025,0.40497541427612305,0.20247541427612303
2024-08-07_01,17,57000,-57000,0.2775,0.3131270706653595,0.03562707066535947
2024-08-07_01,18,76000,-57000,0.3262,0.3334015905857086,0.007201590585708628
2024-08-07_01,19,-76000,-38000,0.2812,0.29204437136650085,0.010844371366500849
2024-08-07_01,20,-57000,-38000,0.4093,0.43759629130363464,0.028296291303634646
2024-08-07_01,21,-38000,-38000,0.3675,0.36598265171051025,-0.0015173482894897394
2024-08-07_01,22,-19000,-38000,0.3404,0.33878135681152344,-0.0016186431884765429
2024-08-07_01,23,0,-38000,0.331,0.3290145695209503,-0.001985430479049699
2024-08-07_01,24,19000,-38000,0.3434,0.34178653359413147,-0.0016134664058685133
2024-08-07_01,25,38000,-38000,0.3726,0.37080031633377075,-0.0017996836662292348
2024-08-07_01,26,57000,-38000,0.416,0.45887500047683716,0.04287500047683718
2024-08-07_01,27,76000,-38000,0.2859,0.30064404010772705,0.014744040107727063
2024-08-07_01,28,-95000,-19000,0.2995,0.3174554109573364,0.017955410957336437
2024-08-07_01,29,-76000,-19000,0.2078,0.31981799006462097,0.11201799006462096
2024-08-07_01,30,-57000,-19000,0.376,0.37465861439704895,-0.0013413856029510507
2024-08-07_01,31,-38000,-19000,0.3307,0.3291518986225128,-0.0015481013774871766
2024-08-07_01,32,-19000,-19000,0.3025,0.30039218068122864,-0.0021078193187713534
2024-08-07_01,33,0,-19000,0.292,0.288909375667572,-0.0030906243324279603
2024-08-07_01,34,19000,-19000,0.3058,0.3039301633834839,-0.0018698366165161295
2024-08-07_01,35,38000,-19000,0.3369,0.3342014253139496,-0.0026985746860503923
2024-08-07_01,36,57000,-19000,0.385,0.38311898708343506,-0.0018810129165649503
2024-08-07_01,37,76000,-19000,0.21,0.3001863956451416,0.09018639564514161
2024-08-07_01,38,95000,-19000,0.3075,0.3141423165798187,0.00664231657981873
2024-08-07_01,39,-95000,0,0.3042,0.3122240900993347,0.00802409009933469
2024-08-07_01,40,-76000,0,0.4167,0.43917495012283325,0.022474950122833237
2024-08-07_01,41,-57000,0,0.359,0.35748493671417236,-0.0015150632858276225
2024-08-07_01,42,-38000,0,0.3139,0.312438040971756,-0.001461959028244031
2024-08-07_01,43,-19000,0,0.2841,0.2824752628803253,-0.0016247371196747018
2024-08-07_01,44,19000,0,0.288,0.2861554026603699,-0.0018445973396301052
2024-08-07_01,45,38000,0,0.3217,0.3203468918800354,-0.0013531081199645856
2024-08-07_01,46,57000,0,0.37,0.3677046000957489,-0.002295399904251094
2024-08-07_01,47,76000,0,0.2081,0.3050568699836731,0.09695686998367309
2024-08-07_01,48,95000,0,0.3084,0.3112584948539734,0.002858494853973381
2024-08-07_01,49,-95000,19000,0.291,0.2996084988117218,0.00860849881172182
2024-08-07_01,50,-76000,19000,0.417,0.41991502046585083,0.0029150204658508483
2024-08-07_01,51,-57000,19000,0.3583,0.35769951343536377,-0.0006004865646362378
2024-08-07_01,52,-38000,19000,0.3144,0.312330424785614,-0.002069575214385999
2024-08-07_01,53,-19000,19000,0.2864,0.2840462923049927,-0.002353707695007312
2024-08-07_01,54,0,19000,0.2773,0.27537503838539124,-0.0019249616146087556
2024-08-07_01,55,19000,19000,0.2905,0.2887469232082367,-0.0017530767917632861
2024-08-07_01,56,38000,19000,0.3224,0.3199685513973236,-0.0024314486026764115
2024-08-07_01,57,57000,19000,0.3706,0.3699864447116852,-0.0006135552883148043
2024-08-07_01,58,76000,19000,0.208,0.30538511276245117,0.09738511276245118
2024-08-07_01,59,95000,19000,0.2978,0.30256837606430054,0.004768376064300528
2024-08-07_01,60,-76000,38000,0.2089,0.2955362796783447,0.08663627967834472
2024-08-07_01,61,-57000,38000,0.3753,0.37389805912971497,-0.0014019408702850567
2024-08-07_01,62,-38000,38000,0.3326,0.33196526765823364,-0.0006347323417663642
2024-08-07_01,63,-19000,38000,0.3067,0.3060574531555176,-0.0006425468444823945
2024-08-07_01,64,0,38000,0.2978,0.2972167134284973,-0.0005832865715026947
2024-08-07_01,65,19000,38000,0.311,0.3093806803226471,-0.001619319677352904
2024-08-07_01,66,38000,38000,0.341,0.3392339050769806,-0.0017660949230194345
2024-08-07_01,67,57000,38000,0.3875,0.38452669978141785,-0.0029733002185821644
2024-08-07_01,68,76000,38000,0.2662,0.3084796369075775,0.04227963690757752
2024-08-07_01,69,-76000,57000,0.2915,0.2930748164653778,0.0015748164653778263
2024-08-07_01,70,-57000,57000,0.4094,0.440074622631073,0.030674622631073012
2024-08-07_01,71,-38000,57000,0.3663,0.3642224073410034,-0.0020775926589965965
2024-08-07_01,72,-19000,57000,0.3414,0.33933278918266296,-0.0020672108173370174
2024-08-07_01,73,0,57000,0.3331,0.33031710982322693,-0.0027828901767730785
2024-08-07_01,74,19000,57000,0.3455,0.3433609902858734,-0.0021390097141265607
2024-08-07_01,75,38000,57000,0.3743,0.3716837167739868,-0.002616283226013205
2024-08-07_01,76,57000,57000,0.4197,0.43572232127189636,0.016022321271896345
2024-08-07_01,77,76000,57000,0.2939,0.3022818863391876,0.008381886339187627
2024-08-07_01,78,-57000,76000,0.2817,0.2960772216320038,0.014377221632003778
2024-08-07_01,79,-38000,76000,0.4174,0.43583446741104126,0.018434467411041267
2024-08-07_01,80,-19000,76000,0.3917,0.3885974884033203,-0.00310251159667968
2024-08-07_01,81,0,76000,0.3828,0.3811526894569397,-0.0016473105430602764
2024-08-07_01,82,19000,76000,0.3956,0.39390432834625244,-0.0016956716537475658
2024-08-07_01,83,38000,76000,0.2043,0.3889847695827484,0.1846847695827484
2024-08-07_01,84,57000,76000,0.284,0.2963940501213074,0.012394050121307398
2024-08-07_01,85,-19000,95000,0.2704,0.29852184653282166,0.02812184653282168
2024-08-07_01,86,0,95000,0.27,0.3050677180290222,0.0350677180290222
2024-08-07_01,87,19000,95000,0.324786843,0.303402304649353,-0.021384538350646964
2024-08-07_02,0,-19000,-95000,0.322,0.32246991991996765,0.00046991991996764293
2024-08-07_02,1,0,-95000,0.3368,0.3532210886478424,0.01642108864784242
2024-08-07_02,2,19000,-95000,0.3206,0.32440629601478577,0.0038062960147857705
2024-08-07_02,3,-57000,-76000,0.3399,0.33143508434295654,-0.008464915657043437
2024-08-07_02,4,-38000,-76000,0.2925,0.29142510890960693,-0.0010748910903930486
2024-08-07_02,5,-19000,-76000,0.2728,0.2932911217212677,0.020491121721267713
2024-08-07_02,6,0,-76000,0.2639,0.25146788358688354,-0.012432116413116479
2024-08-07_02,7,19000,-76000,0.2728,0.27868223190307617,0.005882231903076185
2024-08-07_02,8,38000,-76000,0.2896,0.29335135221481323,0.0037513522148132084
2024-08-07_02,9,57000,-76000,0.3281,0.31362152099609375,-0.014478479003906253
2024-08-07_02,10,-76000,-57000,0.3271,0.33340367674827576,0.006303676748275755
2024-08-07_02,11,-57000,-57000,0.2746,0.28685125708580017,0.01225125708580016
2024-08-07_02,12,-38000,-57000,0.4184,0.31580105423927307,-0.10259894576072692
2024-08-07_02,13,-19000,-57000,0.3915,0.3931046426296234,0.0016046426296233984
2024-08-07_02,14,0,-57000,0.3831,0.387031614780426,0.003931614780426029
2024-08-07_02,15,19000,-57000,0.3937,0.3966648578643799,0.0029648578643798884
2024-08-07_02,16,38000,-57000,0.4192,0.28433436155319214,-0.13486563844680788
2024-08-07_02,17,57000,-57000,0.2737,0.2886362671852112,0.014936267185211183
2024-08-07_02,18,76000,-57000,0.3201,0.3173242211341858,-0.0027757788658142046
2024-08-07_02,19,-76000,-38000,0.2807,0.27022621035575867,-0.010473789644241338
2024-08-07_02,20,-57000,-38000,0.4082,0.3669167757034302,-0.04128322429656983
2024-08-07_02,21,-38000,-38000,0.3661,0.36998677253723145,0.0038867725372314643
2024-08-07_02,22,-19000,-38000,0.3389,0.34317904710769653,0.004279047107696554
2024-08-07_02,23,0,-38000,0.3291,0.331876277923584,0.0027762779235839807
2024-08-07_02,24,19000,-38000,0.3412,0.34599921107292175,0.00479921107292175
2024-08-07_02,25,38000,-38000,0.3697,0.3728151023387909,0.0031151023387909205
2024-08-07_02,26,57000,-38000,0.4121,0.36755281686782837,-0.04454718313217165
2024-08-07_02,27,76000,-38000,0.2831,0.27668076753616333,-0.006419232463836688
2024-08-07_02,28,-95000,-19000,0.2985,0.29389750957489014,-0.004602490425109851
2024-08-07_02,29,-76000,-19000,0.2082,0.2129005789756775,0.004700578975677494
2024-08-07_02,30,-57000,-19000,0.3748,0.37850654125213623,0.0037065412521362084
2024-08-07_02,31,-38000,-19000,0.3295,0.33499300479888916,0.005493004798889145
2024-08-07_02,32,-19000,-19000,0.3011,0.3044477105140686,0.0033477105140686247
2024-08-07_02,33,0,-19000,0.2905,0.2949548661708832,0.004454866170883198
2024-08-07_02,34,19000,-19000,0.3038,0.30967751145362854,0.0058775114536285256
2024-08-07_02,35,38000,-19000,0.3342,0.3377440869808197,0.003544086980819705
2024-08-07_02,36,57000,-19000,0.3814,0.3853587508201599,0.003958750820159895
2024-08-07_02,37,76000,-19000,0.21,0.23173490166664124,0.021734901666641243
2024-08-07_02,38,95000,-19000,0.3037,0.30176299810409546,-0.0019370018959045665
2024-08-07_02,39,-95000,0,0.3046,0.30789053440093994,0.0032905344009399595
2024-08-07_02,40,-76000,0,0.4159,0.312161386013031,-0.10373861398696899
2024-08-07_02,41,-57000,0,0.3578,0.36178311705589294,0.003983117055892937
2024-08-07_02,42,-38000,0,0.3127,0.31740057468414307,0.004700574684143088
2024-08-07_02,43,-19000,0,0.2828,0.28627777099609375,0.003477770996093754
2024-08-07_02,44,19000,0,0.2858,0.2904825806617737,0.004682580661773683
2024-08-07_02,45,38000,0,0.3188,0.3247584104537964,0.005958410453796414
2024-08-07_02,46,57000,0,0.3665,0.3711017072200775,0.004601707220077522
2024-08-07_02,47,76000,0,0.2065,0.2618294954299927,0.05532949542999269
2024-08-07_02,48,95000,0,0.3042,0.31635957956314087,0.012159579563140843
2024-08-07_02,49,-95000,19000,0.2903,0.30396872758865356,0.013668727588653562
2024-08-07_02,50,-76000,19000,0.416,0.31275805830955505,-0.10324194169044493
2024-08-07_02,51,-57000,19000,0.3572,0.36169344186782837,0.004493441867828352
2024-08-07_02,52,-38000,19000,0.3127,0.31630364060401917,0.003603640604019187
2024-08-07_02,53,-19000,19000,0.285,0.2900552749633789,0.005055274963378931
2024-08-07_02,54,0,19000,0.2758,0.2796894907951355,0.0038894907951355084
2024-08-07_02,55,19000,19000,0.2881,0.29352301359176636,0.005423013591766335
2024-08-07_02,56,38000,19000,0.3193,0.3235975503921509,0.004297550392150906
2024-08-07_02,57,57000,19000,0.3668,0.37119048833847046,0.004390488338470444
2024-08-07_02,58,76000,19000,0.2065,0.2231827974319458,0.01668279743194581
2024-08-07_02,59,95000,19000,0.2943,0.3150331377983093,0.02073313779830932
2024-08-07_02,60,-76000,38000,0.2089,0.22714868187904358,0.018248681879043577
2024-08-07_02,61,-57000,38000,0.3737,0.3808025121688843,0.007102512168884301
2024-08-07_02,62,-38000,38000,0.3307,0.33732789754867554,0.006627897548675543
2024-08-07_02,63,-19000,38000,0.3049,0.31052979826927185,0.005629798269271846
2024-08-07_02,64,0,38000,0.296,0.30105581879615784,0.005055818796157852
2024-08-07_02,65,19000,38000,0.3082,0.3160429894924164,0.007842989492416408
2024-08-07_02,66,38000,38000,0.3378,0.34179776906967163,0.003997769069671642
2024-08-07_02,67,57000,38000,0.3829,0.3895986080169678,0.006698608016967755
2024-08-07_02,68,76000,38000,0.2107,0.26453906297683716,0.05383906297683716
2024-08-07_02,69,-76000,57000,0.2943,0.29585790634155273,0.0015579063415527283
2024-08-07_02,70,-57000,57000,0.4078,0.34911853075027466,-0.05868146924972534
2024-08-07_02,71,-38000,57000,0.3642,0.36995729804039,0.005757298040389991
2024-08-07_02,72,-19000,57000,0.3388,0.3444135785102844,0.005613578510284434
2024-08-07_02,73,0,57000,0.3305,0.33407190442085266,0.003571904420852645
2024-08-07_02,74,19000,57000,0.3423,0.3486635386943817,0.006363538694381721
2024-08-07_02,75,38000,57000,0.3704,0.37627267837524414,0.005872678375244134
2024-08-07_02,76,57000,57000,0.4148,0.34817996621131897,-0.06662003378868103
2024-08-07_02,77,76000,57000,0.2906,0.2915652096271515,0.0009652096271514643
2024-08-07_02,78,-57000,76000,0.2831,0.28736764192581177,0.004267641925811749
2024-08-07_02,79,-38000,76000,0.4154,0.3130747377872467,-0.10232526221275329
2024-08-07_02,80,-19000,76000,0.3889,0.39474916458129883,0.005849164581298805
2024-08-07_02,81,0,76000,0.3799,0.3832787871360779,0.0033787871360778654
2024-08-07_02,82,19000,76000,0.3922,0.3946583569049835,0.0024583569049835274
2024-08-07_02,83,38000,76000,0.4196,0.27263203263282776,-0.14696796736717221
2024-08-07_02,84,57000,76000,0.2812,0.2822403013706207,0.001040301370620722
2024-08-07_02,85,-19000,95000,0.2681,0.2754085659980774,0.007308565998077388
2024-08-07_02,86,0,95000,0.27,0.28481197357177734,0.014811973571777326
2024-08-07_02,87,19000,95000,0.2681,0.2724730968475342,0.004373096847534175
2024-08-07_03,0,-19000,-95000,0.3243,0.36895647644996643,0.044656476449966453
2024-08-07_03,1,0,-95000,0.3412,0.38799214363098145,0.04679214363098144
2024-08-07_03,2,19000,-95000,0.3243,0.36325758695602417,0.03895758695602419
2024-08-07_03,3,-57000,-76000,0.3439,0.3903997838497162,0.0464997838497162
2024-08-07_03,4,-38000,-76000,0.2934,0.34647104144096375,0.05307104144096375
2024-08-07_03,5,-19000,-76000,0.2728,0.3817237615585327,0.10892376155853273
2024-08-07_03,6,0,-76000,0.2634,0.3764379024505615,0.1130379024505615
2024-08-07_03,7,19000,-76000,0.2732,0.35837793350219727,0.08517793350219727
2024-08-07_03,8,38000,-76000,0.292,0.34552955627441406,0.05352955627441408
2024-08-07_03,9,57000,-76000,0.3328,0.3828745484352112,0.0500745484352112
2024-08-07_03,10,-76000,-57000,0.3314,0.39570915699005127,0.0643091569900513
2024-08-07_03,11,-57000,-57000,0.276,0.35756853222846985,0.08156853222846983
2024-08-07_03,12,-38000,-57000,0.4194,0.4045940935611725,-0.01480590643882751
2024-08-07_03,13,-19000,-57000,0.3933,0.39430326223373413,0.001003262233734148
2024-08-07_03,14,0,-57000,0.3851,0.3842456638813019,-0.000854336118698118
2024-08-07_03,15,19000,-57000,0.3951,0.39642995595932007,0.0013299559593200616
2024-08-07_03,16,38000,-57000,0.4212,0.3814546763896942,-0.039745323610305805
2024-08-07_03,17,57000,-57000,0.2765,0.35199350118637085,0.07549350118637083
2024-08-07_03,18,76000,-57000,0.3243,0.3800327777862549,0.055732777786254906
2024-08-07_03,19,-76000,-38000,0.2831,0.30892932415008545,0.02582932415008543
2024-08-07_03,20,-57000,-38000,0.4107,0.39447420835494995,-0.01622579164505006
2024-08-07_03,21,-38000,-38000,0.3686,0.37031400203704834,0.0017140020370483566
2024-08-07_03,22,-19000,-38000,0.3413,0.3431701064109802,0.0018701064109802323
2024-08-07_03,23,0,-38000,0.3316,0.3318175673484802,0.00021756734848021875
2024-08-07_03,24,19000,-38000,0.3439,0.3458878993988037,0.0019878993988037275
2024-08-07_03,25,38000,-38000,0.3723,0.37374722957611084,0.00144722957611082
2024-08-07_03,26,57000,-38000,0.4155,0.4016268253326416,-0.013873174667358379
2024-08-07_03,27,76000,-38000,0.285,0.3302001953125,0.045200195312500024
2024-08-07_03,28,-95000,-19000,0.3004,0.345122367143631,0.04472236714363098
2024-08-07_03,29,-76000,-19000,0.2081,0.38659781217575073,0.17849781217575073
2024-08-07_03,30,-57000,-19000,0.378,0.3800507187843323,0.0020507187843322727
2024-08-07_03,31,-38000,-19000,0.3328,0.3334857225418091,0.0006857225418090973
2024-08-07_03,32,-19000,-19000,0.3041,0.30574533343315125,0.0016453334331512637
2024-08-07_03,33,0,-19000,0.2932,0.2938360273838043,0.0006360273838043051
2024-08-07_03,34,19000,-19000,0.307,0.3083122968673706,0.0013122968673706104
2024-08-07_03,35,38000,-19000,0.3375,0.33731138706207275,-0.0001886129379272683
2024-08-07_03,36,57000,-19000,0.3849,0.3861343264579773,0.001234326457977275
2024-08-07_03,37,76000,-19000,0.21,0.37886545062065125,0.16886545062065125
2024-08-07_03,38,95000,-19000,0.3075,0.35113492608070374,0.04363492608070374
2024-08-07_03,39,-95000,0,0.3084,0.36011549830436707,0.05171549830436706
2024-08-07_03,40,-76000,0,0.4195,0.3716898560523987,-0.0478101439476013
2024-08-07_03,41,-57000,0,0.3612,0.3599908947944641,-0.0012091052055359097
2024-08-07_03,42,-38000,0,0.3163,0.3171302378177643,0.0008302378177642566
2024-08-07_03,43,-19000,0,0.2861,0.2855142652988434,-0.0005857347011566372
2024-08-07_03,44,19000,0,0.2894,0.2901991903781891,0.0007991903781890963
2024-08-07_03,45,38000,0,0.3226,0.3241198658943176,0.001519865894317629
2024-08-07_03,46,57000,0,0.37,0.37204474210739136,0.002044742107391362
2024-08-07_03,47,76000,0,0.2071,0.3829699158668518,0.1758699158668518
2024-08-07_03,48,95000,0,0.307,0.3378356993198395,0.030835699319839482
2024-08-07_03,49,-95000,19000,0.2925,0.3185180127620697,0.02601801276206972
2024-08-07_03,50,-76000,19000,0.4197,0.3819808065891266,-0.03771919341087343
2024-08-07_03,51,-57000,19000,0.3604,0.3628093898296356,0.002409389829635622
2024-08-07_03,52,-38000,19000,0.3165,0.31669607758522034,0.00019607758522033336
2024-08-07_03,53,-19000,19000,0.2886,0.28948795795440674,0.0008879579544067151
2024-08-07_03,54,0,19000,0.2794,0.28055599331855774,0.0011559933185577576
2024-08-07_03,55,19000,19000,0.292,0.29343852400779724,0.0014385240077972594
2024-08-07_03,56,38000,19000,0.3235,0.32597336173057556,0.0024733617305755518
2024-08-07_03,57,57000,19000,0.3707,0.3731839954853058,0.002483995485305812
2024-08-07_03,58,76000,19000,0.208,0.36907875537872314,0.16107875537872315
2024-08-07_03,59,95000,19000,0.2974,0.3446735739707947,0.04727357397079468
2024-08-07_03,60,-76000,38000,0.2093,0.3857468068599701,0.17644680685997008
2024-08-07_03,61,-57000,38000,0.3771,0.37883928418159485,0.0017392841815948579
2024-08-07_03,62,-38000,38000,0.3348,0.33435747027397156,-0.0004425297260284289
2024-08-07_03,63,-19000,38000,0.3087,0.310698539018631,0.001998539018631007
2024-08-07_03,64,0,38000,0.3,0.3012479543685913,0.0012479543685913197
2024-08-07_03,65,19000,38000,0.3125,0.3138224482536316,0.0013224482536315918
2024-08-07_03,66,38000,38000,0.3424,0.34288284182548523,0.00048284182548524734
2024-08-07_03,67,57000,38000,0.3874,0.3899710476398468,0.0025710476398467796
2024-08-07_03,68,76000,38000,0.2643,0.3824160695075989,0.1181160695075989
2024-08-07_03,69,-76000,57000,0.2976,0.31593096256256104,0.01833096256256106
2024-08-07_03,70,-57000,57000,0.4115,0.37990549206733704,-0.03159450793266294
2024-08-07_03,71,-38000,57000,0.3679,0.36782556772232056,-7.443227767944816e-05
2024-08-07_03,72,-19000,57000,0.343,0.3445180654525757,0.0015180654525756565
2024-08-07_03,73,0,57000,0.3346,0.3351059854030609,0.0005059854030609046
2024-08-07_03,74,19000,57000,0.3466,0.349071741104126,0.0024717411041259574
2024-08-07_03,75,38000,57000,0.3748,0.37464526295661926,-0.00015473704338075933
2024-08-07_03,76,57000,57000,0.4195,0.3854696750640869,-0.03403032493591307
2024-08-07_03,77,76000,57000,0.2943,0.3272894024848938,0.03298940248489379
2024-08-07_03,78,-57000,76000,0.2868,0.3364879786968231,0.04968797869682312
2024-08-07_03,79,-38000,76000,0.4201,0.38390910625457764,-0.03619089374542234
2024-08-07_03,80,-19000,76000,0.3931,0.3938080668449402,0.0007080668449401806
2024-08-07_03,81,0,76000,0.3842,0.3843109607696533,0.00011096076965333435
2024-08-07_03,82,19000,76000,0.3964,0.3963203728199005,-7.96271800994619e-05
2024-08-07_03,83,38000,76000,0.2043,0.401466429233551,0.19716642923355102
2024-08-07_03,84,57000,76000,0.285,0.3263547122478485,0.041354712247848535
2024-08-07_03,85,-19000,95000,0.2723,0.3742089867591858,0.1019089867591858
2024-08-07_03,86,0,95000,0.276,0.365734338760376,0.08973433876037595
2024-08-07_03,87,19000,95000,0.2737,0.372988760471344,0.099288760471344
2024-08-07_04,0,-19000,-95000,0.3239,0.33251118659973145,0.008611186599731424
2024-08-07_04,1,0,-95000,0.3418,0.3496231138706207,0.007823113870620735
2024-08-07_04,2,19000,-95000,0.3234,0.3286701738834381,0.00527017388343809
2024-08-07_04,3,-57000,-76000,0.345,0.3530196249485016,0.008019624948501614
2024-08-07_04,4,-38000,-76000,0.2943,0.3026776611804962,0.00837766118049621
2024-08-07_04,5,-19000,-76000,0.2751,0.3302675783634186,0.05516757836341857
2024-08-07_04,6,0,-76000,0.2671,0.3358393907546997,0.0687393907546997
2024-08-07_04,7,19000,-76000,0.2765,0.3096265196800232,0.03312651968002317
2024-08-07_04,8,38000,-76000,0.2943,0.3143850564956665,0.020085056495666498
2024-08-07_04,9,57000,-76000,0.3337,0.3380787968635559,0.004378796863555912
2024-08-07_04,10,-76000,-57000,0.3328,0.3429827094078064,0.010182709407806412
2024-08-07_04,11,-57000,-57000,0.2789,0.30907920002937317,0.030179200029373188
2024-08-07_04,12,-38000,-57000,0.203,0.4009460210800171,0.19794602108001708
2024-08-07_04,13,-19000,-57000,0.3958,0.3952217102050781,-0.0005782897949218602
2024-08-07_04,14,0,-57000,0.3872,0.3866914212703705,-0.0005085787296295052
2024-08-07_04,15,19000,-57000,0.3975,0.39822322130203247,0.0007232213020324507
2024-08-07_04,16,38000,-57000,0.2053,0.38698387145996094,0.18168387145996093
2024-08-07_04,17,57000,-57000,0.2779,0.31033360958099365,0.03243360958099367
2024-08-07_04,18,76000,-57000,0.3257,0.33642661571502686,0.010726615715026866
2024-08-07_04,19,-76000,-38000,0.285,0.2880995273590088,0.0030995273590088135
2024-08-07_04,20,-57000,-38000,0.4136,0.4025125801563263,-0.01108741984367373
2024-08-07_04,21,-38000,-38000,0.3708,0.37077972292900085,-2.0277070999163982e-05
2024-08-07_04,22,-19000,-38000,0.3437,0.34376493096351624,6.493096351622984e-05
2024-08-07_04,23,0,-38000,0.3338,0.33281874656677246,-0.0009812534332275247
2024-08-07_04,24,19000,-38000,0.3459,0.3462192714214325,0.00031927142143250986
2024-08-07_04,25,38000,-38000,0.3742,0.3752848505973816,0.0010848505973816147
2024-08-07_04,26,57000,-38000,0.4172,0.4179059863090515,0.0007059863090514984
2024-08-07_04,27,76000,-38000,0.2864,0.29038336873054504,0.003983368730545056
2024-08-07_04,28,-95000,-19000,0.3018,0.31186679005622864,0.010066790056228625
2024-08-07_04,29,-76000,-19000,0.2078,0.3357369303703308,0.1279369303703308
2024-08-07_04,30,-57000,-19000,0.3798,0.3803178071975708,0.0005178071975707743
2024-08-07_04,31,-38000,-19000,0.3348,0.3338875472545624,-0.0009124527454376086
2024-08-07_04,32,-19000,-19000,0.3064,0.30667930841445923,0.00027930841445922283
2024-08-07_04,33,0,-19000,0.2955,0.2940930724143982,-0.0014069275856017915
2024-08-07_04,34,19000,-19000,0.3089,0.3085939884185791,-0.00030601158142090634
2024-08-07_04,35,38000,-19000,0.3392,0.3390025198459625,-0.0001974801540374771
2024-08-07_04,36,57000,-19000,0.3868,0.38765937089920044,0.0008593708992004623
2024-08-07_04,37,76000,-19000,0.2089,0.3287884593009949,0.11988845930099487
2024-08-07_04,38,95000,-19000,0.3084,0.3209382891654968,0.012538289165496819
2024-08-07_04,39,-95000,0,0.3051,0.3127327561378479,0.007632756137847918
2024-08-07_04,40,-76000,0,0.2043,0.3885078430175781,0.18420784301757812
2024-08-07_04,41,-57000,0,0.3632,0.36194005608558655,-0.001259943914413475
2024-08-07_04,42,-38000,0,0.3183,0.3175305426120758,-0.0007694573879242217
2024-08-07_04,43,-19000,0,0.2882,0.28678420186042786,-0.0014157981395721553
2024-08-07_04,44,19000,0,0.2914,0.29138800501823425,-1.1994981765739432e-05
2024-08-07_04,45,38000,0,0.3244,0.32580775022506714,0.001407750225067117
2024-08-07_04,46,57000,0,0.3718,0.37313005328178406,0.0013300532817840383
2024-08-07_04,47,76000,0,0.208,0.3332717716693878,0.12527177166938783
2024-08-07_04,48,95000,0,0.3093,0.3062679171562195,-0.003032082843780537
2024-08-07_04,49,-95000,19000,0.2939,0.29575619101524353,0.0018561910152435357
2024-08-07_04,50,-76000,19000,0.2043,0.37311995029449463,0.16881995029449462
2024-08-07_04,51,-57000,19000,0.363,0.36273467540740967,-0.0002653245925903214
2024-08-07_04,52,-38000,19000,0.3189,0.3177949786186218,-0.0011050213813781906
2024-08-07_04,53,-19000,19000,0.2909,0.2898808717727661,-0.0010191282272338786
2024-08-07_04,54,0,19000,0.2817,0.281512051820755,-0.00018794817924500107
2024-08-07_04,55,19000,19000,0.2943,0.2943616807460785,6.168074607848517e-05
2024-08-07_04,56,38000,19000,0.3253,0.32633650302886963,0.0010365030288696508
2024-08-07_04,57,57000,19000,0.3726,0.37377476692199707,0.0011747669219970835
2024-08-07_04,58,76000,19000,0.2081,0.3230273127555847,0.11492731275558471
2024-08-07_04,59,95000,19000,0.299,0.30561479926109314,0.006614799261093152
2024-08-07_04,60,-76000,38000,0.2081,0.32479536533355713,0.11669536533355712
2024-08-07_04,61,-57000,38000,0.3797,0.37769362330436707,-0.0020063766956329165
2024-08-07_04,62,-38000,38000,0.3372,0.336567759513855,-0.0006322404861450193
2024-08-07_04,63,-19000,38000,0.3111,0.31178155541419983,0.0006815554141998414
2024-08-07_04,64,0,38000,0.3024,0.3019370138645172,-0.0004629861354827902
2024-08-07_04,65,19000,38000,0.3146,0.31551578640937805,0.000915786409378061
2024-08-07_04,66,38000,38000,0.344,0.34494829177856445,0.0009482917785644807
2024-08-07_04,67,57000,38000,0.3891,0.38985320925712585,0.0007532092571258531
2024-08-07_04,68,76000,38000,0.2681,0.3300645053386688,0.06196450533866882
2024-08-07_04,69,-76000,57000,0.299,0.28985825181007385,-0.009141748189926135
2024-08-07_04,70,-57000,57000,0.4142,0.392904132604599,-0.021295867395401014
2024-08-07_04,71,-38000,57000,0.3706,0.36922505497932434,-0.0013749450206756442
2024-08-07_04,72,-19000,57000,0.3455,0.34577125310897827,0.0002712531089782977
2024-08-07_04,73,0,57000,0.3372,0.3360251486301422,-0.0011748513698577878
2024-08-07_04,74,19000,57000,0.3487,0.3485596477985382,-0.00014035220146180194
2024-08-07_04,75,38000,57000,0.3768,0.37639904022216797,-0.00040095977783205505
2024-08-07_04,76,57000,57000,0.4215,0.3837771415710449,-0.037722858428955064
2024-08-07_04,77,76000,57000,0.2957,0.3007054030895233,0.005005403089523297
2024-08-07_04,78,-57000,76000,0.2887,0.296046644449234,0.007346644449233997
2024-08-07_04,79,-38000,76000,0.2041,0.39761751890182495,0.19351751890182495
2024-08-07_04,80,-19000,76000,0.3953,0.39447247982025146,-0.0008275201797485199
2024-08-07_04,81,0,76000,0.3863,0.38502630591392517,-0.0012736940860748058
2024-08-07_04,82,19000,76000,0.3987,0.3980047106742859,-0.0006952893257141102
2024-08-07_04,83,38000,76000,0.2063,0.38399818539619446,0.17769818539619445
2024-08-07_04,84,57000,76000,0.2873,0.2982509732246399,0.010950973224639893
2024-08-07_04,85,-19000,95000,0.2737,0.3201853036880493,0.04648530368804932
2024-08-07_04,86,0,95000,0.2775,0.32094794511795044,0.043447945117950415
2024-08-07_04,87,19000,95000,0.2737,0.31657177209854126,0.04287177209854126
2024-08-07_05,0,-19000,-95000,0.3243,0.32699576020240784,0.0026957602024078597
2024-08-07_05,1,0,-95000,0.3427,0.34307634830474854,0.00037634830474853054
2024-08-07_05,2,19000,-95000,0.3239,0.3217736482620239,-0.0021263517379760954
2024-08-07_05,3,-57000,-76000,0.3459,0.34618720412254333,0.0002872041225433497
2024-08-07_05,4,-38000,-76000,0.2967,0.29227757453918457,-0.004422425460815449
2024-08-07_05,5,-19000,-76000,0.2775,0.29377830028533936,0.01627830028533933
2024-08-07_05,6,0,-76000,0.2695,0.3022523820400238,0.032752382040023786
2024-08-07_05,7,19000,-76000,0.2789,0.2858680486679077,0.006968048667907734
2024-08-07_05,8,38000,-76000,0.2953,0.29461032152175903,-0.0006896784782409737
2024-08-07_05,9,57000,-76000,0.3356,0.33097338676452637,-0.004626613235473642
2024-08-07_05,10,-76000,-57000,0.3323,0.3339528739452362,0.0016528739452362218
2024-08-07_05,11,-57000,-57000,0.2812,0.28587645292282104,0.004676452922821039
2024-08-07_05,12,-38000,-57000,0.2052,0.2532379925251007,0.048037992525100714
2024-08-07_05,13,-19000,-57000,0.3992,0.4064706861972809,0.0072706861972808845
2024-08-07_05,14,0,-57000,0.3909,0.3990159332752228,0.008115933275222753
2024-08-07_05,15,19000,-57000,0.4012,0.40827834606170654,0.007078346061706542
2024-08-07_05,16,38000,-57000,0.2065,0.24387586116790771,0.037375861167907726
2024-08-07_05,17,57000,-57000,0.2798,0.28147247433662415,0.0016724743366241523
2024-08-07_05,18,76000,-57000,0.3281,0.3213594853878021,-0.006740514612197879
2024-08-07_05,19,-76000,-38000,0.2868,0.2880815863609314,0.001281586360931397
2024-08-07_05,20,-57000,-38000,0.4172,0.2835424542427063,-0.13365754575729372
2024-08-07_05,21,-38000,-38000,0.3752,0.38222259283065796,0.007022592830657981
2024-08-07_05,22,-19000,-38000,0.3475,0.3551877439022064,0.007687743902206445
2024-08-07_05,23,0,-38000,0.3379,0.3456895649433136,0.0077895649433136205
2024-08-07_05,24,19000,-38000,0.3499,0.35890546441078186,0.009005464410781872
2024-08-07_05,25,38000,-38000,0.378,0.386758953332901,0.008758953332900998
2024-08-07_05,26,57000,-38000,0.4206,0.2629309594631195,-0.15766904053688047
2024-08-07_05,27,76000,-38000,0.2882,0.2939196527004242,0.005719652700424183
2024-08-07_05,28,-95000,-19000,0.3023,0.29632291197776794,-0.005977088022232069
2024-08-07_05,29,-76000,-19000,0.2081,0.26969122886657715,0.06159122886657714
2024-08-07_05,30,-57000,-19000,0.3843,0.3919149935245514,0.007614993524551417
2024-08-07_05,31,-38000,-19000,0.3393,0.34830716252326965,0.009007162523269663
2024-08-07_05,32,-19000,-19000,0.3109,0.31967291235923767,0.008772912359237661
2024-08-07_05,33,0,-19000,0.3,0.3094366490840912,0.009436649084091198
2024-08-07_05,34,19000,-19000,0.3127,0.32236364483833313,0.009663644838333152
2024-08-07_05,35,38000,-19000,0.3433,0.35291022062301636,0.009610220623016363
2024-08-07_05,36,57000,-19000,0.3909,0.39904165267944336,0.008141652679443334
2024-08-07_05,37,76000,-19000,0.2648,0.29259932041168213,0.02779932041168215
2024-08-07_05,38,95000,-19000,0.3098,0.31115081906318665,0.0013508190631866257
2024-08-07_05,39,-95000,0,0.3112,0.3088846802711487,-0.002315319728851295
2024-08-07_05,40,-76000,0,0.2052,0.24839505553245544,0.04319505553245545
2024-08-07_05,41,-57000,0,0.3681,0.3758848011493683,0.007784801149368303
2024-08-07_05,42,-38000,0,0.3235,0.33208125829696655,0.008581258296966543
2024-08-07_05,43,-19000,0,0.2933,0.30169883370399475,0.008398833703994746
2024-08-07_05,44,19000,0,0.2957,0.3062746226787567,0.010574622678756695
2024-08-07_05,45,38000,0,0.3291,0.3392297923564911,0.010129792356491085
2024-08-07_05,46,57000,0,0.3765,0.3851111829280853,0.008611182928085326
2024-08-07_05,47,76000,0,0.209,0.2460680603981018,0.037068060398101815
2024-08-07_05,48,95000,0,0.3121,0.3085441291332245,-0.0035558708667755012
2024-08-07_05,49,-95000,19000,0.295,0.2911458909511566,-0.0038541090488433682
2024-08-07_05,50,-76000,19000,0.2061,0.24645580351352692,0.04035580351352691
2024-08-07_05,51,-57000,19000,0.3682,0.3757207691669464,0.007520769166946384
2024-08-07_05,52,-38000,19000,0.324,0.3334046006202698,0.009404600620269765
2024-08-07_05,53,-19000,19000,0.2954,0.3053417503833771,0.00994175038337708
2024-08-07_05,54,0,19000,0.2867,0.29609811305999756,0.009398113059997548
2024-08-07_05,55,19000,19000,0.2988,0.30893370509147644,0.01013370509147643
2024-08-07_05,56,38000,19000,0.33,0.3400552272796631,0.01005522727966307
2024-08-07_05,57,57000,19000,0.3772,0.3864974081516266,0.009297408151626607
2024-08-07_05,58,76000,19000,0.21,0.25616654753685,0.04616654753684998
2024-08-07_05,59,95000,19000,0.3018,0.29664745926856995,-0.005152540731430066
2024-08-07_05,60,-76000,38000,0.2617,0.2891615331172943,0.027461533117294323
2024-08-07_05,61,-57000,38000,0.3847,0.39300093054771423,0.008300930547714247
2024-08-07_05,62,-38000,38000,0.3421,0.3509047031402588,0.008804703140258774
2024-08-07_05,63,-19000,38000,0.3161,0.3250473737716675,0.008947373771667488
2024-08-07_05,64,0,38000,0.3075,0.31736496090888977,0.009864960908889775
2024-08-07_05,65,19000,38000,0.3197,0.32904914021492004,0.00934914021492006
2024-08-07_05,66,38000,38000,0.3488,0.35772883892059326,0.008928838920593263
2024-08-07_05,67,57000,38000,0.3938,0.40297386050224304,0.009173860502243059
2024-08-07_05,68,76000,38000,0.2709,0.30535560846328735,0.03445560846328738
2024-08-07_05,69,-76000,57000,0.3014,0.30008432269096375,-0.0013156773090362561
2024-08-07_05,70,-57000,57000,0.419,0.270635724067688,-0.148364275932312
2024-08-07_05,71,-38000,57000,0.3758,0.38371792435646057,0.007917924356460548
2024-08-07_05,72,-19000,57000,0.3505,0.3592959940433502,0.008795994043350241
2024-08-07_05,73,0,57000,0.342,0.35181334614753723,0.009813346147537205
2024-08-07_05,74,19000,57000,0.3538,0.3620610535144806,0.008261053514480587
2024-08-07_05,75,38000,57000,0.3814,0.39033156633377075,0.008931566333770735
2024-08-07_05,76,57000,57000,0.2069,0.253967821598053,0.04706782159805298
2024-08-07_05,77,76000,57000,0.2985,0.29783543944358826,-0.0006645605564117307
2024-08-07_05,78,-57000,76000,0.2906,0.29074132442474365,0.00014132442474362739
2024-08-07_05,79,-38000,76000,0.2071,0.2438698709011078,0.03676987090110778
2024-08-07_05,80,-19000,76000,0.4003,0.40857356786727905,0.008273567867279064
2024-08-07_05,81,0,76000,0.391,0.3999067544937134,0.008906754493713365
2024-08-07_05,82,19000,76000,0.403,0.4109218716621399,0.007921871662139868
2024-08-07_05,83,38000,76000,0.2082,0.20971190929412842,0.0015119092941284218
2024-08-07_05,84,57000,76000,0.2894,0.29118719696998596,0.0017871969699859713
2024-08-07_05,85,-19000,95000,0.276,0.29912495613098145,0.023124956130981422
2024-08-07_05,86,0,95000,0.2803,0.2934977412223816,0.013197741222381598
2024-08-07_05,87,19000,95000,0.2756,0.3118434250354767,0.03624342503547667
2024-08-07_06,0,-19000,-95000,0.33,0.31639593839645386,-0.013604061603546158
2024-08-07_06,1,0,-95000,0.3489,0.33997416496276855,-0.008925835037231433
2024-08-07_06,2,19000,-95000,0.3356,0.30987778306007385,-0.025722216939926157
2024-08-07_06,3,-57000,-76000,0.3534,0.3415406346321106,-0.011859365367889396
2024-08-07_06,4,-38000,-76000,0.3,0.2968767285346985,-0.0031232714653015026
2024-08-07_06,5,-19000,-76000,0.2831,0.28651273250579834,0.0034127325057983215
2024-08-07_06,6,0,-76000,0.2765,0.27530285716056824,-0.0011971428394317862
2024-08-07_06,7,19000,-76000,0.2831,0.2844487428665161,0.001348742866516095
2024-08-07_06,8,38000,-76000,0.2988,0.2949986755847931,-0.003801324415206919
2024-08-07_06,9,57000,-76000,0.3434,0.32649558782577515,-0.016904412174224837
2024-08-07_06,10,-76000,-57000,0.345,0.32602012157440186,-0.018979878425598118
2024-08-07_06,11,-57000,-57000,0.2854,0.2840840518474579,-0.0013159481525421013
2024-08-07_06,12,-38000,-57000,0.208,0.22045843303203583,0.012458433032035837
2024-08-07_06,13,-19000,-57000,0.4058,0.4020090103149414,-0.003790989685058588
2024-08-07_06,14,0,-57000,0.3976,0.3956669867038727,-0.0019330132961273283
2024-08-07_06,15,19000,-57000,0.4076,0.40077006816864014,-0.006829931831359881
2024-08-07_06,16,38000,-57000,0.209,0.21680298447608948,0.007802984476089486
2024-08-07_06,17,57000,-57000,0.285,0.2786857485771179,-0.006314251422882056
2024-08-07_06,18,76000,-57000,0.337,0.32826822996139526,-0.008731770038604758
2024-08-07_06,19,-76000,-38000,0.2929,0.2846854627132416,-0.008214537286758417
2024-08-07_06,20,-57000,-38000,0.2051,0.2577263414859772,0.05262634148597717
2024-08-07_06,21,-38000,-38000,0.3809,0.37966248393058777,-0.0012375160694122478
2024-08-07_06,22,-19000,-38000,0.3528,0.3530864715576172,0.000286471557617185
2024-08-07_06,23,0,-38000,0.3433,0.34463822841644287,0.001338228416442877
2024-08-07_06,24,19000,-38000,0.356,0.35605621337890625,5.6213378906266875e-05
2024-08-07_06,25,38000,-38000,0.3849,0.3836546242237091,-0.0012453757762909134
2024-08-07_06,26,57000,-38000,0.2071,0.227345272898674,0.020245272898674005
2024-08-07_06,27,76000,-38000,0.2929,0.2912108898162842,-0.001689110183715814
2024-08-07_06,28,-95000,-19000,0.3093,0.30475640296936035,-0.004543597030639668
2024-08-07_06,29,-76000,-19000,0.2662,0.23107478022575378,-0.03512521977424621
2024-08-07_06,30,-57000,-19000,0.3911,0.38994330167770386,-0.0011566983222961458
2024-08-07_06,31,-38000,-19000,0.3449,0.34575986862182617,0.0008598686218261875
2024-08-07_06,32,-19000,-19000,0.3156,0.31592512130737305,0.0003251213073730552
2024-08-07_06,33,0,-19000,0.305,0.3072703778743744,0.0022703778743743963
2024-08-07_06,34,19000,-19000,0.3196,0.3206202983856201,0.001020298385620122
2024-08-07_06,35,38000,-19000,0.3507,0.3512445390224457,0.000544539022445667
2024-08-07_06,36,57000,-19000,0.3984,0.39602792263031006,-0.0023720773696899178
2024-08-07_06,37,76000,-19000,0.2728,0.2616598606109619,-0.011140139389038073
2024-08-07_06,38,95000,-19000,0.3164,0.3058185577392578,-0.010581442260742202
2024-08-07_06,39,-95000,0,0.3215,0.3052276074886322,-0.016272392511367806
2024-08-07_06,40,-76000,0,0.2081,0.21455475687980652,0.006454756879806511
2024-08-07_06,41,-57000,0,0.3744,0.3744116425514221,1.1642551422108571e-05
2024-08-07_06,42,-38000,0,0.3289,0.3306291103363037,0.0017291103363036853
2024-08-07_06,43,-19000,0,0.2984,0.3003937005996704,0.0019937005996704116
2024-08-07_06,44,19000,0,0.3032,0.3036210238933563,0.0004210238933562982
2024-08-07_06,45,38000,0,0.3372,0.33588698506355286,-0.0013130149364471433
2024-08-07_06,46,57000,0,0.385,0.3817398250102997,-0.0032601749897003263
2024-08-07_06,47,76000,0,0.21,0.21779485046863556,0.007794850468635567
2024-08-07_06,48,95000,0,0.3187,0.3066383898258209,-0.01206161017417906
2024-08-07_06,49,-95000,19000,0.3009,0.29738718271255493,-0.003512817287445069
2024-08-07_06,50,-76000,19000,0.2089,0.21731780469417572,0.008417804694175718
2024-08-07_06,51,-57000,19000,0.3749,0.37540900707244873,0.0005090070724487195
2024-08-07_06,52,-38000,19000,0.3301,0.3307762145996094,0.0006762145996093705
2024-08-07_06,53,-19000,19000,0.3018,0.3040253520011902,0.002225352001190173
2024-08-07_06,54,0,19000,0.293,0.2933911979198456,0.0003911979198455984
2024-08-07_06,55,19000,19000,0.3069,0.30658233165740967,-0.00031766834259033816
2024-08-07_06,56,38000,19000,0.3396,0.337298184633255,-0.002301815366745008
2024-08-07_06,57,57000,19000,0.3872,0.38474875688552856,-0.002451243114471424
2024-08-07_06,58,76000,19000,0.2602,0.2328326404094696,-0.027367359590530382
2024-08-07_06,59,95000,19000,0.3058,0.2976851165294647,-0.008114883470535295
2024-08-07_06,60,-76000,38000,0.2709,0.25592678785324097,-0.014973212146759007
2024-08-07_06,61,-57000,38000,0.3925,0.39063242077827454,-0.0018675792217254794
2024-08-07_06,62,-38000,38000,0.3491,0.3489856421947479,-0.0001143578052520966
2024-08-07_06,63,-19000,38000,0.3227,0.3236570954322815,0.0009570954322815073
2024-08-07_06,64,0,38000,0.3145,0.31457704305648804,7.704305648803533e-05
2024-08-07_06,65,19000,38000,0.3287,0.32741934061050415,-0.0012806593894958418
2024-08-07_06,66,38000,38000,0.3594,0.35590243339538574,-0.003497566604614255
2024-08-07_06,67,57000,38000,0.4045,0.40058633685112,-0.003913663148880031
2024-08-07_06,68,76000,38000,0.2793,0.2745935618877411,-0.004706438112258904
2024-08-07_06,69,-76000,57000,0.3075,0.30201172828674316,-0.0054882717132568315
2024-08-07_06,70,-57000,57000,0.2071,0.2346263974905014,0.027526397490501398
2024-08-07_06,71,-38000,57000,0.3835,0.3810954988002777,-0.0024045011997222976
2024-08-07_06,72,-19000,57000,0.3577,0.357129842042923,-0.0005701579570770443
2024-08-07_06,73,0,57000,0.3497,0.3498760163784027,0.00017601637840269913
2024-08-07_06,74,19000,57000,0.3629,0.3598863482475281,-0.003013651752471924
2024-08-07_06,75,38000,57000,0.3928,0.38675254583358765,-0.006047454166412336
2024-08-07_06,76,57000,57000,0.21,0.2128787785768509,0.002878778576850899
2024-08-07_06,77,76000,57000,0.303,0.29342395067214966,-0.009576049327850333
2024-08-07_06,78,-57000,76000,0.2985,0.29652148485183716,-0.0019785151481628294
2024-08-07_06,79,-38000,76000,0.21,0.2300129383802414,0.020012938380241402
2024-08-07_06,80,-19000,76000,0.4076,0.4040461778640747,-0.003553822135925311
2024-08-07_06,81,0,76000,0.3985,0.39778125286102295,-0.0007187471389770717
2024-08-07_06,82,19000,76000,0.4114,0.40971341729164124,-0.0016865827083587526
2024-08-07_06,83,38000,76000,0.21,0.21099358797073364,0.0009935879707336503
2024-08-07_06,84,57000,76000,0.2974,0.2890129089355469,-0.008387091064453123
2024-08-07_06,85,-19000,95000,0.2798,0.3017052114009857,0.021905211400985725
2024-08-07_06,86,0,95000,0.2871,0.28699666261672974,-0.00010333738327028552
2024-08-07_06,87,19000,95000,0.2803,0.2905677556991577,0.010267755699157721
2024-08-07_07,0,-19000,-95000,0.3253,0.3216889500617981,-0.0036110499382018824
2024-08-07_07,1,0,-95000,0.3469,0.34234651923179626,-0.0045534807682037215
2024-08-07_07,2,19000,-95000,0.3337,0.3171452283859253,-0.016554771614074704
2024-08-07_07,3,-57000,-76000,0.351,0.3432042598724365,-0.007795740127563455
2024-08-07_07,4,-38000,-76000,0.2971,0.2933458685874939,-0.0037541314125060787
2024-08-07_07,5,-19000,-76000,0.2793,0.32291197776794434,0.04361197776794434
2024-08-07_07,6,0,-76000,0.2728,0.3503396809101105,0.07753968091011049
2024-08-07_07,7,19000,-76000,0.2807,0.32449400424957275,0.04379400424957275
2024-08-07_07,8,38000,-76000,0.2964,0.2947302758693695,-0.00166972413063049
2024-08-07_07,9,57000,-76000,0.341,0.3316754400730133,-0.00932455992698672
2024-08-07_07,10,-76000,-57000,0.3427,0.3341607451438904,-0.008539254856109624
2024-08-07_07,11,-57000,-57000,0.2831,0.3332303464412689,0.0501303464412689
2024-08-07_07,12,-38000,-57000,0.207,0.26363617181777954,0.05663617181777955
2024-08-07_07,13,-19000,-57000,0.404,0.4032995104789734,-0.0007004895210266371
2024-08-07_07,14,0,-57000,0.396,0.3966716527938843,0.0006716527938842587
2024-08-07_07,15,19000,-57000,0.4058,0.4040381610393524,-0.001761838960647577
2024-08-07_07,16,38000,-57000,0.2081,0.2732381820678711,0.06513818206787109
2024-08-07_07,17,57000,-57000,0.2835,0.32435593008995056,0.04085593008995059
2024-08-07_07,18,76000,-57000,0.3356,0.3241526186466217,-0.011447381353378305
2024-08-07_07,19,-76000,-38000,0.2915,0.28441575169563293,-0.007084248304367047
2024-08-07_07,20,-57000,-38000,0.205,0.2832215428352356,0.07822154283523561
2024-08-07_07,21,-38000,-38000,0.381,0.3816532790660858,0.0006532790660858101
2024-08-07_07,22,-19000,-38000,0.3539,0.35506728291511536,0.001167282915115364
2024-08-07_07,23,0,-38000,0.3446,0.34480056166648865,0.00020056166648863005
2024-08-07_07,24,19000,-38000,0.3566,0.3575875759124756,0.0009875759124756134
2024-08-07_07,25,38000,-38000,0.3852,0.3858107328414917,0.0006107328414917124
2024-08-07_07,26,57000,-38000,0.2071,0.25446414947509766,0.04736414947509765
2024-08-07_07,27,76000,-38000,0.2925,0.2855009436607361,-0.006999056339263898
2024-08-07_07,28,-95000,-19000,0.3079,0.2991386651992798,-0.008761334800720222
2024-08-07_07,29,-76000,-19000,0.2643,0.33857351541519165,0.07427351541519167
2024-08-07_07,30,-57000,-19000,0.3919,0.3905995190143585,-0.0013004809856415056
2024-08-07_07,31,-38000,-19000,0.3468,0.34589865803718567,-0.0009013419628143282
2024-08-07_07,32,-19000,-19000,0.318,0.3182748258113861,0.0002748258113861035
2024-08-07_07,33,0,-19000,0.3073,0.30773377418518066,0.0004337741851806465
2024-08-07_07,34,19000,-19000,0.3215,0.3221227824687958,0.0006227824687957684
2024-08-07_07,35,38000,-19000,0.3519,0.35229435563087463,0.0003943556308746432
2024-08-07_07,36,57000,-19000,0.3986,0.3985561430454254,-4.385695457459482e-05
2024-08-07_07,37,76000,-19000,0.2718,0.3507721424102783,0.07897214241027833
2024-08-07_07,38,95000,-19000,0.3159,0.3057062327861786,-0.010193767213821425
2024-08-07_07,39,-95000,0,0.3206,0.30960047245025635,-0.010999527549743648
2024-08-07_07,40,-76000,0,0.2081,0.2583642303943634,0.050264230394363396
2024-08-07_07,41,-57000,0,0.3758,0.37464526295661926,-0.0011547370433807602
2024-08-07_07,42,-38000,0,0.3313,0.3304314911365509,-0.0008685088634490801
2024-08-07_07,43,-19000,0,0.3012,0.30052414536476135,-0.0006758546352386707
2024-08-07_07,44,19000,0,0.305,0.3044460713863373,-0.0005539286136627131
2024-08-07_07,45,38000,0,0.3381,0.338243305683136,0.0001433056831359747
2024-08-07_07,46,57000,0,0.3848,0.3848884105682373,8.841056823732929e-05
2024-08-07_07,47,76000,0,0.21,0.2895800769329071,0.07958007693290711
2024-08-07_07,48,95000,0,0.3173,0.301460325717926,-0.015839674282074
2024-08-07_07,49,-95000,19000,0.3009,0.28401368856430054,-0.016886311435699464
2024-08-07_07,50,-76000,19000,0.2091,0.25866076350212097,0.049560763502120964
2024-08-07_07,51,-57000,19000,0.3764,0.374898225069046,-0.0015017749309539918
2024-08-07_07,52,-38000,19000,0.3326,0.33134791254997253,-0.0012520874500274726
2024-08-07_07,53,-19000,19000,0.3048,0.30412083864212036,-0.000679161357879654
2024-08-07_07,54,0,19000,0.2956,0.29495862126350403,-0.0006413787364959456
2024-08-07_07,55,19000,19000,0.3084,0.3080742061138153,-0.00032579388618469984
2024-08-07_07,56,38000,19000,0.3396,0.33979323506355286,0.00019323506355284348
2024-08-07_07,57,57000,19000,0.386,0.38587766885757446,-0.00012233114242554688
2024-08-07_07,58,76000,19000,0.21,0.30602556467056274,0.09602556467056275
2024-08-07_07,59,95000,19000,0.3056,0.288269966840744,-0.017330033159255964
2024-08-07_07,60,-76000,38000,0.27,0.33994221687316895,0.06994221687316893
2024-08-07_07,61,-57000,38000,0.3933,0.39162477850914,-0.0016752214908599683
2024-08-07_07,62,-38000,38000,0.3512,0.34979143738746643,-0.0014085626125335815
2024-08-07_07,63,-19000,38000,0.3255,0.324890673160553,-0.000609326839447033
2024-08-07_07,64,0,38000,0.3167,0.31644976139068604,-0.00025023860931394637
2024-08-07_07,65,19000,38000,0.3292,0.3288711905479431,-0.0003288094520568774
2024-08-07_07,66,38000,38000,0.358,0.3584253787994385,0.00042537879943849166
2024-08-07_07,67,57000,38000,0.4022,0.40205931663513184,-0.00014068336486816602
2024-08-07_07,68,76000,38000,0.2775,0.35070115327835083,0.0732011532783508
2024-08-07_07,69,-76000,57000,0.3079,0.28779903054237366,-0.02010096945762635
2024-08-07_07,70,-57000,57000,0.208,0.2599387764930725,0.05193877649307252
2024-08-07_07,71,-38000,57000,0.3839,0.38259151577949524,-0.0013084842205047797
2024-08-07_07,72,-19000,57000,0.3594,0.3580995202064514,-0.0013004797935485812
2024-08-07_07,73,0,57000,0.3511,0.35097014904022217,-0.0001298509597778552
2024-08-07_07,74,19000,57000,0.3628,0.36241835355758667,-0.00038164644241334145
2024-08-07_07,75,38000,57000,0.3902,0.38992929458618164,-0.00027070541381835067
2024-08-07_07,76,57000,57000,0.21,0.255357950925827,0.045357950925827034
2024-08-07_07,77,76000,57000,0.3023,0.29724088311195374,-0.005059116888046278
2024-08-07_07,78,-57000,76000,0.2971,0.2880237102508545,-0.009076289749145483
2024-08-07_07,79,-38000,76000,0.2091,0.2655855119228363,0.056485511922836296
2024-08-07_07,80,-19000,76000,0.408,0.4039995074272156,-0.004000492572784398
2024-08-07_07,81,0,76000,0.3992,0.3987065553665161,-0.000493444633483886
2024-08-07_07,82,19000,76000,0.4106,0.40844371914863586,-0.0021562808513641563
2024-08-07_07,83,38000,76000,0.21,0.27173763513565063,0.06173763513565064
2024-08-07_07,84,57000,76000,0.2962,0.2926849126815796,-0.003515087318420429
2024-08-07_07,85,-19000,95000,0.2807,0.3491648733615875,0.06846487336158752
2024-08-07_07,86,0,95000,0.2864,0.32722654938697815,0.04082654938697816
2024-08-07_07,87,19000,95000,0.2798,0.34656357765197754,0.06676357765197755
2024-08-07_08,0,-19000,-95000,0.3182,0.3087751865386963,-0.009424813461303694
2024-08-07_08,1,0,-95000,0.3342,0.3365476429462433,0.002347642946243289
2024-08-07_08,2,19000,-95000,0.3225,0.3122072219848633,-0.010292778015136728
2024-08-07_08,3,-57000,-76000,0.336,0.3470688760280609,0.011068876028060892
2024-08-07_08,4,-38000,-76000,0.2939,0.30178102850914,0.00788102850914002
2024-08-07_08,5,-19000,-76000,0.2765,0.27581119537353516,-0.0006888046264648673
2024-08-07_08,6,0,-76000,0.269,0.23660628497600555,-0.03239371502399446
2024-08-07_08,7,19000,-76000,0.2775,0.28929391503334045,0.01179391503334043
2024-08-07_08,8,38000,-76000,0.2929,0.295270711183548,0.00237071118354798
2024-08-07_08,9,57000,-76000,0.3243,0.32998400926589966,0.005684009265899681
2024-08-07_08,10,-76000,-57000,0.3271,0.32404443621635437,-0.0030555637836456317
2024-08-07_08,11,-57000,-57000,0.2798,0.27645060420036316,-0.003349395799636834
2024-08-07_08,12,-38000,-57000,0.2069,0.20188601315021515,-0.005013986849784852
2024-08-07_08,13,-19000,-57000,0.4018,0.3994618356227875,-0.002338164377212515
2024-08-07_08,14,0,-57000,0.3938,0.3907909691333771,-0.003009030866622908
2024-08-07_08,15,19000,-57000,0.4033,0.40084272623062134,-0.002457273769378654
2024-08-07_08,16,38000,-57000,0.2065,0.16298039257526398,-0.04351960742473601
2024-08-07_08,17,57000,-57000,0.2812,0.2839546799659729,0.002754679965972895
2024-08-07_08,18,76000,-57000,0.3201,0.32049331068992615,0.0003933106899261518
2024-08-07_08,19,-76000,-38000,0.2873,0.2875059247016907,0.000205924701690674
2024-08-07_08,20,-57000,-38000,0.42,0.24426251649856567,-0.1757374835014343
2024-08-07_08,21,-38000,-38000,0.3789,0.3751749098300934,-0.0037250901699066308
2024-08-07_08,22,-19000,-38000,0.3527,0.34872186183929443,-0.00397813816070558
2024-08-07_08,23,0,-38000,0.3432,0.3395013213157654,-0.003698678684234624
2024-08-07_08,24,19000,-38000,0.3549,0.3514319360256195,-0.0034680639743804864
2024-08-07_08,25,38000,-38000,0.3826,0.3804914951324463,-0.0021085048675537066
2024-08-07_08,26,57000,-38000,0.2057,0.21569715440273285,0.009997154402732855
2024-08-07_08,27,76000,-38000,0.2885,0.28758612275123596,-0.0009138772487640168
2024-08-07_08,28,-95000,-19000,0.3037,0.3025420308113098,-0.001157969188690211
2024-08-07_08,29,-76000,-19000,0.2089,0.18443244695663452,-0.02446755304336548
2024-08-07_08,30,-57000,-19000,0.3893,0.3853200078010559,-0.003979992198944071
2024-08-07_08,31,-38000,-19000,0.3455,0.34149160981178284,-0.004008390188217137
2024-08-07_08,32,-19000,-19000,0.3173,0.31232690811157227,-0.004973091888427761
2024-08-07_08,33,0,-19000,0.3067,0.3019263446331024,-0.004773655366897556
2024-08-07_08,34,19000,-19000,0.3202,0.31592079997062683,-0.004279200029373154
2024-08-07_08,35,38000,-19000,0.3499,0.3453695476055145,-0.0045304523944854624
2024-08-07_08,36,57000,-19000,0.3955,0.3918148875236511,-0.003685112476348895
2024-08-07_08,37,76000,-19000,0.2676,0.20798155665397644,-0.059618443346023564
2024-08-07_08,38,95000,-19000,0.3075,0.31225520372390747,0.004755203723907475
2024-08-07_08,39,-95000,0,0.3093,0.3099653422832489,0.000665342283248882
2024-08-07_08,40,-76000,0,0.208,0.19274887442588806,-0.015251125574111929
2024-08-07_08,41,-57000,0,0.3735,0.36922237277030945,-0.00427762722969055
2024-08-07_08,42,-38000,0,0.33,0.32493653893470764,-0.005063461065292374
2024-08-07_08,43,-19000,0,0.3004,0.29494720697402954,-0.005452793025970459
2024-08-07_08,44,19000,0,0.3038,0.2990565001964569,-0.004743499803543105
2024-08-07_08,45,38000,0,0.3361,0.3325848877429962,-0.003515112257003794
2024-08-07_08,46,57000,0,0.3818,0.37798744440078735,-0.0038125555992126192
2024-08-07_08,47,76000,0,0.21,0.18030476570129395,-0.029695234298706047
2024-08-07_08,48,95000,0,0.3082,0.31344959139823914,0.005249591398239162
2024-08-07_08,49,-95000,19000,0.2962,0.30499476194381714,0.00879476194381712
2024-08-07_08,50,-76000,19000,0.208,0.18801924586296082,-0.019980754137039175
2024-08-07_08,51,-57000,19000,0.3741,0.3688814640045166,-0.0052185359954833865
2024-08-07_08,52,-38000,19000,0.331,0.3256843388080597,-0.005315661191940324
2024-08-07_08,53,-19000,19000,0.3036,0.2982584834098816,-0.005341516590118389
2024-08-07_08,54,0,19000,0.2945,0.2899339199066162,-0.004566080093383773
2024-08-07_08,55,19000,19000,0.3071,0.30162063241004944,-0.005479367589950546
2024-08-07_08,56,38000,19000,0.3374,0.3326420187950134,-0.00475798120498655
2024-08-07_08,57,57000,19000,0.3829,0.3791048526763916,-0.0037951473236084166
2024-08-07_08,58,76000,19000,0.21,0.1815701574087143,-0.028429842591285698
2024-08-07_08,59,95000,19000,0.3,0.29763540625572205,-0.002364593744277943
2024-08-07_08,60,-76000,38000,0.2648,0.21064630150794983,-0.05415369849205015
2024-08-07_08,61,-57000,38000,0.3908,0.3863070607185364,-0.004492939281463604
2024-08-07_08,62,-38000,38000,0.3494,0.3445357382297516,-0.0048642617702484015
2024-08-07_08,63,-19000,38000,0.3241,0.31774866580963135,-0.0063513341903686515
2024-08-07_08,64,0,38000,0.3154,0.30911916494369507,-0.006280835056304945
2024-08-07_08,65,19000,38000,0.3274,0.3217928409576416,-0.005607159042358423
2024-08-07_08,66,38000,38000,0.3558,0.35122397541999817,-0.004576024580001836
2024-08-07_08,67,57000,38000,0.3991,0.3973155617713928,-0.001784438228607188
2024-08-07_08,68,76000,38000,0.2737,0.23456501960754395,-0.039134980392456054
2024-08-07_08,69,-76000,57000,0.3,0.3012872636318207,0.0012872636318206898
2024-08-07_08,70,-57000,57000,0.2052,0.20851373672485352,0.003313736724853522
2024-08-07_08,71,-38000,57000,0.3819,0.3770202398300171,-0.004879760169982927
2024-08-07_08,72,-19000,57000,0.3577,0.3524046838283539,-0.005295316171646136
2024-08-07_08,73,0,57000,0.3493,0.34414002299308777,-0.005159977006912231
2024-08-07_08,74,19000,57000,0.3606,0.3550211489200592,-0.005578851079940772
2024-08-07_08,75,38000,57000,0.3875,0.38247039914131165,-0.005029600858688366
2024-08-07_08,76,57000,57000,0.208,0.1909097135066986,-0.017090286493301382
2024-08-07_08,77,76000,57000,0.2943,0.29830673336982727,0.0040067333698272645
2024-08-07_08,78,-57000,76000,0.291,0.2893838882446289,-0.0016161117553710747
2024-08-07_08,79,-38000,76000,0.209,0.20381984114646912,-0.005180158853530875
2024-08-07_08,80,-19000,76000,0.4056,0.4012942612171173,-0.0043057387828827065
2024-08-07_08,81,0,76000,0.3964,0.3935874104499817,-0.002812589550018285
2024-08-07_08,82,19000,76000,0.4075,0.4038868546485901,-0.0036131453514098855
2024-08-07_08,83,38000,76000,0.2089,0.1566191017627716,-0.052280898237228396
2024-08-07_08,84,57000,76000,0.2887,0.28602731227874756,-0.0026726877212524536
2024-08-07_08,85,-19000,95000,0.2756,0.2669137120246887,-0.008686287975311291
2024-08-07_08,86,0,95000,0.2784,0.27530381083488464,-0.0030961891651153373
2024-08-07_08,87,19000,95000,0.2728,0.2625599205493927,-0.010240079450607287
2024-08-07_09,0,-19000,-95000,0.3206,0.3485206067562103,0.02792060675621033
2024-08-07_09,1,0,-95000,0.341,0.35023483633995056,0.009234836339950536
2024-08-07_09,2,19000,-95000,0.3271,0.35024720430374146,0.023147204303741453
2024-08-07_09,3,-57000,-76000,0.3434,0.35641950368881226,0.013019503688812273
2024-08-07_09,4,-38000,-76000,0.2976,0.3123907744884491,0.014790774488449121
2024-08-07_09,5,-19000,-76000,0.2812,0.31561389565467834,0.03441389565467834
2024-08-07_09,6,0,-76000,0.2751,0.27612948417663574,0.001029484176635731
2024-08-07_09,7,19000,-76000,0.2821,0.31865304708480835,0.03655304708480833
2024-08-07_09,8,38000,-76000,0.2967,0.2975017726421356,0.0008017726421356008
2024-08-07_09,9,57000,-76000,0.33,0.32670652866363525,-0.0032934713363647616
2024-08-07_09,10,-76000,-57000,0.3356,0.3462452292442322,0.010645229244232168
2024-08-07_09,11,-57000,-57000,0.285,0.3014349937438965,0.01643499374389651
2024-08-07_09,12,-38000,-57000,0.208,0.3161453306674957,0.10814533066749574
2024-08-07_09,13,-19000,-57000,0.4086,0.39424723386764526,-0.014352766132354755
2024-08-07_09,14,0,-57000,0.4006,0.38784152269363403,-0.012758477306365978
2024-08-07_09,15,19000,-57000,0.4102,0.3961696922779083,-0.014030307722091684
2024-08-07_09,16,38000,-57000,0.2091,0.2844470143318176,0.07534701433181762
2024-08-07_09,17,57000,-57000,0.2847,0.3186495304107666,0.03394953041076659
2024-08-07_09,18,76000,-57000,0.3248,0.32680243253707886,0.00200243253707888
2024-08-07_09,19,-76000,-38000,0.291,0.2874988615512848,-0.003501138448715191
2024-08-07_09,20,-57000,-38000,0.2069,0.3766266107559204,0.1697266107559204
2024-08-07_09,21,-38000,-38000,0.3857,0.3699396252632141,-0.015760374736785876
2024-08-07_09,22,-19000,-38000,0.3595,0.34262433648109436,-0.016875663518905626
2024-08-07_09,23,0,-38000,0.3503,0.33354267477989197,-0.016757325220108032
2024-08-07_09,24,19000,-38000,0.3623,0.3446901738643646,-0.017609826135635387
2024-08-07_09,25,38000,-38000,0.3897,0.3733287751674652,-0.01637122483253478
2024-08-07_09,26,57000,-38000,0.2081,0.3753190338611603,0.16721903386116027
2024-08-07_09,27,76000,-38000,0.2925,0.30096739530563354,0.008467395305633563
2024-08-07_09,28,-95000,-19000,0.3058,0.29858291149139404,-0.007217088508605973
2024-08-07_09,29,-76000,-19000,0.2667,0.2539280951023102,-0.012771904897689812
2024-08-07_09,30,-57000,-19000,0.3961,0.3776693046092987,-0.0184306953907013
2024-08-07_09,31,-38000,-19000,0.352,0.3337107300758362,-0.018289269924163798
2024-08-07_09,32,-19000,-19000,0.3241,0.3061564564704895,-0.017943543529510497
2024-08-07_09,33,0,-19000,0.3135,0.29389482736587524,-0.019605172634124757
2024-08-07_09,34,19000,-19000,0.3273,0.308759480714798,-0.018540519285202006
2024-08-07_09,35,38000,-19000,0.357,0.33803191781044006,-0.01896808218955992
2024-08-07_09,36,57000,-19000,0.4023,0.3856154978275299,-0.016684502172470084
2024-08-07_09,37,76000,-19000,0.2742,0.24981962144374847,-0.024380378556251525
2024-08-07_09,38,95000,-19000,0.3112,0.3233701288700104,0.0121701288700104
2024-08-07_09,39,-95000,0,0.3131,0.30345088243484497,-0.009649117565155019
2024-08-07_09,40,-76000,0,0.209,0.3235466182231903,0.11454661822319032
2024-08-07_09,41,-57000,0,0.3802,0.36359351873397827,-0.01660648126602171
2024-08-07_09,42,-38000,0,0.3367,0.31805136799812317,-0.01864863200187683
2024-08-07_09,43,-19000,0,0.3071,0.2859976589679718,-0.021102341032028182
2024-08-07_09,44,19000,0,0.3107,0.2913811504840851,-0.019318849515914893
2024-08-07_09,45,38000,0,0.3431,0.3259112238883972,-0.0171887761116028
2024-08-07_09,46,57000,0,0.3886,0.3713685870170593,-0.017231412982940675
2024-08-07_09,47,76000,0,0.21,0.26443082094192505,0.05443082094192506
2024-08-07_09,48,95000,0,0.3112,0.3357980251312256,0.02459802513122561
2024-08-07_09,49,-95000,19000,0.2997,0.3192494511604309,0.019549451160430886
2024-08-07_09,50,-76000,19000,0.209,0.3196527361869812,0.11065273618698121
2024-08-07_09,51,-57000,19000,0.3804,0.36255180835723877,-0.017848191642761246
2024-08-07_09,52,-38000,19000,0.3377,0.31883686780929565,-0.018863132190704346
2024-08-07_09,53,-19000,19000,0.3102,0.2911059558391571,-0.01909404416084287
2024-08-07_09,54,0,19000,0.3011,0.281232088804245,-0.019867911195754984
2024-08-07_09,55,19000,19000,0.3139,0.2948797047138214,-0.0190202952861786
2024-08-07_09,56,38000,19000,0.3445,0.32483264803886414,-0.019667351961135837
2024-08-07_09,57,57000,19000,0.3897,0.3727760314941406,-0.016923968505859366
2024-08-07_09,58,76000,19000,0.2613,0.2467261105775833,-0.014573889422416664
2024-08-07_09,59,95000,19000,0.3032,0.33272939920425415,0.029529399204254125
2024-08-07_09,60,-76000,38000,0.2709,0.2771124541759491,0.0062124541759491225
2024-08-07_09,61,-57000,38000,0.3967,0.3790808916091919,-0.017619108390808103
2024-08-07_09,62,-38000,38000,0.3555,0.3372376263141632,-0.018262373685836775
2024-08-07_09,63,-19000,38000,0.3306,0.30946096777915955,-0.02113903222084046
2024-08-07_09,64,0,38000,0.322,0.3004709780216217,-0.021529021978378304
2024-08-07_09,65,19000,38000,0.3342,0.3133564293384552,-0.020843570661544797
2024-08-07_09,66,38000,38000,0.3625,0.34594210982322693,-0.01655789017677306
2024-08-07_09,67,57000,38000,0.4054,0.39270949363708496,-0.012690506362915022
2024-08-07_09,68,76000,38000,0.2789,0.2804279625415802,0.001527962541580219
2024-08-07_09,69,-76000,57000,0.3021,0.31989049911499023,0.017790499114990255
2024-08-07_09,70,-57000,57000,0.2079,0.339641809463501,0.13174180946350098
2024-08-07_09,71,-38000,57000,0.3879,0.3692970275878906,-0.018602972412109398
2024-08-07_09,72,-19000,57000,0.3638,0.34629687666893005,-0.01750312333106996
2024-08-07_09,73,0,57000,0.3557,0.33438384532928467,-0.021316154670715348
2024-08-07_09,74,19000,57000,0.3669,0.3491261899471283,-0.017773810052871708
2024-08-07_09,75,38000,57000,0.3939,0.37802639603614807,-0.0158736039638519
2024-08-07_09,76,57000,57000,0.21,0.3329755365848541,0.12297553658485413
2024-08-07_09,77,76000,57000,0.2981,0.3125581741333008,0.014458174133300805
2024-08-07_09,78,-57000,76000,0.2915,0.30506789684295654,0.013567896842956562
2024-08-07_09,79,-38000,76000,0.21,0.32114067673683167,0.11114067673683167
2024-08-07_09,80,-19000,76000,0.4109,0.39459261298179626,-0.016307387018203723
2024-08-07_09,81,0,76000,0.4024,0.38371801376342773,-0.018681986236572246
2024-08-07_09,82,19000,76000,0.4134,0.3953317701816559,-0.018068229818344106
2024-08-07_09,83,38000,76000,0.2086,0.2827378809452057,0.07413788094520568
2024-08-07_09,84,57000,76000,0.2929,0.303841233253479,0.01094123325347901
2024-08-07_09,85,-19000,95000,0.2798,0.3058595359325409,0.0260595359325409
2024-08-07_09,86,0,95000,0.2812,0.31371191143989563,0.032511911439895624
2024-08-07_09,87,19000,95000,0.2779,0.28680479526519775,0.008904795265197774
2024-08-07_10,0,-19000,-95000,0.3253,0.3011617064476013,-0.02413829355239866
2024-08-07_10,1,0,-95000,0.3464,0.31534111499786377,-0.031058885002136216
2024-08-07_10,2,19000,-95000,0.3309,0.30481231212615967,-0.02608768787384036
2024-08-07_10,3,-57000,-76000,0.3475,0.3191267251968384,-0.028373274803161597
2024-08-07_10,4,-38000,-76000,0.2985,0.279587060213089,-0.018912939786911
2024-08-07_10,5,-19000,-76000,0.2826,0.26916956901550293,-0.013430430984497088
2024-08-07_10,6,0,-76000,0.277,0.2573273479938507,-0.019672652006149316
2024-08-07_10,7,19000,-76000,0.284,0.28344616293907166,-0.0005538370609283194
2024-08-07_10,8,38000,-76000,0.2983,0.27704229950904846,-0.021257700490951548
2024-08-07_10,9,57000,-76000,0.3367,0.30449503660202026,-0.032204963397979736
2024-08-07_10,10,-76000,-57000,0.3381,0.30703845620155334,-0.031061543798446667
2024-08-07_10,11,-57000,-57000,0.2864,0.287767618894577,0.0013676188945770384
2024-08-07_10,12,-38000,-57000,0.208,0.3627805709838867,0.15478057098388673
2024-08-07_10,13,-19000,-57000,0.4094,0.38915616273880005,-0.020243837261199937
2024-08-07_10,14,0,-57000,0.4017,0.38013479113578796,-0.021565208864212038
2024-08-07_10,15,19000,-57000,0.4117,0.3918289244174957,-0.019871075582504283
2024-08-07_10,16,38000,-57000,0.2091,0.3415314555168152,0.13243145551681518
2024-08-07_10,17,57000,-57000,0.2868,0.2943630814552307,0.0075630814552307135
2024-08-07_10,18,76000,-57000,0.3328,0.30261483788490295,-0.03018516211509703
2024-08-07_10,19,-76000,-38000,0.2922,0.2687367796897888,-0.023463220310211197
2024-08-07_10,20,-57000,-38000,0.2061,0.41532525420188904,0.20922525420188903
2024-08-07_10,21,-38000,-38000,0.3865,0.3639020323753357,-0.022597967624664317
2024-08-07_10,22,-19000,-38000,0.36,0.33593276143074036,-0.02406723856925963
2024-08-07_10,23,0,-38000,0.3508,0.3271546959877014,-0.023645304012298585
2024-08-07_10,24,19000,-38000,0.3631,0.3389842212200165,-0.0241157787799835
2024-08-07_10,25,38000,-38000,0.3914,0.36750805377960205,-0.023891946220397975
2024-08-07_10,26,57000,-38000,0.2089,0.40169966220855713,0.19279966220855713
2024-08-07_10,27,76000,-38000,0.2939,0.26998573541641235,-0.02391426458358764
2024-08-07_10,28,-95000,-19000,0.3079,0.28562983870506287,-0.02227016129493714
2024-08-07_10,29,-76000,-19000,0.2681,0.22432592511177063,-0.043774074888229375
2024-08-07_10,30,-57000,-19000,0.397,0.37297800183296204,-0.024021998167037983
2024-08-07_10,31,-38000,-19000,0.3526,0.3280355632305145,-0.024564436769485498
2024-08-07_10,32,-19000,-19000,0.3241,0.2992236912250519,-0.02487630877494812
2024-08-07_10,33,0,-19000,0.3139,0.2884975075721741,-0.02540249242782594
2024-08-07_10,34,19000,-19000,0.3282,0.30205923318862915,-0.02614076681137084
2024-08-07_10,35,38000,-19000,0.3586,0.3328007757663727,-0.025799224233627294
2024-08-07_10,36,57000,-19000,0.4046,0.38054215908050537,-0.024057840919494644
2024-08-07_10,37,76000,-19000,0.276,0.23556050658226013,-0.04043949341773989
2024-08-07_10,38,95000,-19000,0.315,0.29053711891174316,-0.024462881088256838
2024-08-07_10,39,-95000,0,0.3168,0.29050981998443604,-0.02629018001556399
2024-08-07_10,40,-76000,0,0.2089,0.3495294451713562,0.1406294451713562
2024-08-07_10,41,-57000,0,0.3813,0.35591864585876465,-0.025381354141235324
2024-08-07_10,42,-38000,0,0.3375,0.3109683096408844,-0.026531690359115623
2024-08-07_10,43,-19000,0,0.3075,0.28111326694488525,-0.02638673305511474
2024-08-07_10,44,19000,0,0.3118,0.2845304608345032,-0.027269539165496848
2024-08-07_10,45,38000,0,0.3448,0.3175062835216522,-0.027293716478347774
2024-08-07_10,46,57000,0,0.3909,0.3652224838733673,-0.025677516126632716
2024-08-07_10,47,76000,0,0.2624,0.27144715189933777,0.009047151899337746
2024-08-07_10,48,95000,0,0.3168,0.2940291166305542,-0.022770883369445827
2024-08-07_10,49,-95000,19000,0.3018,0.27878713607788086,-0.023012863922119153
2024-08-07_10,50,-76000,19000,0.21,0.34859344363212585,0.13859344363212586
2024-08-07_10,51,-57000,19000,0.3817,0.35529592633247375,-0.02640407366752623
2024-08-07_10,52,-38000,19000,0.3387,0.31100642681121826,-0.02769357318878174
2024-08-07_10,53,-19000,19000,0.3112,0.28330180048942566,-0.027898199510574317
2024-08-07_10,54,0,19000,0.3023,0.27433642745018005,-0.02796357254981996
2024-08-07_10,55,19000,19000,0.3153,0.28714028000831604,-0.028159719991683985
2024-08-07_10,56,38000,19000,0.3464,0.3184911608695984,-0.027908839130401597
2024-08-07_10,57,57000,19000,0.3922,0.36602547764778137,-0.02617452235221862
2024-08-07_10,58,76000,19000,0.2653,0.24077682197093964,-0.024523178029060344
2024-08-07_10,59,95000,19000,0.306,0.2858664393424988,-0.020133560657501215
2024-08-07_10,60,-76000,38000,0.2728,0.2384607344865799,-0.03433926551342009
2024-08-07_10,61,-57000,38000,0.3983,0.37190893292427063,-0.026391067075729358
2024-08-07_10,62,-38000,38000,0.3571,0.3292034864425659,-0.027896513557434055
2024-08-07_10,63,-19000,38000,0.3321,0.30321118235588074,-0.02888881764411927
2024-08-07_10,64,0,38000,0.3236,0.29480716586112976,-0.028792834138870238
2024-08-07_10,65,19000,38000,0.3361,0.30715084075927734,-0.028949159240722666
2024-08-07_10,66,38000,38000,0.3648,0.3368561565876007,-0.027943843412399305
2024-08-07_10,67,57000,38000,0.4081,0.38237208127975464,-0.02572791872024538
2024-08-07_10,68,76000,38000,0.2812,0.2521885931491852,-0.029011406850814825
2024-08-07_10,69,-76000,57000,0.3063,0.286458283662796,-0.019841716337203996
2024-08-07_10,70,-57000,57000,0.209,0.40053457021713257,0.19153457021713258
2024-08-07_10,71,-38000,57000,0.3897,0.3622344434261322,-0.02746555657386779
2024-08-07_10,72,-19000,57000,0.3657,0.3373151421546936,-0.02838485784530642
2024-08-07_10,73,0,57000,0.3576,0.32889822125434875,-0.02870177874565122
2024-08-07_10,74,19000,57000,0.3692,0.3411608636379242,-0.02803913636207578
2024-08-07_10,75,38000,57000,0.3964,0.3699871897697449,-0.0264128102302551
2024-08-07_10,76,57000,57000,0.211,0.3564271032810211,0.14542710328102113
2024-08-07_10,77,76000,57000,0.3018,0.28042957186698914,-0.021370428133010877
2024-08-07_10,78,-57000,76000,0.2957,0.2715010643005371,-0.02419893569946291
2024-08-07_10,79,-38000,76000,0.2106,0.35236191749572754,0.14176191749572753
2024-08-07_10,80,-19000,76000,0.4135,0.3880278766155243,-0.025472123384475687
2024-08-07_10,81,0,76000,0.405,0.3777272701263428,-0.027272729873657253
2024-08-07_10,82,19000,76000,0.4161,0.3910634219646454,-0.02503657803535464
2024-08-07_10,83,38000,76000,0.21,0.3337019681930542,0.12370196819305421
2024-08-07_10,84,57000,76000,0.296,0.26534420251846313,-0.03065579748153685
2024-08-07_10,85,-19000,95000,0.2831,0.2696961760520935,-0.013403823947906512
2024-08-07_10,86,0,95000,0.2854,0.2672913670539856,-0.01810863294601439
2024-08-07_10,87,19000,95000,0.285,0.2572997808456421,-0.027700219154357886
2024-08-21_01,0,-19000,-95000,0.3112,0.3468759059906006,0.03567590599060061
2024-08-21_01,1,0,-95000,0.3262,0.3630872070789337,0.036887207078933726
2024-08-21_01,2,19000,-95000,0.3182,0.35238829255104065,0.03418829255104067
2024-08-21_01,3,-57000,-76000,0.3309,0.3643779754638672,0.03347797546386716
2024-08-21_01,4,-38000,-76000,0.2859,0.32008564472198486,0.034185644721984876
2024-08-21_01,5,-19000,-76000,0.2621,0.2608945965766907,-0.0012054034233093258
2024-08-21_01,6,0,-76000,0.21,0.2761370837688446,0.06613708376884461
2024-08-21_01,7,19000,-76000,0.2662,0.2895452380180359,0.023345238018035896
2024-08-21_01,8,38000,-76000,0.2873,0.3134751319885254,0.02617513198852539
2024-08-21_01,9,57000,-76000,0.3225,0.3591141104698181,0.036614110469818106
2024-08-21_01,10,-76000,-57000,0.3187,0.35181429982185364,0.033114299821853654
2024-08-21_01,11,-57000,-57000,0.2681,0.2800016403198242,0.011901640319824214
2024-08-21_01,12,-38000,-57000,0.4107,0.4042411744594574,-0.006458825540542612
2024-08-21_01,13,-19000,-57000,0.3855,0.38341009616851807,-0.002089903831481943
2024-08-21_01,14,0,-57000,0.3776,0.3766481280326843,-0.000951871967315665
2024-08-21_01,15,19000,-57000,0.3873,0.3860318958759308,-0.0012681041240691915
2024-08-21_01,16,38000,-57000,0.4146,0.40363362431526184,-0.010966375684738183
2024-08-21_01,17,57000,-57000,0.2714,0.2962540090084076,0.024854009008407618
2024-08-21_01,18,76000,-57000,0.3182,0.3481757342815399,0.029975734281539934
2024-08-21_01,19,-76000,-38000,0.2756,0.30314502120018005,0.027545021200180042
2024-08-21_01,20,-57000,-38000,0.4027,0.4046383202075958,0.0019383202075958228
2024-08-21_01,21,-38000,-38000,0.3609,0.3595317304134369,-0.001368269586563109
2024-08-21_01,22,-19000,-38000,0.3337,0.3320470154285431,-0.0016529845714569058
2024-08-21_01,23,0,-38000,0.3241,0.3231140077114105,-0.0009859922885894767
2024-08-21_01,24,19000,-38000,0.3366,0.3353438079357147,-0.0012561920642852886
2024-08-21_01,25,38000,-38000,0.366,0.36446234583854675,-0.001537654161453239
2024-08-21_01,26,57000,-38000,0.4095,0.41601109504699707,0.006511095046997095
2024-08-21_01,27,76000,-38000,0.2817,0.30848002433776855,0.02678002433776855
2024-08-21_01,28,-95000,-19000,0.299,0.33094507455825806,0.03194507455825807
2024-08-21_01,29,-76000,-19000,0.2061,0.25334498286247253,0.04724498286247253
2024-08-21_01,30,-57000,-19000,0.3695,0.36887872219085693,-0.0006212778091430615
2024-08-21_01,31,-38000,-19000,0.3244,0.32384607195854187,-0.0005539280414581516
2024-08-21_01,32,-19000,-19000,0.2956,0.29486188292503357,-0.0007381170749664046
2024-08-21_01,33,0,-19000,0.2854,0.284408837556839,-0.0009911624431609978
2024-08-21_01,34,19000,-19000,0.2993,0.2980951964855194,-0.0012048035144806013
2024-08-21_01,35,38000,-19000,0.3303,0.3285102844238281,-0.0017897155761718575
2024-08-21_01,36,57000,-19000,0.3788,0.3766379654407501,-0.0021620345592499035
2024-08-21_01,37,76000,-19000,0.21,0.26163533329963684,0.05163533329963685
2024-08-21_01,38,95000,-19000,0.3037,0.33557385206222534,0.031873852062225316
2024-08-21_01,39,-95000,0,0.3004,0.33159786462783813,0.031197864627838134
2024-08-21_01,40,-76000,0,0.4106,0.40125447511672974,-0.009345524883270284
2024-08-21_01,41,-57000,0,0.3522,0.3512137234210968,-0.0009862765789032113
2024-08-21_01,42,-38000,0,0.3071,0.30647575855255127,-0.0006242414474487146
2024-08-21_01,43,-19000,0,0.277,0.2766299247741699,-0.0003700752258301021
2024-08-21_01,44,19000,0,0.2812,0.28064706921577454,-0.0005529307842254694
2024-08-21_01,45,38000,0,0.3148,0.31313806772232056,-0.0016619322776794676
2024-08-21_01,46,57000,0,0.3634,0.3615935444831848,-0.0018064555168151863
2024-08-21_01,47,76000,0,0.2052,0.31811657547950745,0.11291657547950745
2024-08-21_01,48,95000,0,0.3049,0.3372838497161865,0.03238384971618652
2024-08-21_01,49,-95000,19000,0.2896,0.31771737337112427,0.028117373371124244
2024-08-21_01,50,-76000,19000,0.4101,0.41008836030960083,-1.1639690399189995e-05
2024-08-21_01,51,-57000,19000,0.3512,0.3508749306201935,-0.0003250693798065307
2024-08-21_01,52,-38000,19000,0.3066,0.30639737844467163,-0.0002026215553283528
2024-08-21_01,53,-19000,19000,0.2789,0.2786164879798889,-0.00028351202011106524
2024-08-21_01,54,0,19000,0.2701,0.2694796919822693,-0.0006203080177307196
2024-08-21_01,55,19000,19000,0.2833,0.2826234698295593,-0.0006765301704406701
2024-08-21_01,56,38000,19000,0.3151,0.313846617937088,-0.0012533820629119785
2024-08-21_01,57,57000,19000,0.3641,0.3621377646923065,-0.0019622353076934607
2024-08-21_01,58,76000,19000,0.2061,0.2692710757255554,0.06317107572555541
2024-08-21_01,59,95000,19000,0.2953,0.32319068908691406,0.027890689086914056
2024-08-21_01,60,-76000,38000,0.2071,0.2583088278770447,0.05120882787704467
2024-08-21_01,61,-57000,38000,0.3668,0.3668711483478546,7.114834785459934e-05
2024-08-21_01,62,-38000,38000,0.3241,0.32457301020622253,0.000473010206222535
2024-08-21_01,63,-19000,38000,0.2983,0.29838818311691284,8.81831169128322e-05
2024-08-21_01,64,0,38000,0.2899,0.28934457898139954,-0.0005554210186004549
2024-08-21_01,65,19000,38000,0.3031,0.3022369146347046,-0.0008630853652953907
2024-08-21_01,66,38000,38000,0.3335,0.3320063054561615,-0.0014936945438385196
2024-08-21_01,67,57000,38000,0.3805,0.37788331508636475,-0.002616684913635259
2024-08-21_01,68,76000,38000,0.21,0.25968071818351746,0.049680718183517464
2024-08-21_01,69,-76000,57000,0.2873,0.324141263961792,0.03684126396179199
2024-08-21_01,70,-57000,57000,0.4006,0.41260284185409546,0.012002841854095447
2024-08-21_01,71,-38000,57000,0.3574,0.35732129216194153,-7.870783805846715e-05
2024-08-21_01,72,-19000,57000,0.3324,0.3319365978240967,-0.0004634021759032936
2024-08-21_01,73,0,57000,0.3243,0.32348108291625977,-0.0008189170837402115
2024-08-21_01,74,19000,57000,0.337,0.3358687162399292,-0.0011312837600708225
2024-08-21_01,75,38000,57000,0.3663,0.36544114351272583,-0.0008588564872741844
2024-08-21_01,76,57000,57000,0.4132,0.40316465497016907,-0.010035345029830944
2024-08-21_01,77,76000,57000,0.2915,0.31995949149131775,0.028459491491317768
2024-08-21_01,78,-57000,76000,0.277,0.31009283661842346,0.03309283661842344
2024-08-21_01,79,-38000,76000,0.4089,0.3987388014793396,-0.010161198520660386
2024-08-21_01,80,-19000,76000,0.3822,0.3816242814064026,-0.0005757185935973963
2024-08-21_01,81,0,76000,0.3735,0.37282368540763855,-0.0006763145923614489
2024-08-21_01,82,19000,76000,0.3861,0.3841054439544678,-0.0019945560455322253
2024-08-21_01,83,38000,76000,0.4162,0.40448638796806335,-0.01171361203193666
2024-08-21_01,84,57000,76000,0.2803,0.30723902583122253,0.02693902583122254
2024-08-21_01,85,-19000,95000,0.21,0.2690039873123169,0.0590039873123169
2024-08-21_01,86,0,95000,0.21,0.2606953978538513,0.050695397853851326
2024-08-21_01,87,19000,95000,0.2089,0.25351884961128235,0.044618849611282346
2024-08-21_02,0,-19000,-95000,0.3065,0.3074999451637268,0.000999945163726812
2024-08-21_02,1,0,-95000,0.322,0.3091524839401245,-0.012847516059875497
2024-08-21_02,2,19000,-95000,0.3154,0.3079427182674408,-0.007457281732559218
2024-08-21_02,3,-57000,-76000,0.3281,0.32764020562171936,-0.0004597943782806424
2024-08-21_02,4,-38000,-76000,0.285,0.2831358015537262,-0.0018641984462737793
2024-08-21_02,5,-19000,-76000,0.2089,0.23802313208580017,0.02912313208580017
2024-08-21_02,6,0,-76000,0.2091,0.20301133394241333,-0.006088666057586678
2024-08-21_02,7,19000,-76000,0.2625,0.22753416001796722,-0.03496583998203279
2024-08-21_02,8,38000,-76000,0.284,0.2735590934753418,-0.010440906524658178
2024-08-21_02,9,57000,-76000,0.3154,0.306092232465744,-0.009307767534255995
2024-08-21_02,10,-76000,-57000,0.3168,0.31653863191604614,-0.00026136808395388345
2024-08-21_02,11,-57000,-57000,0.2662,0.2535191774368286,-0.012680822563171379
2024-08-21_02,12,-38000,-57000,0.4087,0.3445686101913452,-0.06413138980865479
2024-08-21_02,13,-19000,-57000,0.3831,0.3891012668609619,0.006001266860961918
2024-08-21_02,14,0,-57000,0.375,0.38133156299591064,0.0063315629959106445
2024-08-21_02,15,19000,-57000,0.3844,0.3921996057033539,0.007799605703353862
2024-08-21_02,16,38000,-57000,0.4107,0.286785751581192,-0.12391424841880799
2024-08-21_02,17,57000,-57000,0.2657,0.26031774282455444,-0.005382257175445548
2024-08-21_02,18,76000,-57000,0.3112,0.3029429316520691,-0.008257068347930885
2024-08-21_02,19,-76000,-38000,0.2751,0.2673768997192383,-0.00772310028076173
2024-08-21_02,20,-57000,-38000,0.4018,0.40293192863464355,0.0011319286346435642
2024-08-21_02,21,-38000,-38000,0.3595,0.3654113709926605,0.005911370992660536
2024-08-21_02,22,-19000,-38000,0.3325,0.33761066198349,0.0051106619834899725
2024-08-21_02,23,0,-38000,0.3227,0.3281708359718323,0.0054708359718322885
2024-08-21_02,24,19000,-38000,0.3344,0.34009549021720886,0.005695490217208887
2024-08-21_02,25,38000,-38000,0.3626,0.3695029020309448,0.006902902030944846
2024-08-21_02,26,57000,-38000,0.4052,0.3842775821685791,-0.020922417831420903
2024-08-21_02,27,76000,-38000,0.277,0.27105116844177246,-0.005948831558227563
2024-08-21_02,28,-95000,-19000,0.2971,0.28789621591567993,-0.009203784084320044
2024-08-21_02,29,-76000,-19000,0.2052,0.17719364166259766,-0.028006358337402337
2024-08-21_02,30,-57000,-19000,0.3688,0.3745442032814026,0.005744203281402571
2024-08-21_02,31,-38000,-19000,0.3239,0.32897964119911194,0.005079641199111917
2024-08-21_02,32,-19000,-19000,0.2956,0.3009937107563019,0.005393710756301906
2024-08-21_02,33,0,-19000,0.285,0.2902199625968933,0.005219962596893335
2024-08-21_02,34,19000,-19000,0.298,0.30329233407974243,0.0052923340797424445
2024-08-21_02,35,38000,-19000,0.3279,0.33572182059288025,0.007821820592880224
2024-08-21_02,36,57000,-19000,0.3752,0.3825712203979492,0.007371220397949241
2024-08-21_02,37,76000,-19000,0.2093,0.2043691873550415,-0.00493081264495851
2024-08-21_02,38,95000,-19000,0.3,0.2962014973163605,-0.0037985026836395153
2024-08-21_02,39,-95000,0,0.3014,0.2983049154281616,-0.00309508457183838
2024-08-21_02,40,-76000,0,0.4105,0.3254559338092804,-0.08504406619071958
2024-08-21_02,41,-57000,0,0.3519,0.3575375974178314,0.00563759741783143
2024-08-21_02,42,-38000,0,0.307,0.31293785572052,0.005937855720520024
2024-08-21_02,43,-19000,0,0.2772,0.2817517817020416,0.004551781702041624
2024-08-21_02,44,19000,0,0.2804,0.28607526421546936,0.005675264215469378
2024-08-21_02,45,38000,0,0.3126,0.31907951831817627,0.0064795183181762805
2024-08-21_02,46,57000,0,0.3599,0.3674684464931488,0.007568446493148806
2024-08-21_02,47,76000,0,0.4191,0.1730523705482483,-0.24604762945175168
2024-08-21_02,48,95000,0,0.2995,0.3080655634403229,0.008565563440322888
2024-08-21_02,49,-95000,19000,0.2878,0.27731725573539734,-0.010482744264602661
2024-08-21_02,50,-76000,19000,0.4101,0.3261364698410034,-0.0839635301589966
2024-08-21_02,51,-57000,19000,0.351,0.3572763204574585,0.006276320457458517
2024-08-21_02,52,-38000,19000,0.3067,0.3111439347267151,0.004443934726715115
2024-08-21_02,53,-19000,19000,0.279,0.28647565841674805,0.007475658416748021
2024-08-21_02,54,0,19000,0.2699,0.27693885564804077,0.007038855648040798
2024-08-21_02,55,19000,19000,0.2825,0.28905707597732544,0.006557075977325466
2024-08-21_02,56,38000,19000,0.3131,0.31910571455955505,0.006005714559555064
2024-08-21_02,57,57000,19000,0.3604,0.36713820695877075,0.006738206958770754
2024-08-21_02,58,76000,19000,0.4196,0.17134332656860352,-0.24825667343139646
2024-08-21_02,59,95000,19000,0.2915,0.2871028184890747,-0.004397181510925274
2024-08-21_02,60,-76000,38000,0.208,0.20020392537117004,-0.0077960746288299465
2024-08-21_02,61,-57000,38000,0.367,0.37416890263557434,0.007168902635574348
2024-08-21_02,62,-38000,38000,0.324,0.3300928771495819,0.006092877149581899
2024-08-21_02,63,-19000,38000,0.2982,0.3051241636276245,0.006924163627624491
2024-08-21_02,64,0,38000,0.2896,0.29649513959884644,0.0068951395988464115
2024-08-21_02,65,19000,38000,0.3018,0.30879318714141846,0.006993187141418444
2024-08-21_02,66,38000,38000,0.3311,0.3393818140029907,0.008281814002990717
2024-08-21_02,67,57000,38000,0.3766,0.38348478078842163,0.0068847807884216405
2024-08-21_02,68,76000,38000,0.211,0.20305442810058594,-0.007945571899414056
2024-08-21_02,69,-76000,57000,0.2913,0.2920069992542267,0.0007069992542266812
2024-08-21_02,70,-57000,57000,0.4012,0.37252718210220337,-0.028672817897796632
2024-08-21_02,71,-38000,57000,0.3567,0.3639349043369293,0.007234904336929304
2024-08-21_02,72,-19000,57000,0.3316,0.33959466218948364,0.007994662189483637
2024-08-21_02,73,0,57000,0.3233,0.3301803767681122,0.006880376768112206
2024-08-21_02,74,19000,57000,0.3351,0.34274426102638245,0.007644261026382437
2024-08-21_02,75,38000,57000,0.3635,0.3713107407093048,0.00781074070930482
2024-08-21_02,76,57000,57000,0.4091,0.34596017003059387,-0.06313982996940615
2024-08-21_02,77,76000,57000,0.2882,0.2821017801761627,-0.006098219823837292
2024-08-21_02,78,-57000,76000,0.2775,0.27387309074401855,-0.0036269092559814697
2024-08-21_02,79,-38000,76000,0.4069,0.3430332839488983,-0.06386671605110167
2024-08-21_02,80,-19000,76000,0.3803,0.38866472244262695,0.008364722442626926
2024-08-21_02,81,0,76000,0.3714,0.37872856855392456,0.007328568553924553
2024-08-21_02,82,19000,76000,0.383,0.3920935392379761,0.009093539237976067
2024-08-21_02,83,38000,76000,0.4119,0.27265697717666626,-0.13924302282333373
2024-08-21_02,84,57000,76000,0.276,0.27169138193130493,-0.0043086180686950915
2024-08-21_02,85,-19000,95000,0.21,0.23402909934520721,0.024029099345207222
2024-08-21_02,86,0,95000,0.2086,0.22096951305866241,0.012369513058662407
2024-08-21_02,87,19000,95000,0.21,0.20932170748710632,-0.000678292512893669
2024-08-21_03,0,-19000,-95000,0.3089,0.2952885627746582,-0.013611437225341805
2024-08-21_03,1,0,-95000,0.3271,0.3232470154762268,-0.0038529845237731952
2024-08-21_03,2,19000,-95000,0.3201,0.3175762891769409,-0.0025237108230590777
2024-08-21_03,3,-57000,-76000,0.3318,0.33208611607551575,0.00028611607551576324
2024-08-21_03,4,-38000,-76000,0.2868,0.2816987931728363,-0.005101206827163696
2024-08-21_03,5,-19000,-76000,0.2634,0.27025526762008667,0.006855267620086647
2024-08-21_03,6,0,-76000,0.2086,0.22940540313720703,0.020805403137207024
2024-08-21_03,7,19000,-76000,0.2681,0.262691855430603,-0.005408144569396978
2024-08-21_03,8,38000,-76000,0.2868,0.2819523215293884,-0.004847678470611572
2024-08-21_03,9,57000,-76000,0.3192,0.31579166650772095,-0.0034083334922790365
2024-08-21_03,10,-76000,-57000,0.3225,0.3180641233921051,-0.004435876607894906
2024-08-21_03,11,-57000,-57000,0.27,0.266832560300827,-0.0031674396991729914
2024-08-21_03,12,-38000,-57000,0.4134,0.2701739966869354,-0.14322600331306456
2024-08-21_03,13,-19000,-57000,0.3879,0.3935917317867279,0.005691731786727883
2024-08-21_03,14,0,-57000,0.3794,0.38590776920318604,0.00650776920318602
2024-08-21_03,15,19000,-57000,0.3891,0.39580708742141724,0.006707087421417235
2024-08-21_03,16,38000,-57000,0.4148,0.2341139316558838,-0.1806860683441162
2024-08-21_03,17,57000,-57000,0.27,0.27245989441871643,0.002459894418716413
2024-08-21_03,18,76000,-57000,0.315,0.31229740381240845,-0.002702596187591555
2024-08-21_03,19,-76000,-38000,0.2793,0.27490466833114624,-0.0043953316688537525
2024-08-21_03,20,-57000,-38000,0.4068,0.3308779299259186,-0.07592207007408142
2024-08-21_03,21,-38000,-38000,0.3645,0.37022337317466736,0.005723373174667368
2024-08-21_03,22,-19000,-38000,0.3373,0.343527227640152,0.006227227640151989
2024-08-21_03,23,0,-38000,0.3275,0.3332352638244629,0.005735263824462877
2024-08-21_03,24,19000,-38000,0.3392,0.3460410237312317,0.006841023731231688
2024-08-21_03,25,38000,-38000,0.3673,0.3749687671661377,0.00766876716613768
2024-08-21_03,26,57000,-38000,0.4094,0.294596403837204,-0.114803596162796
2024-08-21_03,27,76000,-38000,0.2803,0.2763024568557739,-0.003997543144226068
2024-08-21_03,28,-95000,-19000,0.2995,0.2911600172519684,-0.008339982748031605
2024-08-21_03,29,-76000,-19000,0.2071,0.1840963214635849,-0.023003678536415106
2024-08-21_03,30,-57000,-19000,0.3738,0.3795245587825775,0.0057245587825774935
2024-08-21_03,31,-38000,-19000,0.329,0.33532655239105225,0.0063265523910522314
2024-08-21_03,32,-19000,-19000,0.3006,0.3074455261230469,0.006845526123046897
2024-08-21_03,33,0,-19000,0.29,0.29679879546165466,0.006798795461654683
2024-08-21_03,34,19000,-19000,0.3028,0.3106118142604828,0.0078118142604827745
2024-08-21_03,35,38000,-19000,0.3327,0.340674489736557,0.007974489736557011
2024-08-21_03,36,57000,-19000,0.3796,0.38678884506225586,0.007188845062255866
2024-08-21_03,37,76000,-19000,0.2093,0.20294544100761414,-0.006354558992385878
2024-08-21_03,38,95000,-19000,0.3032,0.2987746596336365,-0.0044253403663635504
2024-08-21_03,39,-95000,0,0.3058,0.29003533720970154,-0.015764662790298478
2024-08-21_03,40,-76000,0,0.4158,0.2657252550125122,-0.1500747449874878
2024-08-21_03,41,-57000,0,0.3571,0.3627225160598755,0.005622516059875515
2024-08-21_03,42,-38000,0,0.3123,0.3177220821380615,0.005422082138061501
2024-08-21_03,43,-19000,0,0.2825,0.2894454002380371,0.006945400238037136
2024-08-21_03,44,19000,0,0.2854,0.29284554719924927,0.0074455471992492805
2024-08-21_03,45,38000,0,0.3175,0.32671698927879333,0.00921698927879333
2024-08-21_03,46,57000,0,0.3644,0.37138819694519043,0.006988196945190428
2024-08-21_03,47,76000,0,0.2053,0.18333403766155243,-0.02196596233844758
2024-08-21_03,48,95000,0,0.3032,0.29714441299438477,-0.006055587005615259
2024-08-21_03,49,-95000,19000,0.2908,0.2859135866165161,-0.00488641338348389
2024-08-21_03,50,-76000,19000,0.4157,0.26238319277763367,-0.15331680722236635
2024-08-21_03,51,-57000,19000,0.3566,0.36270979046821594,0.00610979046821597
2024-08-21_03,52,-38000,19000,0.3122,0.3185494542121887,0.006349454212188743
2024-08-21_03,53,-19000,19000,0.2844,0.29138144850730896,0.006981448507308974
2024-08-21_03,54,0,19000,0.2751,0.2840787172317505,0.008978717231750477
2024-08-21_03,55,19000,19000,0.2874,0.2952392101287842,0.007839210128784191
2024-08-21_03,56,38000,19000,0.3176,0.325936883687973,0.008336883687973029
2024-08-21_03,57,57000,19000,0.3649,0.3731189966201782,0.00821899662017822
2024-08-21_03,58,76000,19000,0.2053,0.18169668316841125,-0.023603316831588755
2024-08-21_03,59,95000,19000,0.2955,0.2804928719997406,-0.015007128000259384
2024-08-21_03,60,-76000,38000,0.2089,0.2046692818403244,-0.0042307181596756005
2024-08-21_03,61,-57000,38000,0.3727,0.38182926177978516,0.00912926177978518
2024-08-21_03,62,-38000,38000,0.3295,0.3384908437728882,0.008990843772888168
2024-08-21_03,63,-19000,38000,0.3033,0.3102552890777588,0.006955289077758775
2024-08-21_03,64,0,38000,0.2947,0.3035850524902344,0.008885052490234358
2024-08-21_03,65,19000,38000,0.3066,0.3162601888179779,0.009660188817977922
2024-08-21_03,66,38000,38000,0.3355,0.3448966443538666,0.009396644353866557
2024-08-21_03,67,57000,38000,0.381,0.38859859108924866,0.007598591089248652
2024-08-21_03,68,76000,38000,0.21,0.2188844382762909,0.008884438276290901
2024-08-21_03,69,-76000,57000,0.2962,0.2986641526222229,0.0024641526222228816
2024-08-21_03,70,-57000,57000,0.4069,0.281360000371933,-0.125539999628067
2024-08-21_03,71,-38000,57000,0.3619,0.37191781401634216,0.010017814016342164
2024-08-21_03,72,-19000,57000,0.3366,0.3464348614215851,0.009834861421585073
2024-08-21_03,73,0,57000,0.3282,0.3389967083930969,0.010796708393096932
2024-08-21_03,74,19000,57000,0.3399,0.3491337299346924,0.009233729934692403
2024-08-21_03,75,38000,57000,0.3677,0.3763464689254761,0.008646468925476047
2024-08-21_03,76,57000,57000,0.4128,0.28684601187705994,-0.12595398812294006
2024-08-21_03,77,76000,57000,0.291,0.2872295379638672,-0.0037704620361327934
2024-08-21_03,78,-57000,76000,0.2831,0.28838473558425903,0.005284735584259015
2024-08-21_03,79,-38000,76000,0.412,0.2556381821632385,-0.15636181783676145
2024-08-21_03,80,-19000,76000,0.3852,0.39327508211135864,0.008075082111358656
2024-08-21_03,81,0,76000,0.3764,0.3854294717311859,0.0090294717311859
2024-08-21_03,82,19000,76000,0.3878,0.3961350619792938,0.008335061979293845
2024-08-21_03,83,38000,76000,0.4165,0.1899661272764206,-0.2265338727235794
2024-08-21_03,84,57000,76000,0.2812,0.27862322330474854,-0.0025767766952514704
2024-08-21_03,85,-19000,95000,0.2625,0.25949037075042725,-0.003009629249572765
2024-08-21_03,86,0,95000,0.2643,0.24277926981449127,-0.021520730185508707
2024-08-21_03,87,19000,95000,0.2089,0.24428725242614746,0.03538725242614746
2024-08-21_04,0,-19000,-95000,0.3117,0.3168456554412842,0.005145655441284203
2024-08-21_04,1,0,-95000,0.3318,0.3413715064525604,0.009571506452560441
2024-08-21_04,2,19000,-95000,0.3225,0.32567042112350464,0.00317042112350463
2024-08-21_04,3,-57000,-76000,0.341,0.34028691053390503,-0.000713089466094996
2024-08-21_04,4,-38000,-76000,0.2901,0.29966604709625244,0.009566047096252417
2024-08-21_04,5,-19000,-76000,0.2685,0.2793792486190796,0.010879248619079573
2024-08-21_04,6,0,-76000,0.2089,0.22897329926490784,0.020073299264907835
2024-08-21_04,7,19000,-76000,0.2714,0.2855711281299591,0.014171128129959132
2024-08-21_04,8,38000,-76000,0.2896,0.29789915680885315,0.008299156808853125
2024-08-21_04,9,57000,-76000,0.3248,0.33133262395858765,0.006532623958587669
2024-08-21_04,10,-76000,-57000,0.3267,0.32763031125068665,0.0009303112506866551
2024-08-21_04,11,-57000,-57000,0.2746,0.27963605523109436,0.00503605523109435
2024-08-21_04,12,-38000,-57000,0.4178,0.23251712322235107,-0.18528287677764893
2024-08-21_04,13,-19000,-57000,0.3923,0.3983719050884247,0.0060719050884247006
2024-08-21_04,14,0,-57000,0.3842,0.3897128999233246,0.005512899923324599
2024-08-21_04,15,19000,-57000,0.3937,0.4001080095767975,0.006408009576797491
2024-08-21_04,16,38000,-57000,0.4195,0.20346027612686157,-0.2160397238731384
2024-08-21_04,17,57000,-57000,0.2742,0.2778248190879822,0.0036248190879821784
2024-08-21_04,18,76000,-57000,0.3206,0.3160863518714905,-0.004513648128509518
2024-08-21_04,19,-76000,-38000,0.2831,0.2857079803943634,0.002607980394363385
2024-08-21_04,20,-57000,-38000,0.4113,0.2617201805114746,-0.1495798194885254
2024-08-21_04,21,-38000,-38000,0.369,0.37519875168800354,0.006198751688003545
2024-08-21_04,22,-19000,-38000,0.3419,0.3485836088657379,0.006683608865737933
2024-08-21_04,23,0,-38000,0.3324,0.3389872610569,0.006587261056900051
2024-08-21_04,24,19000,-38000,0.3442,0.3503350615501404,0.006135061550140375
2024-08-21_04,25,38000,-38000,0.3723,0.37829554080963135,0.005995540809631328
2024-08-21_04,26,57000,-38000,0.4144,0.22245845198631287,-0.19194154801368712
2024-08-21_04,27,76000,-38000,0.2845,0.2895103394985199,0.005010339498519922
2024-08-21_04,28,-95000,-19000,0.3028,0.30844202637672424,0.00564202637672423
2024-08-21_04,29,-76000,-19000,0.2085,0.19715483486652374,-0.011345165133476248
2024-08-21_04,30,-57000,-19000,0.3787,0.38529595732688904,0.006595957326889057
2024-08-21_04,31,-38000,-19000,0.3342,0.34078603982925415,0.006586039829254153
2024-08-21_04,32,-19000,-19000,0.3059,0.3121236562728882,0.006223656272888178
2024-08-21_04,33,0,-19000,0.2951,0.3018963932991028,0.00679639329910281
2024-08-21_04,34,19000,-19000,0.3083,0.3164532780647278,0.008153278064727765
2024-08-21_04,35,38000,-19000,0.3382,0.34489503502845764,0.006695035028457641
2024-08-21_04,36,57000,-19000,0.3847,0.3922429084777832,0.007542908477783217
2024-08-21_04,37,76000,-19000,0.21,0.22543132305145264,0.015431323051452644
2024-08-21_04,38,95000,-19000,0.3067,0.31250235438346863,0.005802354383468655
2024-08-21_04,39,-95000,0,0.3112,0.3188142776489258,0.007614277648925805
2024-08-21_04,40,-76000,0,0.421,0.19631120562553406,-0.22468879437446593
2024-08-21_04,41,-57000,0,0.3623,0.3688594102859497,0.006559410285949696
2024-08-21_04,42,-38000,0,0.3178,0.32516008615493774,0.007360086154937717
2024-08-21_04,43,-19000,0,0.288,0.2945217490196228,0.0065217490196228245
2024-08-21_04,44,19000,0,0.291,0.29866930842399597,0.007669308423995991
2024-08-21_04,45,38000,0,0.3232,0.330284059047699,0.007084059047698987
2024-08-21_04,46,57000,0,0.3698,0.37749183177948,0.007691831779479963
2024-08-21_04,47,76000,0,0.2071,0.1888485848903656,-0.018251415109634406
2024-08-21_04,48,95000,0,0.3075,0.3161720633506775,0.008672063350677495
2024-08-21_04,49,-95000,19000,0.2948,0.30395257472991943,0.009152574729919427
2024-08-21_04,50,-76000,19000,0.4212,0.19888821244239807,-0.22231178755760195
2024-08-21_04,51,-57000,19000,0.3619,0.36857473850250244,0.006674738502502442
2024-08-21_04,52,-38000,19000,0.318,0.3252795934677124,0.0072795934677123975
2024-08-21_04,53,-19000,19000,0.2902,0.2980569303035736,0.007856930303573595
2024-08-21_04,54,0,19000,0.2808,0.288633793592453,0.007833793592453009
2024-08-21_04,55,19000,19000,0.2933,0.30138537287712097,0.008085372877120967
2024-08-21_04,56,38000,19000,0.3236,0.3312004506587982,0.007600450658798219
2024-08-21_04,57,57000,19000,0.3705,0.37841254472732544,0.007912544727325443
2024-08-21_04,58,76000,19000,0.2078,0.1871066838502884,-0.02069331614971162
2024-08-21_04,59,95000,19000,0.2985,0.3036212921142578,0.005121292114257825
2024-08-21_04,60,-76000,38000,0.2093,0.23041266202926636,0.021112662029266344
2024-08-21_04,61,-57000,38000,0.3786,0.38517260551452637,0.006572605514526375
2024-08-21_04,62,-38000,38000,0.3357,0.3434162139892578,0.007716213989257814
2024-08-21_04,63,-19000,38000,0.3096,0.31828826665878296,0.008688266658782973
2024-08-21_04,64,0,38000,0.3005,0.3088182508945465,0.00831825089454652
2024-08-21_04,65,19000,38000,0.3127,0.32140716910362244,0.008707169103622459
2024-08-21_04,66,38000,38000,0.3418,0.3506891429424286,0.008889142942428596
2024-08-21_04,67,57000,38000,0.3868,0.39474672079086304,0.00794672079086306
2024-08-21_04,68,76000,38000,0.2653,0.23790541291236877,-0.027394587087631206
2024-08-21_04,69,-76000,57000,0.3018,0.3085702359676361,0.006770235967636096
2024-08-21_04,70,-57000,57000,0.4135,0.23795711994171143,-0.17554288005828855
2024-08-21_04,71,-38000,57000,0.3685,0.3765053153038025,0.008005315303802496
2024-08-21_04,72,-19000,57000,0.343,0.3513278067111969,0.008327806711196872
2024-08-21_04,73,0,57000,0.3341,0.3428054451942444,0.008705445194244377
2024-08-21_04,74,19000,57000,0.3459,0.35517194867134094,0.009271948671340957
2024-08-21_04,75,38000,57000,0.3736,0.3818988800048828,0.008298880004882825
2024-08-21_04,76,57000,57000,0.4189,0.20110997557640076,-0.21779002442359924
2024-08-21_04,77,76000,57000,0.295,0.30122512578964233,0.0062251257896423495
2024-08-21_04,78,-57000,76000,0.2892,0.2975321412086487,0.008332141208648669
2024-08-21_04,79,-38000,76000,0.4191,0.19189155101776123,-0.22720844898223874
2024-08-21_04,80,-19000,76000,0.3916,0.40047669410705566,0.00887669410705566
2024-08-21_04,81,0,76000,0.3821,0.3904637396335602,0.008363739633560185
2024-08-21_04,82,19000,76000,0.3936,0.4027006924152374,0.009100692415237421
2024-08-21_04,83,38000,76000,0.2025,0.21821513772010803,0.01571513772010802
2024-08-21_04,84,57000,76000,0.2864,0.2862843871116638,-0.00011561288833616956
2024-08-21_04,85,-19000,95000,0.2709,0.27777034044265747,0.0068703404426574965
2024-08-21_04,86,0,95000,0.2714,0.2812481224536896,0.0098481224536896
2024-08-21_04,87,19000,95000,0.2662,0.26327741146087646,-0.0029225885391235273
2024-08-21_05,0,-19000,-95000,0.314,0.31618908047676086,0.002189080476760863
2024-08-21_05,1,0,-95000,0.336,0.32982614636421204,-0.006173853635787985
2024-08-21_05,2,19000,-95000,0.3271,0.3225720226764679,-0.004527977323532106
2024-08-21_05,3,-57000,-76000,0.3469,0.3457241952419281,-0.0011758047580718856
2024-08-21_05,4,-38000,-76000,0.2925,0.29688793420791626,0.0043879342079162775
2024-08-21_05,5,-19000,-76000,0.2728,0.2792864143848419,0.006486414384841932
2024-08-21_05,6,0,-76000,0.2653,0.2582588195800781,-0.007041180419921855
2024-08-21_05,7,19000,-76000,0.2746,0.2730622887611389,-0.0015377112388610947
2024-08-21_05,8,38000,-76000,0.292,0.29725587368011475,0.005255873680114764
2024-08-21_05,9,57000,-76000,0.329,0.32493340969085693,-0.004066590309143081
2024-08-21_05,10,-76000,-57000,0.3318,0.334594190120697,0.0027941901206970376
2024-08-21_05,11,-57000,-57000,0.2784,0.28187885880470276,0.003478858804702778
2024-08-21_05,12,-38000,-57000,0.422,0.24487099051475525,-0.17712900948524474
2024-08-21_05,13,-19000,-57000,0.3967,0.3986794352531433,0.0019794352531433135
2024-08-21_05,14,0,-57000,0.3888,0.39107993245124817,0.00227993245124819
2024-08-21_05,15,19000,-57000,0.3983,0.4013822078704834,0.003082207870483411
2024-08-21_05,16,38000,-57000,0.2069,0.23913033306598663,0.03223033306598663
2024-08-21_05,17,57000,-57000,0.2779,0.27990204095840454,0.0020020409584045606
2024-08-21_05,18,76000,-57000,0.3243,0.32317715883255005,-0.0011228411674499283
2024-08-21_05,19,-76000,-38000,0.285,0.28322267532348633,-0.0017773246765136475
2024-08-21_05,20,-57000,-38000,0.4154,0.29718613624572754,-0.11821386375427245
2024-08-21_05,21,-38000,-38000,0.3738,0.37606164813041687,0.002261648130416849
2024-08-21_05,22,-19000,-38000,0.347,0.3479379713535309,0.0009379713535309087
2024-08-21_05,23,0,-38000,0.3373,0.33857065439224243,0.001270654392242443
2024-08-21_05,24,19000,-38000,0.3493,0.3503292202949524,0.0010292202949523932
2024-08-21_05,25,38000,-38000,0.3775,0.3799387812614441,0.0024387812614440896
2024-08-21_05,26,57000,-38000,0.4191,0.2685081958770752,-0.15059180412292478
2024-08-21_05,27,76000,-38000,0.2873,0.2815553545951843,-0.005744645404815674
2024-08-21_05,28,-95000,-19000,0.306,0.3009893000125885,-0.005010699987411493
2024-08-21_05,29,-76000,-19000,0.21,0.21533861756324768,0.0053386175632476884
2024-08-21_05,30,-57000,-19000,0.3837,0.38494083285331726,0.0012408328533172752
2024-08-21_05,31,-38000,-19000,0.3391,0.3394746482372284,0.00037464823722838103
2024-08-21_05,32,-19000,-19000,0.311,0.31153926253318787,0.0005392625331878675
2024-08-21_05,33,0,-19000,0.3002,0.30160924792289734,0.0014092479228973165
2024-08-21_05,34,19000,-19000,0.3137,0.3153846859931946,0.0016846859931946012
2024-08-21_05,35,38000,-19000,0.3435,0.34534329175949097,0.0018432917594909393
2024-08-21_05,36,57000,-19000,0.3899,0.39200687408447266,0.002106874084472632
2024-08-21_05,37,76000,-19000,0.2626,0.2503238916397095,-0.012276108360290527
2024-08-21_05,38,95000,-19000,0.3096,0.3058566749095917,-0.0037433250904083115
2024-08-21_05,39,-95000,0,0.3182,0.3117007613182068,-0.006499238681793196
2024-08-21_05,40,-76000,0,0.2069,0.24246500432491302,0.035565004324913024
2024-08-21_05,41,-57000,0,0.3674,0.369488924741745,0.0020889247417449908
2024-08-21_05,42,-38000,0,0.3232,0.3242734968662262,0.001073496866226209
2024-08-21_05,43,-19000,0,0.2935,0.29440176486968994,0.0009017648696899583
2024-08-21_05,44,19000,0,0.2964,0.297745943069458,0.001345943069458011
2024-08-21_05,45,38000,0,0.3288,0.33125701546669006,0.0024570154666900823
2024-08-21_05,46,57000,0,0.3751,0.3774796426296234,0.002379642629623424
2024-08-21_05,47,76000,0,0.2089,0.19642412662506104,-0.012475873374938967
2024-08-21_05,48,95000,0,0.3112,0.3145279586315155,0.0033279586315155263
2024-08-21_05,49,-95000,19000,0.2971,0.2902814447879791,-0.006818555212020849
2024-08-21_05,50,-76000,19000,0.2061,0.24127957224845886,0.03517957224845886
2024-08-21_05,51,-57000,19000,0.3674,0.368931382894516,0.0015313828945159869
2024-08-21_05,52,-38000,19000,0.3236,0.3242741823196411,0.0006741823196411145
2024-08-21_05,53,-19000,19000,0.2958,0.2982017695903778,0.0024017695903778002
2024-08-21_05,54,0,19000,0.2868,0.2893414795398712,0.0025414795398712164
2024-08-21_05,55,19000,19000,0.299,0.3006620407104492,0.0016620407104492307
2024-08-21_05,56,38000,19000,0.3292,0.33132460713386536,0.002124607133865364
2024-08-21_05,57,57000,19000,0.376,0.37852710485458374,0.0025271048545837393
2024-08-21_05,58,76000,19000,0.21,0.2012079656124115,-0.008792034387588493
2024-08-21_05,59,95000,19000,0.3009,0.300542414188385,-0.00035758581161499103
2024-08-21_05,60,-76000,38000,0.2617,0.24677027761936188,-0.01492972238063811
2024-08-21_05,61,-57000,38000,0.384,0.38474199175834656,0.0007419917583465496
2024-08-21_05,62,-38000,38000,0.3413,0.3426119387149811,0.0013119387149810868
2024-08-21_05,63,-19000,38000,0.3155,0.3179575204849243,0.0024575204849243137
2024-08-21_05,64,0,38000,0.3067,0.3086581826210022,0.0019581826210022246
2024-08-21_05,65,19000,38000,0.3186,0.3215098977088928,0.002909897708892828
2024-08-21_05,66,38000,38000,0.3473,0.3503190279006958,0.003019027900695803
2024-08-21_05,67,57000,38000,0.3922,0.39484748244285583,0.002647482442855842
2024-08-21_05,68,76000,38000,0.2714,0.2560466229915619,-0.015353377008438085
2024-08-21_05,69,-76000,57000,0.3046,0.3026863932609558,-0.0019136067390441713
2024-08-21_05,70,-57000,57000,0.4188,0.2626972794532776,-0.15610272054672242
2024-08-21_05,71,-38000,57000,0.3739,0.37617143988609314,0.0022714398860931295
2024-08-21_05,72,-19000,57000,0.3489,0.35158178210258484,0.002681782102584851
2024-08-21_05,73,0,57000,0.3403,0.3437856435775757,0.003485643577575692
2024-08-21_05,74,19000,57000,0.3518,0.35465073585510254,0.0028507358551025375
2024-08-21_05,75,38000,57000,0.3794,0.38315263390541077,0.0037526339054107516
2024-08-21_05,76,57000,57000,0.2062,0.24732071161270142,0.04112071161270142
2024-08-21_05,77,76000,57000,0.2981,0.2969358563423157,-0.0011641436576843023
2024-08-21_05,78,-57000,76000,0.2929,0.28925395011901855,-0.003646049880981439
2024-08-21_05,79,-38000,76000,0.2061,0.24487878382205963,0.038778783822059626
2024-08-21_05,80,-19000,76000,0.3974,0.4001869261264801,0.002786926126480127
2024-08-21_05,81,0,76000,0.388,0.39079126715660095,0.0027912671566009406
2024-08-21_05,82,19000,76000,0.3994,0.4028623700141907,0.0034623700141906966
2024-08-21_05,83,38000,76000,0.208,0.2298753261566162,0.02187532615661622
2024-08-21_05,84,57000,76000,0.2906,0.2876865863800049,-0.002913413619995142
2024-08-21_05,85,-19000,95000,0.2756,0.2795755863189697,0.003975586318969715
2024-08-21_05,86,0,95000,0.2775,0.27803686261177063,0.0005368626117706055
2024-08-21_05,87,19000,95000,0.2709,0.26508113741874695,-0.005818862581253026
2024-08-21_06,0,-19000,-95000,0.3173,0.3296758830547333,0.01237588305473325
2024-08-21_06,1,0,-95000,0.341,0.35621270537376404,0.015212705373764013
2024-08-21_06,2,19000,-95000,0.3309,0.34388452768325806,0.01298452768325803
2024-08-21_06,3,-57000,-76000,0.3465,0.36403781175613403,0.01753781175613406
2024-08-21_06,4,-38000,-76000,0.2948,0.3104104697704315,0.015610469770431512
2024-08-21_06,5,-19000,-76000,0.2775,0.3013111650943756,0.023811165094375586
2024-08-21_06,6,0,-76000,0.27,0.2801346182823181,0.010134618282318097
2024-08-21_06,7,19000,-76000,0.2793,0.30057117342948914,0.021271173429489143
2024-08-21_06,8,38000,-76000,0.2948,0.3127456605434418,0.017945660543441766
2024-08-21_06,9,57000,-76000,0.3346,0.3438132405281067,0.009213240528106681
2024-08-21_06,10,-76000,-57000,0.3375,0.3508821725845337,0.01338217258453367
2024-08-21_06,11,-57000,-57000,0.2812,0.30143362283706665,0.020233622837066645
2024-08-21_06,12,-38000,-57000,0.2061,0.22103285789489746,0.014932857894897456
2024-08-21_06,13,-19000,-57000,0.4025,0.40313032269477844,0.000630322694778418
2024-08-21_06,14,0,-57000,0.3947,0.39497366547584534,0.0002736654758453416
2024-08-21_06,15,19000,-57000,0.4042,0.40459585189819336,0.00039585189819335564
2024-08-21_06,16,38000,-57000,0.208,0.22380296885967255,0.015802968859672556
2024-08-21_06,17,57000,-57000,0.2817,0.29626983404159546,0.014569834041595453
2024-08-21_06,18,76000,-57000,0.3295,0.33987194299697876,0.010371942996978745
2024-08-21_06,19,-76000,-38000,0.2887,0.2981759011745453,0.009475901174545276
2024-08-21_06,20,-57000,-38000,0.421,0.2661401331424713,-0.15485986685752867
2024-08-21_06,21,-38000,-38000,0.3798,0.37953317165374756,-0.0002668283462524679
2024-08-21_06,22,-19000,-38000,0.3534,0.35310253500938416,-0.00029746499061583664
2024-08-21_06,23,0,-38000,0.3442,0.34277674555778503,-0.0014232544422149718
2024-08-21_06,24,19000,-38000,0.3559,0.35514742136001587,-0.000752578639984125
2024-08-21_06,25,38000,-38000,0.3835,0.38350334763526917,3.3476352691574895e-06
2024-08-21_06,26,57000,-38000,0.2052,0.24057969450950623,0.03537969450950623
2024-08-21_06,27,76000,-38000,0.2903,0.29437455534935,0.004074555349349973
2024-08-21_06,28,-95000,-19000,0.3079,0.31346383690834045,0.005563836908340447
2024-08-21_06,29,-76000,-19000,0.2088,0.2374601513147354,0.0286601513147354
2024-08-21_06,30,-57000,-19000,0.3898,0.38924482464790344,-0.0005551753520965375
2024-08-21_06,31,-38000,-19000,0.346,0.34472113847732544,-0.0012788615226745348
2024-08-21_06,32,-19000,-19000,0.318,0.31644701957702637,-0.0015529804229736377
2024-08-21_06,33,0,-19000,0.3075,0.3061842918395996,-0.0013157081604003862
2024-08-21_06,34,19000,-19000,0.3208,0.3205033242702484,-0.000296675729751561
2024-08-21_06,35,38000,-19000,0.3506,0.35092008113861084,0.0003200811386108171
2024-08-21_06,36,57000,-19000,0.3961,0.39687761664390564,0.000777616643905632
2024-08-21_06,37,76000,-19000,0.269,0.27781838178634644,0.008818381786346419
2024-08-21_06,38,95000,-19000,0.3121,0.326028048992157,0.013928048992156994
2024-08-21_06,39,-95000,0,0.3234,0.3298666179180145,0.006466617918014506
2024-08-21_06,40,-76000,0,0.208,0.23004968464374542,0.022049684643745432
2024-08-21_06,41,-57000,0,0.3738,0.3736141324043274,-0.00018586759567262856
2024-08-21_06,42,-38000,0,0.3302,0.32911989092826843,-0.001080109071731561
2024-08-21_06,43,-19000,0,0.3008,0.2991825342178345,-0.0016174657821655392
2024-08-21_06,44,19000,0,0.3039,0.30335453152656555,-0.0005454684734344517
2024-08-21_06,45,38000,0,0.336,0.33603429794311523,3.42979431152135e-05
2024-08-21_06,46,57000,0,0.382,0.38286176323890686,0.0008617632389068541
2024-08-21_06,47,76000,0,0.21,0.2273770123720169,0.017377012372016915
2024-08-21_06,48,95000,0,0.315,0.32604876160621643,0.011048761606216428
2024-08-21_06,49,-95000,19000,0.3,0.30361056327819824,0.0036105632781982533
2024-08-21_06,50,-76000,19000,0.2081,0.22333350777626038,0.015233507776260369
2024-08-21_06,51,-57000,19000,0.3737,0.3738289773464203,0.00012897734642031145
2024-08-21_06,52,-38000,19000,0.3307,0.3301266133785248,-0.0005733866214752137
2024-08-21_06,53,-19000,19000,0.3033,0.302555650472641,-0.0007443495273590228
2024-08-21_06,54,0,19000,0.2942,0.29375022649765015,-0.00044977350234987057
2024-08-21_06,55,19000,19000,0.3066,0.3062513470649719,-0.00034865293502805983
2024-08-21_06,56,38000,19000,0.3369,0.3370252251625061,0.00012522516250612625
2024-08-21_06,57,57000,19000,0.3828,0.3842494785785675,0.0014494785785675313
2024-08-21_06,58,76000,19000,0.21,0.22148434817790985,0.011484348177909859
2024-08-21_06,59,95000,19000,0.3039,0.31479156017303467,0.010891560173034665
2024-08-21_06,60,-76000,38000,0.2676,0.2691382169723511,0.0015382169723510697
2024-08-21_06,61,-57000,38000,0.3903,0.3901304006576538,-0.0001695993423461717
2024-08-21_06,62,-38000,38000,0.3485,0.3474421799182892,-0.001057820081710792
2024-08-21_06,63,-19000,38000,0.323,0.32369327545166016,0.0006932754516601469
2024-08-21_06,64,0,38000,0.3142,0.3143076002597809,0.00010760025978090448
2024-08-21_06,65,19000,38000,0.3263,0.32700780034065247,0.0007078003406524869
2024-08-21_06,66,38000,38000,0.3547,0.3564094603061676,0.0017094603061675873
2024-08-21_06,67,57000,38000,0.3988,0.39989975094795227,0.0010997509479522827
2024-08-21_06,68,76000,38000,0.276,0.2761654853820801,0.00016548538208005503
2024-08-21_06,69,-76000,57000,0.3079,0.3136437237262726,0.005743723726272576
2024-08-21_06,70,-57000,57000,0.2057,0.23008012771606445,0.02438012771606446
2024-08-21_06,71,-38000,57000,0.3805,0.38018983602523804,-0.0003101639747619678
2024-08-21_06,72,-19000,57000,0.3557,0.35730108618736267,0.0016010861873626547
2024-08-21_06,73,0,57000,0.3476,0.34934189915657043,0.0017418991565704145
2024-08-21_06,74,19000,57000,0.359,0.3603583872318268,0.0013583872318267964
2024-08-21_06,75,38000,57000,0.386,0.3873724341392517,0.0013724341392516992
2024-08-21_06,76,57000,57000,0.2089,0.23162031173706055,0.022720311737060545
2024-08-21_06,77,76000,57000,0.3,0.31419268250465393,0.014192682504653942
2024-08-21_06,78,-57000,76000,0.2955,0.3040223717689514,0.008522371768951431
2024-08-21_06,79,-38000,76000,0.2085,0.23667499423027039,0.028174994230270395
2024-08-21_06,80,-19000,76000,0.4038,0.4061715304851532,0.002371530485153206
2024-08-21_06,81,0,76000,0.3946,0.3958132266998291,0.0012132266998290953
2024-08-21_06,82,19000,76000,0.4057,0.40819674730300903,0.002496747303009028
2024-08-21_06,83,38000,76000,0.21,0.22622063755989075,0.016220637559890755
2024-08-21_06,84,57000,76000,0.2925,0.3063584268093109,0.01385842680931093
2024-08-21_06,85,-19000,95000,0.2793,0.2927815020084381,0.013481502008438118
2024-08-21_06,86,0,95000,0.2812,0.2950364947319031,0.01383649473190307
2024-08-21_06,87,19000,95000,0.2775,0.2924809753894806,0.014980975389480566
2024-08-21_07,0,-19000,-95000,0.3201,0.3353007435798645,0.015200743579864506
2024-08-21_07,1,0,-95000,0.3402,0.36044108867645264,0.020241088676452634
2024-08-21_07,2,19000,-95000,0.3365,0.3416948914527893,0.005194891452789285
2024-08-21_07,3,-57000,-76000,0.345,0.36110934615135193,0.016109346151351955
2024-08-21_07,4,-38000,-76000,0.2943,0.3119114637374878,0.017611463737487787
2024-08-21_07,5,-19000,-76000,0.2765,0.30269095301628113,0.026190953016281104
2024-08-21_07,6,0,-76000,0.2709,0.28975269198417664,0.01885269198417666
2024-08-21_07,7,19000,-76000,0.2793,0.301584929227829,0.022284929227828987
2024-08-21_07,8,38000,-76000,0.2953,0.3130781352519989,0.017778135251998894
2024-08-21_07,9,57000,-76000,0.3337,0.34863534569740295,0.014935345697402957
2024-08-21_07,10,-76000,-57000,0.336,0.3580356538295746,0.022035653829574564
2024-08-21_07,11,-57000,-57000,0.2803,0.2947423458099365,0.01444234580993653
2024-08-21_07,12,-38000,-57000,0.2069,0.1942448914051056,-0.01265510859489441
2024-08-21_07,13,-19000,-57000,0.4021,0.40587687492370605,0.0037768749237060417
2024-08-21_07,14,0,-57000,0.3944,0.39921942353248596,0.004819423532485989
2024-08-21_07,15,19000,-57000,0.4038,0.4071873426437378,0.0033873426437378007
2024-08-21_07,16,38000,-57000,0.2071,0.19753596186637878,-0.009564038133621222
2024-08-21_07,17,57000,-57000,0.2812,0.2939523160457611,0.012752316045761103
2024-08-21_07,18,76000,-57000,0.3285,0.3442769944667816,0.015776994466781602
2024-08-21_07,19,-76000,-38000,0.2882,0.30733975768089294,0.019139757680892933
2024-08-21_07,20,-57000,-38000,0.4206,0.20233725011348724,-0.21826274988651273
2024-08-21_07,21,-38000,-38000,0.3794,0.38448408246040344,0.005084082460403427
2024-08-21_07,22,-19000,-38000,0.3528,0.3579648435115814,0.005164843511581418
2024-08-21_07,23,0,-38000,0.3436,0.3480846881866455,0.004484688186645491
2024-08-21_07,24,19000,-38000,0.3556,0.36042600870132446,0.004826008701324436
2024-08-21_07,25,38000,-38000,0.3832,0.38821935653686523,0.005019356536865249
2024-08-21_07,26,57000,-38000,0.2069,0.18213312327861786,-0.02476687672138214
2024-08-21_07,27,76000,-38000,0.2901,0.31042349338531494,0.020323493385314917
2024-08-21_07,28,-95000,-19000,0.3065,0.3240015208721161,0.017501520872116094
2024-08-21_07,29,-76000,-19000,0.2089,0.23443996906280518,0.025539969062805173
2024-08-21_07,30,-57000,-19000,0.3892,0.39470919966697693,0.005509199666976938
2024-08-21_07,31,-38000,-19000,0.345,0.35064932703971863,0.005649327039718655
2024-08-21_07,32,-19000,-19000,0.3171,0.3222673833370209,0.005167383337020881
2024-08-21_07,33,0,-19000,0.3065,0.3119611144065857,0.005461114406585699
2024-08-21_07,34,19000,-19000,0.3202,0.32588306069374084,0.00568306069374086
2024-08-21_07,35,38000,-19000,0.3502,0.35548973083496094,0.005289730834960926
2024-08-21_07,36,57000,-19000,0.3959,0.4013097584247589,0.005409758424758937
2024-08-21_07,37,76000,-19000,0.2681,0.29338327050209045,0.02528327050209045
2024-08-21_07,38,95000,-19000,0.3131,0.32553577423095703,0.012435774230957042
2024-08-21_07,39,-95000,0,0.3225,0.3318345248699188,0.009334524869918814
2024-08-21_07,40,-76000,0,0.208,0.19425641000270844,-0.013743589997291555
2024-08-21_07,41,-57000,0,0.3737,0.37868422269821167,0.004984222698211693
2024-08-21_07,42,-38000,0,0.3297,0.33490490913391113,0.00520490913391114
2024-08-21_07,43,-19000,0,0.2998,0.305041640996933,0.0052416409969329725
2024-08-21_07,44,19000,0,0.3031,0.308765709400177,0.005665709400177021
2024-08-21_07,45,38000,0,0.3356,0.34159550070762634,0.005995500707626333
2024-08-21_07,46,57000,0,0.3816,0.38744768500328064,0.005847685003280645
2024-08-21_07,47,76000,0,0.21,0.19747859239578247,-0.012521407604217522
2024-08-21_07,48,95000,0,0.315,0.32463541626930237,0.009635416269302366
2024-08-21_07,49,-95000,19000,0.3,0.3120030164718628,0.012003016471862804
2024-08-21_07,50,-76000,19000,0.2081,0.20094755291938782,-0.00715244708061219
2024-08-21_07,51,-57000,19000,0.3738,0.37820637226104736,0.004406372261047342
2024-08-21_07,52,-38000,19000,0.3302,0.33617353439331055,0.005973534393310553
2024-08-21_07,53,-19000,19000,0.3028,0.3082800805568695,0.005480080556869493
2024-08-21_07,54,0,19000,0.2937,0.2993909418582916,0.005690941858291609
2024-08-21_07,55,19000,19000,0.3062,0.31192490458488464,0.005724904584884616
2024-08-21_07,56,38000,19000,0.3365,0.34252554178237915,0.006025541782379129
2024-08-21_07,57,57000,19000,0.3826,0.3882156014442444,0.005615601444244389
2024-08-21_07,58,76000,19000,0.2113,0.21003729104995728,-0.0012627089500427124
2024-08-21_07,59,95000,19000,0.3042,0.3143541216850281,0.01015412168502805
2024-08-21_07,60,-76000,38000,0.269,0.27724575996398926,0.008245759963989241
2024-08-21_07,61,-57000,38000,0.3907,0.3954407572746277,0.004740757274627694
2024-08-21_07,62,-38000,38000,0.348,0.3534865081310272,0.005486508131027246
2024-08-21_07,63,-19000,38000,0.3229,0.3290044367313385,0.006104436731338481
2024-08-21_07,64,0,38000,0.314,0.32024863362312317,0.006248633623123168
2024-08-21_07,65,19000,38000,0.3261,0.3326210379600525,0.006521037960052489
2024-08-21_07,66,38000,38000,0.3549,0.3602643609046936,0.00536436090469361
2024-08-21_07,67,57000,38000,0.3988,0.405339777469635,0.006539777469635022
2024-08-21_07,68,76000,38000,0.2765,0.29910382628440857,0.022603826284408546
2024-08-21_07,69,-76000,57000,0.3093,0.31965550780296326,0.010355507802963237
2024-08-21_07,70,-57000,57000,0.2065,0.1835351437330246,-0.022964856266975392
2024-08-21_07,71,-38000,57000,0.3815,0.38682788610458374,0.0053278861045837345
2024-08-21_07,72,-19000,57000,0.3566,0.36202389001846313,0.005423890018463162
2024-08-21_07,73,0,57000,0.3481,0.35436496138572693,0.006264961385726908
2024-08-21_07,74,19000,57000,0.3592,0.36536458134651184,0.0061645813465118215
2024-08-21_07,75,38000,57000,0.3864,0.39243435859680176,0.006034358596801737
2024-08-21_07,76,57000,57000,0.2081,0.18926963210105896,-0.018830367898941047
2024-08-21_07,77,76000,57000,0.3009,0.3153702914714813,0.014470291471481322
2024-08-21_07,78,-57000,76000,0.2967,0.31420063972473145,0.017500639724731426
2024-08-21_07,79,-38000,76000,0.209,0.19279845058918,-0.01620154941082
2024-08-21_07,80,-19000,76000,0.4046,0.40876778960227966,0.004167789602279648
2024-08-21_07,81,0,76000,0.3953,0.4017077386379242,0.00640773863792421
2024-08-21_07,82,19000,76000,0.4063,0.4112429618835449,0.004942961883544927
2024-08-21_07,83,38000,76000,0.21,0.20480915904045105,-0.005190840959548942
2024-08-21_07,84,57000,76000,0.2925,0.3126988410949707,0.02019884109497072
2024-08-21_07,85,-19000,95000,0.2798,0.3045266568660736,0.024726656866073615
2024-08-21_07,86,0,95000,0.2826,0.3094981610774994,0.026898161077499372
2024-08-21_07,87,19000,95000,0.2765,0.2995431125164032,0.023043112516403175
2024-08-21_08,0,-19000,-95000,0.33,0.32662633061408997,-0.0033736693859100497
2024-08-21_08,1,0,-95000,0.3459,0.34741538763046265,0.0015153876304626612
2024-08-21_08,2,19000,-95000,0.3387,0.3355294466018677,-0.0031705533981323253
2024-08-21_08,3,-57000,-76000,0.3461,0.35378432273864746,0.007684322738647442
2024-08-21_08,4,-38000,-76000,0.2957,0.29998114705085754,0.0042811470508575256
2024-08-21_08,5,-19000,-76000,0.2784,0.2733485996723175,-0.005051400327682476
2024-08-21_08,6,0,-76000,0.2728,0.28668978810310364,0.01388978810310365
2024-08-21_08,7,19000,-76000,0.2812,0.2764314115047455,-0.004768588495254522
2024-08-21_08,8,38000,-76000,0.2962,0.30234774947166443,0.00614774947166441
2024-08-21_08,9,57000,-76000,0.3356,0.3437706530094147,0.008170653009414663
2024-08-21_08,10,-76000,-57000,0.3388,0.35077762603759766,0.011977626037597666
2024-08-21_08,11,-57000,-57000,0.2821,0.27270710468292236,-0.009392895317077654
2024-08-21_08,12,-38000,-57000,0.2063,0.2734318673610687,0.06713186736106871
2024-08-21_08,13,-19000,-57000,0.404,0.40574535727500916,0.0017453572750091295
2024-08-21_08,14,0,-57000,0.3963,0.398540735244751,0.002240735244750991
2024-08-21_08,15,19000,-57000,0.406,0.4086602032184601,0.0026602032184600555
2024-08-21_08,16,38000,-57000,0.2081,0.27087417244911194,0.06277417244911193
2024-08-21_08,17,57000,-57000,0.2831,0.27896204590797424,-0.004137954092025775
2024-08-21_08,18,76000,-57000,0.3309,0.34076642990112305,0.00986642990112302
2024-08-21_08,19,-76000,-38000,0.2901,0.29324576258659363,0.0031457625865936034
2024-08-21_08,20,-57000,-38000,0.2043,0.2933749258518219,0.08907492585182189
2024-08-21_08,21,-38000,-38000,0.3813,0.3833669424057007,0.0020669424057007113
2024-08-21_08,22,-19000,-38000,0.3549,0.35596194863319397,0.0010619486331939765
2024-08-21_08,23,0,-38000,0.3456,0.34744584560394287,0.0018458456039428528
2024-08-21_08,24,19000,-38000,0.3577,0.3598126471042633,0.0021126471042632877
2024-08-21_08,25,38000,-38000,0.3856,0.38827505707740784,0.0026750570774078386
2024-08-21_08,26,57000,-38000,0.2071,0.2658424377441406,0.05874243774414062
2024-08-21_08,27,76000,-38000,0.291,0.299911767244339,0.008911767244339008
2024-08-21_08,28,-95000,-19000,0.307,0.3107433319091797,0.0037433319091796924
2024-08-21_08,29,-76000,-19000,0.2619,0.29572054743766785,0.033820547437667825
2024-08-21_08,30,-57000,-19000,0.3912,0.3934330344200134,0.0022330344200134356
2024-08-21_08,31,-38000,-19000,0.3474,0.3490707576274872,0.001670757627487196
2024-08-21_08,32,-19000,-19000,0.3193,0.3211536407470703,0.0018536407470703398
2024-08-21_08,33,0,-19000,0.3089,0.3102464973926544,0.001346497392654411
2024-08-21_08,34,19000,-19000,0.3226,0.32427582144737244,0.0016758214473724387
2024-08-21_08,35,38000,-19000,0.3528,0.35462039709091187,0.0018203970909118627
2024-08-21_08,36,57000,-19000,0.3985,0.40050286054611206,0.0020028605461120397
2024-08-21_08,37,76000,-19000,0.2709,0.2815978527069092,0.010697852706909206
2024-08-21_08,38,95000,-19000,0.315,0.3144071400165558,-0.0005928599834442161
2024-08-21_08,39,-95000,0,0.3215,0.32778599858283997,0.006285998582839958
2024-08-21_08,40,-76000,0,0.208,0.2712252140045166,0.06322521400451661
2024-08-21_08,41,-57000,0,0.3752,0.37734144926071167,0.002141449260711692
2024-08-21_08,42,-38000,0,0.3316,0.3333693742752075,0.0017693742752075137
2024-08-21_08,43,-19000,0,0.3022,0.3042466342449188,0.002046634244918799
2024-08-21_08,44,19000,0,0.306,0.3075292408466339,0.001529240846633917
2024-08-21_08,45,38000,0,0.3388,0.34000134468078613,0.0012013446807861428
2024-08-21_08,46,57000,0,0.3846,0.3868906497955322,0.002290649795532229
2024-08-21_08,47,76000,0,0.21,0.2785297930240631,0.06852979302406312
2024-08-21_08,48,95000,0,0.3164,0.3289812207221985,0.012581220722198472
2024-08-21_08,49,-95000,19000,0.3,0.30307072401046753,0.0030707240104675404
2024-08-21_08,50,-76000,19000,0.2089,0.26843565702438354,0.05953565702438354
2024-08-21_08,51,-57000,19000,0.3755,0.37694865465164185,0.0014486546516418453
2024-08-21_08,52,-38000,19000,0.3323,0.3333713114261627,0.0010713114261627354
2024-08-21_08,53,-19000,19000,0.3052,0.30646586418151855,0.0012658641815185279
2024-08-21_08,54,0,19000,0.2963,0.29799017310142517,0.001690173101425163
2024-08-21_08,55,19000,19000,0.3091,0.310558557510376,0.0014585575103759907
2024-08-21_08,56,38000,19000,0.3397,0.34182867407798767,0.002128674077987669
2024-08-21_08,57,57000,19000,0.3858,0.38801199197769165,0.002211991977691674
2024-08-21_08,58,76000,19000,0.2109,0.2823726534843445,0.07147265348434448
2024-08-21_08,59,95000,19000,0.3051,0.31318533420562744,0.008085334205627459
2024-08-21_08,60,-76000,38000,0.2709,0.27705293893814087,0.006152938938140895
2024-08-21_08,61,-57000,38000,0.3923,0.3945420980453491,0.002242098045349139
2024-08-21_08,62,-38000,38000,0.3503,0.35231342911720276,0.0020134291172027585
2024-08-21_08,63,-19000,38000,0.3254,0.32767435908317566,0.0022743590831756366
2024-08-21_08,64,0,38000,0.3168,0.318884938955307,0.002084938955306981
2024-08-21_08,65,19000,38000,0.3292,0.33082056045532227,0.001620560455322273
2024-08-21_08,66,38000,38000,0.3579,0.3597441017627716,0.0018441017627716105
2024-08-21_08,67,57000,38000,0.4021,0.40327706933021545,0.0011770693302154411
2024-08-21_08,68,76000,38000,0.2784,0.27135100960731506,-0.007048990392684917
2024-08-21_08,69,-76000,57000,0.311,0.31442269682884216,0.0034226968288421644
2024-08-21_08,70,-57000,57000,0.2071,0.2657865583896637,0.05868655838966369
2024-08-21_08,71,-38000,57000,0.3836,0.38531675934791565,0.0017167593479156529
2024-08-21_08,72,-19000,57000,0.3588,0.360413521528244,0.0016135215282440107
2024-08-21_08,73,0,57000,0.3507,0.3519337475299835,0.0012337475299835088
2024-08-21_08,74,19000,57000,0.3622,0.3639557659626007,0.001755765962600686
2024-08-21_08,75,38000,57000,0.3895,0.3916550576686859,0.0021550576686859
2024-08-21_08,76,57000,57000,0.21,0.2599232494831085,0.04992324948310853
2024-08-21_08,77,76000,57000,0.3023,0.3065953254699707,0.00429532546997069
2024-08-21_08,78,-57000,76000,0.2976,0.30088725686073303,0.0032872568607330566
2024-08-21_08,79,-38000,76000,0.21,0.2645030617713928,0.05450306177139283
2024-08-21_08,80,-19000,76000,0.4071,0.40865641832351685,0.0015564183235168283
2024-08-21_08,81,0,76000,0.398,0.40019530057907104,0.0021953005790710245
2024-08-21_08,82,19000,76000,0.4093,0.4114222526550293,0.0021222526550292997
2024-08-21_08,83,38000,76000,0.21,0.27457693219184875,0.06457693219184876
2024-08-21_08,84,57000,76000,0.2962,0.2965678572654724,0.0003678572654723933
2024-08-21_08,85,-19000,95000,0.2812,0.2829015254974365,0.001701525497436518
2024-08-21_08,86,0,95000,0.284,0.2806192636489868,-0.0033807363510131583
2024-08-21_08,87,19000,95000,0.2789,0.2886381447315216,0.009738144731521625
2024-08-21_10,0,-19000,-95000,0.3215,0.3392755389213562,0.017775538921356193
2024-08-21_10,1,0,-95000,0.3489,0.37744006514549255,0.028540065145492566
2024-08-21_10,2,19000,-95000,0.3412,0.34949615597724915,0.008296155977249142
2024-08-21_10,3,-57000,-76000,0.3501,0.37591248750686646,0.025812487506866433
2024-08-21_10,4,-38000,-76000,0.2976,0.31397560238838196,0.016375602388381982
2024-08-21_10,5,-19000,-76000,0.2812,0.2982653081417084,0.01706530814170837
2024-08-21_10,6,0,-76000,0.276,0.28482645750045776,0.00882645750045774
2024-08-21_10,7,19000,-76000,0.2838,0.3105550706386566,0.02675507063865662
2024-08-21_10,8,38000,-76000,0.2981,0.31257912516593933,0.014479125165939355
2024-08-21_10,9,57000,-76000,0.3416,0.3598231375217438,0.01822313752174376
2024-08-21_10,10,-76000,-57000,0.3422,0.3713937997817993,0.029193799781799312
2024-08-21_10,11,-57000,-57000,0.285,0.3016200363636017,0.01662003636360171
2024-08-21_10,12,-38000,-57000,0.2081,0.279275119304657,0.07117511930465698
2024-08-21_10,13,-19000,-57000,0.4075,0.40067222714424133,-0.00682777285575864
2024-08-21_10,14,0,-57000,0.4001,0.3954107463359833,-0.004689253664016735
2024-08-21_10,15,19000,-57000,0.4099,0.4034120738506317,-0.006487926149368273
2024-08-21_10,16,38000,-57000,0.2089,0.2801819145679474,0.07128191456794739
2024-08-21_10,17,57000,-57000,0.2854,0.2982056140899658,0.012805614089965833
2024-08-21_10,18,76000,-57000,0.3365,0.348768949508667,0.012268949508666971
2024-08-21_10,19,-76000,-38000,0.2915,0.3100474178791046,0.018547417879104633
2024-08-21_10,20,-57000,-38000,0.2053,0.3067004084587097,0.1014004084587097
2024-08-21_10,21,-38000,-38000,0.3848,0.3806058168411255,-0.004194183158874487
2024-08-21_10,22,-19000,-38000,0.3585,0.3529336452484131,-0.005566354751586899
2024-08-21_10,23,0,-38000,0.3496,0.3431324064731598,-0.006467593526840232
2024-08-21_10,24,19000,-38000,0.3616,0.35637080669403076,-0.005229193305969215
2024-08-21_10,25,38000,-38000,0.3898,0.384612500667572,-0.005187499332427958
2024-08-21_10,26,57000,-38000,0.2078,0.2828967571258545,0.07509675712585448
2024-08-21_10,27,76000,-38000,0.2939,0.3057515025138855,0.011851502513885503
2024-08-21_10,28,-95000,-19000,0.3082,0.3293970823287964,0.021197082328796413
2024-08-21_10,29,-76000,-19000,0.2662,0.2641088664531708,-0.002091133546829216
2024-08-21_10,30,-57000,-19000,0.3946,0.38802000880241394,-0.006579991197586066
2024-08-21_10,31,-38000,-19000,0.3508,0.34469476342201233,-0.006105236577987672
2024-08-21_10,32,-19000,-19000,0.323,0.3172566294670105,-0.005743370532989511
2024-08-21_10,33,0,-19000,0.3131,0.3055623173713684,-0.007537682628631581
2024-08-21_10,34,19000,-19000,0.3268,0.3221503794193268,-0.004649620580673197
2024-08-21_10,35,38000,-19000,0.3568,0.35149049758911133,-0.005309502410888678
2024-08-21_10,36,57000,-19000,0.4022,0.39608868956565857,-0.006111310434341433
2024-08-21_10,37,76000,-19000,0.2737,0.27064940333366394,-0.0030505966663360584
2024-08-21_10,38,95000,-19000,0.3164,0.3406190276145935,0.02421902761459349
2024-08-21_10,39,-95000,0,0.322,0.3420265316963196,0.02002653169631957
2024-08-21_10,40,-76000,0,0.2081,0.28635746240615845,0.07825746240615844
2024-08-21_10,41,-57000,0,0.3788,0.37256887555122375,-0.006231124448776271
2024-08-21_10,42,-38000,0,0.3353,0.32819539308547974,-0.007104606914520251
2024-08-21_10,43,-19000,0,0.3062,0.3000187277793884,-0.0061812722206116
2024-08-21_10,44,19000,0,0.3102,0.3030872941017151,-0.007112705898284888
2024-08-21_10,45,38000,0,0.343,0.33617523312568665,-0.006824766874313382
2024-08-21_10,46,57000,0,0.3883,0.382937490940094,-0.005362509059905984
2024-08-21_10,47,76000,0,0.2597,0.250943660736084,-0.008756339263916002
2024-08-21_10,48,95000,0,0.3206,0.33352527022361755,0.012925270223617558
2024-08-21_10,49,-95000,19000,0.3014,0.32602906227111816,0.024629062271118163
2024-08-21_10,50,-76000,19000,0.209,0.2804288864135742,0.07142888641357423
2024-08-21_10,51,-57000,19000,0.3792,0.3739907741546631,-0.005209225845336896
2024-08-21_10,52,-38000,19000,0.3362,0.32967016100883484,-0.00652983899116516
2024-08-21_10,53,-19000,19000,0.3091,0.3034059703350067,-0.005694029664993272
2024-08-21_10,54,0,19000,0.3005,0.29363489151000977,-0.006865108489990224
2024-08-21_10,55,19000,19000,0.3132,0.30626851320266724,-0.006931486797332742
2024-08-21_10,56,38000,19000,0.3439,0.33737343549728394,-0.006526564502716048
2024-08-21_10,57,57000,19000,0.3896,0.383002370595932,-0.006597629404067995
2024-08-21_10,58,76000,19000,0.2632,0.2525542974472046,-0.0106457025527954
2024-08-21_10,59,95000,19000,0.3075,0.3268958628177643,0.019395862817764287
2024-08-21_10,60,-76000,38000,0.2728,0.30310437083244324,0.03030437083244325
2024-08-21_10,61,-57000,38000,0.396,0.388971745967865,-0.007028254032135028
2024-08-21_10,62,-38000,38000,0.3541,0.3482336103916168,-0.0058663896083832046
2024-08-21_10,63,-19000,38000,0.3295,0.32266828417778015,-0.006831715822219864
2024-08-21_10,64,0,38000,0.3212,0.3145540952682495,-0.006645904731750474
2024-08-21_10,65,19000,38000,0.3335,0.32643845677375793,-0.007061543226242084
2024-08-21_10,66,38000,38000,0.3619,0.3552309572696686,-0.00666904273033142
2024-08-21_10,67,57000,38000,0.4056,0.3981283903121948,-0.007471609687805192
2024-08-21_10,68,76000,38000,0.2807,0.29141804575920105,0.010718045759201045
2024-08-21_10,69,-76000,57000,0.3107,0.3347417414188385,0.024041741418838525
2024-08-21_10,70,-57000,57000,0.208,0.2837800085544586,0.07578000855445863
2024-08-21_10,71,-38000,57000,0.3873,0.3818033039569855,-0.005496696043014504
2024-08-21_10,72,-19000,57000,0.3629,0.35634300112724304,-0.006556998872756958
2024-08-21_10,73,0,57000,0.3547,0.3477974236011505,-0.006902576398849503
2024-08-21_10,74,19000,57000,0.3662,0.3606830835342407,-0.005516916465759303
2024-08-21_10,75,38000,57000,0.3931,0.38884228467941284,-0.004257715320587163
2024-08-21_10,76,57000,57000,0.21,0.27045631408691406,0.06045631408691407
2024-08-21_10,77,76000,57000,0.3037,0.32983267307281494,0.026132673072814916
2024-08-21_10,78,-57000,76000,0.3014,0.3101804554462433,0.008780455446243285
2024-08-21_10,79,-38000,76000,0.21,0.28269070386886597,0.07269070386886597
2024-08-21_10,80,-19000,76000,0.4109,0.4045441150665283,-0.006355884933471667
2024-08-21_10,81,0,76000,0.4018,0.39672228693962097,-0.005077713060379019
2024-08-21_10,82,19000,76000,0.4144,0.40552109479904175,-0.008878905200958243
2024-08-21_10,83,38000,76000,0.21,0.23951686918735504,0.02951686918735505
2024-08-21_10,84,57000,76000,0.2957,0.30860334634780884,0.01290334634780882
2024-08-21_10,85,-19000,95000,0.2845,0.30008456110954285,0.015584561109542872
2024-08-21_10,86,0,95000,0.2859,0.31060126423835754,0.024701264238357556
2024-08-21_10,87,19000,95000,0.2821,0.30316925048828125,0.021069250488281233
2024-08-22_01,0,-19000,-95000,0.3089,0.3694937229156494,0.060593722915649406
2024-08-22_01,1,0,-95000,0.3271,0.3796559274196625,0.052555927419662474
2024-08-22_01,2,19000,-95000,0.3267,0.38436296582221985,0.05766296582221986
2024-08-22_01,3,-57000,-76000,0.3234,0.3934691250324249,0.0700691250324249
2024-08-22_01,4,-38000,-76000,0.2826,0.3490617573261261,0.06646175732612608
2024-08-22_01,5,-19000,-76000,0.21,0.3363596796989441,0.1263596796989441
2024-08-22_01,6,0,-76000,0.21,0.30192404985427856,0.09192404985427857
2024-08-22_01,7,19000,-76000,0.2662,0.3354853093624115,0.0692853093624115
2024-08-22_01,8,38000,-76000,0.2868,0.34388405084609985,0.057084050846099854
2024-08-22_01,9,57000,-76000,0.3206,0.38787853717803955,0.06727853717803955
2024-08-22_01,10,-76000,-57000,0.3126,0.3773450553417206,0.06474505534172059
2024-08-22_01,11,-57000,-57000,0.2089,0.33301979303359985,0.12411979303359985
2024-08-22_01,12,-38000,-57000,0.4057,0.43512094020843506,0.029420940208435054
2024-08-22_01,13,-19000,-57000,0.3805,0.38541215658187866,0.004912156581878657
2024-08-22_01,14,0,-57000,0.3732,0.3758328855037689,0.0026328855037689447
2024-08-22_01,15,19000,-57000,0.3839,0.3869349956512451,0.003034995651245098
2024-08-22_01,16,38000,-57000,0.4107,0.3795255720615387,-0.031174427938461313
2024-08-22_01,17,57000,-57000,0.2681,0.35852253437042236,0.09042253437042236
2024-08-22_01,18,76000,-57000,0.3159,0.3870616555213928,0.07116165552139281
2024-08-22_01,19,-76000,-38000,0.2718,0.33854687213897705,0.06674687213897706
2024-08-22_01,20,-57000,-38000,0.3972,0.42219650745391846,0.02499650745391846
2024-08-22_01,21,-38000,-38000,0.3554,0.35919830203056335,0.003798302030563361
2024-08-22_01,22,-19000,-38000,0.3283,0.3343459963798523,0.006045996379852314
2024-08-22_01,23,0,-38000,0.3195,0.32276567816734314,0.0032656781673431334
2024-08-22_01,24,19000,-38000,0.3321,0.3366439640522003,0.004543964052200311
2024-08-22_01,25,38000,-38000,0.3615,0.36540210247039795,0.003902102470397961
2024-08-22_01,26,57000,-38000,0.406,0.43556520342826843,0.029565203428268405
2024-08-22_01,27,76000,-38000,0.2798,0.3514291048049927,0.07162910480499268
2024-08-22_01,28,-95000,-19000,0.2948,0.3577417731285095,0.06294177312850952
2024-08-22_01,29,-76000,-19000,0.2049,0.315690279006958,0.11079027900695801
2024-08-22_01,30,-57000,-19000,0.3643,0.36903947591781616,0.004739475917816149
2024-08-22_01,31,-38000,-19000,0.3191,0.3238312304019928,0.004731230401992803
2024-08-22_01,32,-19000,-19000,0.2907,0.29364854097366333,0.002948540973663316
2024-08-22_01,33,0,-19000,0.2808,0.2861557900905609,0.005355790090560919
2024-08-22_01,34,19000,-19000,0.2951,0.300641268491745,0.005541268491745022
2024-08-22_01,35,38000,-19000,0.326,0.3304685056209564,0.004468505620956409
2024-08-22_01,36,57000,-19000,0.375,0.3779584765434265,0.0029584765434265137
2024-08-22_01,37,76000,-19000,0.2093,0.30813369154930115,0.09883369154930113
2024-08-22_01,38,95000,-19000,0.3028,0.3680633008480072,0.06526330084800719
2024-08-22_01,39,-95000,0,0.3,0.3739801347255707,0.07398013472557069
2024-08-22_01,40,-76000,0,0.4059,0.43968188762664795,0.033781887626647966
2024-08-22_01,41,-57000,0,0.347,0.35180115699768066,0.004801156997680689
2024-08-22_01,42,-38000,0,0.3023,0.30637964606285095,0.004079646062850939
2024-08-22_01,43,-19000,0,0.2725,0.27530527114868164,0.0028052711486816206
2024-08-22_01,44,19000,0,0.2775,0.2811521589756012,0.003652158975601172
2024-08-22_01,45,38000,0,0.3109,0.3143098056316376,0.0034098056316375636
2024-08-22_01,46,57000,0,0.36,0.363527774810791,0.003527774810791029
2024-08-22_01,47,76000,0,0.4213,0.2777605950832367,-0.1435394049167633
2024-08-22_01,48,95000,0,0.3046,0.3568267524242401,0.05222675242424013
2024-08-22_01,49,-95000,19000,0.2854,0.33749568462371826,0.052095684623718275
2024-08-22_01,50,-76000,19000,0.4059,0.44330108165740967,0.037401081657409685
2024-08-22_01,51,-57000,19000,0.3465,0.35189002752304077,0.005390027523040797
2024-08-22_01,52,-38000,19000,0.3024,0.30721315741539,0.0048131574153900125
2024-08-22_01,53,-19000,19000,0.275,0.27825894951820374,0.003258949518203713
2024-08-22_01,54,0,19000,0.2663,0.26869577169418335,0.0023957716941833684
2024-08-22_01,55,19000,19000,0.2796,0.2839583158493042,0.004358315849304184
2024-08-22_01,56,38000,19000,0.3117,0.31473755836486816,0.003037558364868187
2024-08-22_01,57,57000,19000,0.3607,0.3637647032737732,0.0030647032737731728
2024-08-22_01,58,76000,19000,0.2053,0.2871273458003998,0.08182734580039977
2024-08-22_01,59,95000,19000,0.2946,0.3443373739719391,0.049737373971939114
2024-08-22_01,60,-76000,38000,0.2063,0.29081183671951294,0.08451183671951293
2024-08-22_01,61,-57000,38000,0.3637,0.36935198307037354,0.005651983070373512
2024-08-22_01,62,-38000,38000,0.3205,0.32487770915031433,0.004377709150314324
2024-08-22_01,63,-19000,38000,0.2949,0.29995784163475037,0.005057841634750371
2024-08-22_01,64,0,38000,0.2865,0.29135754704475403,0.004857547044754051
2024-08-22_01,65,19000,38000,0.2997,0.3041097819805145,0.004409781980514504
2024-08-22_01,66,38000,38000,0.3302,0.3345659077167511,0.004365907716751105
2024-08-22_01,67,57000,38000,0.3776,0.38047149777412415,0.0028714977741241543
2024-08-22_01,68,76000,38000,0.2104,0.30393362045288086,0.09353362045288086
2024-08-22_01,69,-76000,57000,0.2887,0.33658918738365173,0.04788918738365172
2024-08-22_01,70,-57000,57000,0.3992,0.4336756467819214,0.03447564678192139
2024-08-22_01,71,-38000,57000,0.3548,0.35873734951019287,0.003937349510192867
2024-08-22_01,72,-19000,57000,0.3294,0.3339214622974396,0.004521462297439549
2024-08-22_01,73,0,57000,0.3211,0.3255598545074463,0.0044598545074462925
2024-08-22_01,74,19000,57000,0.3342,0.3387770354747772,0.004577035474777225
2024-08-22_01,75,38000,57000,0.3636,0.367140531539917,0.0035405315399170134
2024-08-22_01,76,57000,57000,0.4105,0.4339419901371002,0.023441990137100244
2024-08-22_01,77,76000,57000,0.2906,0.34408092498779297,0.053480924987792944
2024-08-22_01,78,-57000,76000,0.2812,0.3431587219238281,0.06195872192382812
2024-08-22_01,79,-38000,76000,0.4095,0.4326285123825073,0.02312851238250735
2024-08-22_01,80,-19000,76000,0.3802,0.3828737437725067,0.0026737437725067315
2024-08-22_01,81,0,76000,0.3712,0.37579089403152466,0.004590894031524684
2024-08-22_01,82,19000,76000,0.3842,0.38800784945487976,0.0038078494548797748
2024-08-22_01,83,38000,76000,0.4143,0.3504912555217743,-0.06380874447822571
2024-08-22_01,84,57000,76000,0.2798,0.33550652861595154,0.055706528615951545
2024-08-22_01,85,-19000,95000,0.21,0.31637948751449585,0.10637948751449586
2024-08-22_01,86,0,95000,0.21,0.3073435425758362,0.09734354257583619
2024-08-22_01,87,19000,95000,0.2089,0.3055245578289032,0.0966245578289032
2024-08-22_02,0,-19000,-95000,0.3103,0.4512135684490204,0.14091356844902037
2024-08-22_02,1,0,-95000,0.3328,0.4575805962085724,0.1247805962085724
2024-08-22_02,2,19000,-95000,0.3243,0.4533146321773529,0.12901463217735293
2024-08-22_02,3,-57000,-76000,0.3271,0.4719952344894409,0.14489523448944092
2024-08-22_02,4,-38000,-76000,0.2859,0.4137435555458069,0.1278435555458069
2024-08-22_02,5,-19000,-76000,0.2617,0.4370575547218323,0.1753575547218323
2024-08-22_02,6,0,-76000,0.21,0.41945934295654297,0.20945934295654298
2024-08-22_02,7,19000,-76000,0.2695,0.4335123300552368,0.1640123300552368
2024-08-22_02,8,38000,-76000,0.2882,0.4206153154373169,0.13241531543731688
2024-08-22_02,9,57000,-76000,0.3215,0.46449512243270874,0.14299512243270873
2024-08-22_02,10,-76000,-57000,0.3164,0.46017351746559143,0.14377351746559142
2024-08-22_02,11,-57000,-57000,0.2643,0.4228476285934448,0.15854762859344484
2024-08-22_02,12,-38000,-57000,0.4097,0.4463464319705963,0.036646431970596305
2024-08-22_02,13,-19000,-57000,0.3847,0.38648721575737,0.0017872157573700087
2024-08-22_02,14,0,-57000,0.3772,0.3766683042049408,-0.0005316957950591839
2024-08-22_02,15,19000,-57000,0.3876,0.38824930787086487,0.0006493078708648681
2024-08-22_02,16,38000,-57000,0.4136,0.41967111825942993,0.0060711182594299085
2024-08-22_02,17,57000,-57000,0.2695,0.42941033840179443,0.15991033840179442
2024-08-22_02,18,76000,-57000,0.3159,0.45316553115844727,0.13726553115844725
2024-08-22_02,19,-76000,-38000,0.2756,0.3953617513179779,0.1197617513179779
2024-08-22_02,20,-57000,-38000,0.4016,0.40963685512542725,0.008036855125427234
2024-08-22_02,21,-38000,-38000,0.3604,0.361806720495224,0.0014067204952240009
2024-08-22_02,22,-19000,-38000,0.3339,0.33668047189712524,0.0027804718971252695
2024-08-22_02,23,0,-38000,0.3247,0.3251153826713562,0.00041538267135621254
2024-08-22_02,24,19000,-38000,0.3389,0.3377896547317505,-0.0011103452682494908
2024-08-22_02,25,38000,-38000,0.3659,0.3655087947845459,-0.0003912052154541046
2024-08-22_02,26,57000,-38000,0.4086,0.4239010810852051,0.01530108108520506
2024-08-22_02,27,76000,-38000,0.2803,0.4194035530090332,0.1391035530090332
2024-08-22_02,28,-95000,-19000,0.2967,0.43214988708496094,0.13544988708496092
2024-08-22_02,29,-76000,-19000,0.2069,0.4230566620826721,0.21615666208267212
2024-08-22_02,30,-57000,-19000,0.3696,0.3707781136035919,0.0011781136035919348
2024-08-22_02,31,-38000,-19000,0.325,0.32505908608436584,5.9086084365833624e-05
2024-08-22_02,32,-19000,-19000,0.297,0.2960721552371979,-0.0009278447628021103
2024-08-22_02,33,0,-19000,0.2868,0.2857162654399872,-0.0010837345600128168
2024-08-22_02,34,19000,-19000,0.3006,0.3006548583507538,5.485835075380585e-05
2024-08-22_02,35,38000,-19000,0.3308,0.33018001914024353,-0.0006199808597564527
2024-08-22_02,36,57000,-19000,0.3781,0.3786533772945404,0.0005533772945404136
2024-08-22_02,37,76000,-19000,0.21,0.4173037111759186,0.2073037111759186
2024-08-22_02,38,95000,-19000,0.3028,0.43108952045440674,0.12828952045440672
2024-08-22_02,39,-95000,0,0.3037,0.4415542483329773,0.13785424833297727
2024-08-22_02,40,-76000,0,0.4101,0.4320783019065857,0.021978301906585673
2024-08-22_02,41,-57000,0,0.3525,0.3523390293121338,-0.00016097068786619095
2024-08-22_02,42,-38000,0,0.3079,0.30805760622024536,0.0001576062202453543
2024-08-22_02,43,-19000,0,0.279,0.2771119773387909,-0.0018880226612091322
2024-08-22_02,44,19000,0,0.283,0.28155162930488586,-0.0014483706951141095
2024-08-22_02,45,38000,0,0.3156,0.3158382475376129,0.0002382475376129234
2024-08-22_02,46,57000,0,0.3632,0.3632810413837433,8.10413837432633e-05
2024-08-22_02,47,76000,0,0.2053,0.4051421582698822,0.1998421582698822
2024-08-22_02,48,95000,0,0.3039,0.4162674844264984,0.11236748442649841
2024-08-22_02,49,-95000,19000,0.2873,0.3981218636035919,0.11082186360359192
2024-08-22_02,50,-76000,19000,0.4101,0.44531577825546265,0.035215778255462626
2024-08-22_02,51,-57000,19000,0.3518,0.353412002325058,0.0016120023250579818
2024-08-22_02,52,-38000,19000,0.308,0.30901971459388733,0.001019714593887333
2024-08-22_02,53,-19000,19000,0.2811,0.27993565797805786,-0.0011643420219421552
2024-08-22_02,54,0,19000,0.2724,0.27051958441734314,-0.0018804155826568358
2024-08-22_02,55,19000,19000,0.2851,0.284926176071167,-0.00017382392883302789
2024-08-22_02,56,38000,19000,0.3161,0.31662431359291077,0.0005243135929107745
2024-08-22_02,57,57000,19000,0.3638,0.36378100514411926,-1.899485588074956e-05
2024-08-22_02,58,76000,19000,0.2062,0.3838428854942322,0.17764288549423218
2024-08-22_02,59,95000,19000,0.2939,0.4017956852912903,0.10789568529129029
2024-08-22_02,60,-76000,38000,0.208,0.40140876173973083,0.19340876173973084
2024-08-22_02,61,-57000,38000,0.368,0.37055814266204834,0.002558142662048346
2024-08-22_02,62,-38000,38000,0.3257,0.3255722224712372,-0.0001277775287628069
2024-08-22_02,63,-19000,38000,0.3003,0.3006688952445984,0.0003688952445983773
2024-08-22_02,64,0,38000,0.2921,0.2937026023864746,0.001602602386474583
2024-08-22_02,65,19000,38000,0.3046,0.30447086691856384,-0.0001291330814361391
2024-08-22_02,66,38000,38000,0.3342,0.334159791469574,-4.020853042602246e-05
2024-08-22_02,67,57000,38000,0.3799,0.38044998049736023,0.000549980497360214
2024-08-22_02,68,76000,38000,0.2109,0.4359143078327179,0.2250143078327179
2024-08-22_02,69,-76000,57000,0.2922,0.384207546710968,0.092007546710968
2024-08-22_02,70,-57000,57000,0.403,0.4215720295906067,0.018572029590606665
2024-08-22_02,71,-38000,57000,0.3587,0.35984352231025696,0.0011435223102569392
2024-08-22_02,72,-19000,57000,0.3339,0.33475667238235474,0.0008566723823547617
2024-08-22_02,73,0,57000,0.3258,0.3265130817890167,0.0007130817890167451
2024-08-22_02,74,19000,57000,0.3379,0.34007376432418823,0.0021737643241882543
2024-08-22_02,75,38000,57000,0.3661,0.36820876598358154,0.002108765983581562
2024-08-22_02,76,57000,57000,0.4119,0.42515829205513,0.013258292055130017
2024-08-22_02,77,76000,57000,0.2906,0.40739795565605164,0.11679795565605161
2024-08-22_02,78,-57000,76000,0.2821,0.410473108291626,0.12837310829162596
2024-08-22_02,79,-38000,76000,0.41,0.4304935038089752,0.020493503808975244
2024-08-22_02,80,-19000,76000,0.3825,0.38423776626586914,0.001737766265869134
2024-08-22_02,81,0,76000,0.3737,0.3772445619106293,0.003544561910629296
2024-08-22_02,82,19000,76000,0.386,0.388541042804718,0.002541042804718008
2024-08-22_02,83,38000,76000,0.4154,0.44012516736984253,0.024725167369842538
2024-08-22_02,84,57000,76000,0.2803,0.3989427089691162,0.11864270896911622
2024-08-22_02,85,-19000,95000,0.209,0.4294235408306122,0.2204235408306122
2024-08-22_02,86,0,95000,0.21,0.4195694327354431,0.20956943273544312
2024-08-22_02,87,19000,95000,0.209,0.42975643277168274,0.22075643277168275
2024-08-22_03,0,-19000,-95000,0.3173,0.3962605595588684,0.07896055955886838
2024-08-22_03,1,0,-95000,0.3332,0.4250592589378357,0.0918592589378357
2024-08-22_03,2,19000,-95000,0.3253,0.38884174823760986,0.06354174823760989
2024-08-22_03,3,-57000,-76000,0.33,0.4336855411529541,0.10368554115295409
2024-08-22_03,4,-38000,-76000,0.2859,0.34781092405319214,0.06191092405319215
2024-08-22_03,5,-19000,-76000,0.2617,0.35737302899360657,0.09567302899360658
2024-08-22_03,6,0,-76000,0.209,0.33702513575553894,0.12802513575553895
2024-08-22_03,7,19000,-76000,0.269,0.35247325897216797,0.08347325897216795
2024-08-22_03,8,38000,-76000,0.2882,0.36307772994041443,0.07487772994041442
2024-08-22_03,9,57000,-76000,0.3215,0.4076974391937256,0.08619743919372558
2024-08-22_03,10,-76000,-57000,0.3178,0.3959202766418457,0.07812027664184568
2024-08-22_03,11,-57000,-57000,0.2653,0.35208195447921753,0.08678195447921755
2024-08-22_03,12,-38000,-57000,0.4098,0.2974063754081726,-0.11239362459182739
2024-08-22_03,13,-19000,-57000,0.3848,0.3969549536705017,0.012154953670501734
2024-08-22_03,14,0,-57000,0.3771,0.3955932557582855,0.01849325575828553
2024-08-22_03,15,19000,-57000,0.3874,0.40390846133232117,0.016508461332321145
2024-08-22_03,16,38000,-57000,0.4136,0.3042786419391632,-0.10932135806083682
2024-08-22_03,17,57000,-57000,0.27,0.3395138084888458,0.06951380848884581
2024-08-22_03,18,76000,-57000,0.3164,0.3972996771335602,0.08089967713356017
2024-08-22_03,19,-76000,-38000,0.2765,0.3477424383163452,0.07124243831634519
2024-08-22_03,20,-57000,-38000,0.4019,0.32345739006996155,-0.07844260993003843
2024-08-22_03,21,-38000,-38000,0.3604,0.38122743368148804,0.02082743368148804
2024-08-22_03,22,-19000,-38000,0.3337,0.3541721701622009,0.02047217016220093
2024-08-22_03,23,0,-38000,0.3245,0.3421291708946228,0.017629170894622792
2024-08-22_03,24,19000,-38000,0.3367,0.3552815318107605,0.0185815318107605
2024-08-22_03,25,38000,-38000,0.3656,0.3850560188293457,0.019456018829345723
2024-08-22_03,26,57000,-38000,0.4087,0.3163270652294159,-0.09237293477058411
2024-08-22_03,27,76000,-38000,0.2803,0.35945963859558105,0.07915963859558106
2024-08-22_03,28,-95000,-19000,0.2997,0.3801954388618469,0.0804954388618469
2024-08-22_03,29,-76000,-19000,0.2069,0.3125901520252228,0.10569015202522278
2024-08-22_03,30,-57000,-19000,0.3697,0.3904658257961273,0.020765825796127346
2024-08-22_03,31,-38000,-19000,0.325,0.3436185121536255,0.018618512153625477
2024-08-22_03,32,-19000,-19000,0.2968,0.31595489382743835,0.019154893827438346
2024-08-22_03,33,0,-19000,0.2867,0.30582839250564575,0.01912839250564574
2024-08-22_03,34,19000,-19000,0.3004,0.3198090195655823,0.019409019565582275
2024-08-22_03,35,38000,-19000,0.3306,0.3507486581802368,0.02014865818023681
2024-08-22_03,36,57000,-19000,0.3784,0.3950110673904419,0.01661106739044188
2024-08-22_03,37,76000,-19000,0.21,0.32715925574302673,0.11715925574302674
2024-08-22_03,38,95000,-19000,0.3037,0.3933856785297394,0.08968567852973935
2024-08-22_03,39,-95000,0,0.3046,0.3944033682346344,0.08980336823463442
2024-08-22_03,40,-76000,0,0.4112,0.32528260350227356,-0.08591739649772645
2024-08-22_03,41,-57000,0,0.3527,0.3734598755836487,0.020759875583648668
2024-08-22_03,42,-38000,0,0.3083,0.32835474610328674,0.020054746103286725
2024-08-22_03,43,-19000,0,0.279,0.29946279525756836,0.020462795257568334
2024-08-22_03,44,19000,0,0.283,0.30296778678894043,0.019967786788940456
2024-08-22_03,45,38000,0,0.3158,0.3361622989177704,0.02036229891777036
2024-08-22_03,46,57000,0,0.3635,0.3807360529899597,0.017236052989959727
2024-08-22_03,47,76000,0,0.2053,0.285915344953537,0.08061534495353698
2024-08-22_03,48,95000,0,0.3056,0.3737151324748993,0.06811513247489931
2024-08-22_03,49,-95000,19000,0.2878,0.37109220027923584,0.08329220027923584
2024-08-22_03,50,-76000,19000,0.411,0.3012527823448181,-0.10974721765518186
2024-08-22_03,51,-57000,19000,0.3523,0.3728608787059784,0.02056087870597839
2024-08-22_03,52,-38000,19000,0.3084,0.3313814103603363,0.022981410360336296
2024-08-22_03,53,-19000,19000,0.2812,0.30390664935112,0.02270664935111999
2024-08-22_03,54,0,19000,0.2728,0.2932264506816864,0.020426450681686414
2024-08-22_03,55,19000,19000,0.2853,0.30526837706565857,0.01996837706565857
2024-08-22_03,56,38000,19000,0.3164,0.33659473061561584,0.02019473061561583
2024-08-22_03,57,57000,19000,0.3642,0.3815813362598419,0.017381336259841895
2024-08-22_03,58,76000,19000,0.2062,0.30051133036613464,0.09431133036613465
2024-08-22_03,59,95000,19000,0.2953,0.37181419134140015,0.07651419134140014
2024-08-22_03,60,-76000,38000,0.2081,0.3569847047328949,0.1488847047328949
2024-08-22_03,61,-57000,38000,0.369,0.38874104619026184,0.019741046190261846
2024-08-22_03,62,-38000,38000,0.3262,0.3488001525402069,0.02260015254020692
2024-08-22_03,63,-19000,38000,0.3009,0.32423049211502075,0.02333049211502075
2024-08-22_03,64,0,38000,0.2927,0.3144868016242981,0.02178680162429808
2024-08-22_03,65,19000,38000,0.3053,0.3270112872123718,0.02171128721237181
2024-08-22_03,66,38000,38000,0.3346,0.35454636812210083,0.01994636812210082
2024-08-22_03,67,57000,38000,0.3806,0.40011948347091675,0.019519483470916754
2024-08-22_03,68,76000,38000,0.2109,0.3370945453643799,0.12619454536437988
2024-08-22_03,69,-76000,57000,0.2946,0.3660113513469696,0.07141135134696963
2024-08-22_03,70,-57000,57000,0.4041,0.3271782696247101,-0.07692173037528993
2024-08-22_03,71,-38000,57000,0.3597,0.38030102849006653,0.02060102849006651
2024-08-22_03,72,-19000,57000,0.3346,0.35424110293388367,0.01964110293388366
2024-08-22_03,73,0,57000,0.3266,0.34829241037368774,0.021692410373687743
2024-08-22_03,74,19000,57000,0.3387,0.35898664593696594,0.02028664593696594
2024-08-22_03,75,38000,57000,0.3673,0.3872774541378021,0.01997745413780211
2024-08-22_03,76,57000,57000,0.4132,0.3132878243923187,-0.09991217560768129
2024-08-22_03,77,76000,57000,0.292,0.36988624930381775,0.07788624930381777
2024-08-22_03,78,-57000,76000,0.284,0.3629586696624756,0.07895866966247561
2024-08-22_03,79,-38000,76000,0.4109,0.31858137249946594,-0.09231862750053405
2024-08-22_03,80,-19000,76000,0.3839,0.40267932415008545,0.01877932415008543
2024-08-22_03,81,0,76000,0.3752,0.3973295986652374,0.02212959866523745
2024-08-22_03,82,19000,76000,0.3874,0.407848060131073,0.020448060131072976
2024-08-22_03,83,38000,76000,0.4166,0.30701684951782227,-0.10958315048217776
2024-08-22_03,84,57000,76000,0.2831,0.36185917258262634,0.07875917258262632
2024-08-22_03,85,-19000,95000,0.2612,0.36212030053138733,0.10092030053138734
2024-08-22_03,86,0,95000,0.2653,0.37638556957244873,0.11108556957244875
2024-08-22_03,87,19000,95000,0.2092,0.3619721531867981,0.1527721531867981
2024-08-22_04,0,-19000,-95000,0.5281,0.32146987318992615,-0.20663012681007387
2024-08-22_04,1,0,-95000,0.5531,0.3491753339767456,-0.20392466602325443
2024-08-22_04,2,19000,-95000,0.5407,0.3464065194129944,-0.19429348058700557
2024-08-22_04,3,-57000,-76000,0.5451,0.3476308584213257,-0.19746914157867435
2024-08-22_04,4,-38000,-76000,0.4847,0.3101544678211212,-0.1745455321788788
2024-08-22_04,5,-19000,-76000,0.461,0.25581565499305725,-0.20518434500694277
2024-08-22_04,6,0,-76000,0.1923,0.23013518750667572,0.03783518750667572
2024-08-22_04,7,19000,-76000,0.4578,0.2709042727947235,-0.18689572720527647
2024-08-22_04,8,38000,-76000,0.4843,0.3021083474159241,-0.18219165258407594
2024-08-22_04,9,57000,-76000,0.541,0.3408508896827698,-0.20014911031723026
2024-08-22_04,10,-76000,-57000,0.5389,0.33015385270118713,-0.2087461472988129
2024-08-22_04,11,-57000,-57000,0.46,0.2716769278049469,-0.18832307219505312
2024-08-22_04,12,-38000,-57000,0.418,0.41414639353752136,-0.0038536064624786204
2024-08-22_04,13,-19000,-57000,0.3894,0.38869035243988037,-0.0007096475601196528
2024-08-22_04,14,0,-57000,0.37366497,0.3808177709579468,0.007152800957946792
2024-08-22_04,15,19000,-57000,0.3913,0.38947582244873047,-0.0018241775512695124
2024-08-22_04,16,38000,-57000,0.4176,0.38989028334617615,-0.02770971665382388
2024-08-22_04,17,57000,-57000,0.4617,0.2832963466644287,-0.1784036533355713
2024-08-22_04,18,76000,-57000,0.5352,0.32951533794403076,-0.20568466205596925
2024-08-22_04,19,-76000,-38000,0.4711,0.2884206175804138,-0.1826793824195862
2024-08-22_04,20,-57000,-38000,0.4073,0.39284515380859375,-0.014454846191406245
2024-08-22_04,21,-38000,-38000,0.3653,0.36442965269088745,-0.0008703473091125624
2024-08-22_04,22,-19000,-38000,0.362872085,0.3372076749801636,-0.025664410019836437
2024-08-22_04,23,0,-38000,0.3177,0.3273159861564636,0.00961598615646364
2024-08-22_04,24,19000,-38000,0.3425,0.3396308124065399,-0.0028691875934601097
2024-08-22_04,25,38000,-38000,0.3705,0.36838099360466003,-0.002119006395339962
2024-08-22_04,26,57000,-38000,0.4137,0.38689708709716797,-0.026802912902832043
2024-08-22_04,27,76000,-38000,0.4761,0.29725611209869385,-0.17884388790130618
2024-08-22_04,28,-95000,-19000,0.5078,0.3140375316143036,-0.19376246838569644
2024-08-22_04,29,-76000,-19000,0.4347,0.24773423373699188,-0.1869657662630081
2024-08-22_04,30,-57000,-19000,0.375,0.373161256313324,-0.0018387436866760254
2024-08-22_04,31,-38000,-19000,0.3286,0.3295326828956604,0.0009326828956603972
2024-08-22_04,32,-19000,-19000,0.3,0.300976037979126,0.0009760379791259877
2024-08-22_04,33,0,-19000,0.2922,0.2901274561882019,-0.002072543811798111
2024-08-22_04,34,19000,-19000,0.3066,0.3039509057998657,-0.002649094200134261
2024-08-22_04,35,38000,-19000,0.3358,0.33518311381340027,-0.0006168861865997188
2024-08-22_04,36,57000,-19000,0.3818,0.3819998800754547,0.00019988007545473918
2024-08-22_04,37,76000,-19000,0.4514,0.25333261489868164,-0.19806738510131838
2024-08-22_04,38,95000,-19000,0.5154,0.3189270496368408,-0.19647295036315915
2024-08-22_04,39,-95000,0,0.5228,0.33267438411712646,-0.19012561588287358
2024-08-22_04,40,-76000,0,0.4169,0.38188591599464417,-0.03501408400535583
2024-08-22_04,41,-57000,0,0.3589,0.357469379901886,-0.0014306200981140105
2024-08-22_04,42,-38000,0,0.312,0.31393295526504517,0.0019329552650451665
2024-08-22_04,43,-19000,0,0.2718,0.2817469835281372,0.009946983528137221
2024-08-22_04,44,19000,0,0.2877,0.28670305013656616,-0.0009969498634338492
2024-08-22_04,45,38000,0,0.3216,0.3180580735206604,-0.0035419264793395966
2024-08-22_04,46,57000,0,0.3667,0.3655641973018646,-0.001135802698135402
2024-08-22_04,47,76000,0,0.1913,0.2522985637187958,0.06099856371879578
2024-08-22_04,48,95000,0,0.1974,0.3181512951850891,0.12075129518508912
2024-08-22_04,49,-95000,19000,0.2803,0.30610907077789307,0.025809070777893073
2024-08-22_04,50,-76000,19000,0.4167,0.37618041038513184,-0.04051958961486818
2024-08-22_04,51,-57000,19000,0.3585,0.35663464665412903,-0.001865353345870957
2024-08-22_04,52,-38000,19000,0.3132,0.3114737868309021,-0.0017262131690978788
2024-08-22_04,53,-19000,19000,0.2852,0.28532424569129944,0.00012424569129942942
2024-08-22_04,54,0,19000,0.2777,0.27469953894615173,-0.003000461053848269
2024-08-22_04,55,19000,19000,0.2911,0.28823626041412354,-0.0028637395858764902
2024-08-22_04,56,38000,19000,0.3208,0.3184555470943451,-0.0023444529056548813
2024-08-22_04,57,57000,19000,0.3667,0.3674493134021759,0.0007493134021758774
2024-08-22_04,58,76000,19000,0.1916,0.23461735248565674,0.043017352485656746
2024-08-22_04,59,95000,19000,0.1967,0.3127049505710602,0.11600495057106017
2024-08-22_04,60,-76000,38000,0.2687,0.24501731991767883,-0.02368268008232116
2024-08-22_04,61,-57000,38000,0.3745,0.37263432145118713,-0.0018656785488128658
2024-08-22_04,62,-38000,38000,0.3239,0.3297155201435089,0.00581552014350889
2024-08-22_04,63,-19000,38000,0.3018,0.30457839369773865,0.0027783936977386348
2024-08-22_04,64,0,38000,0.2989,0.29597562551498413,-0.002924374485015868
2024-08-22_04,65,19000,38000,0.3115,0.308209091424942,-0.0032909085750579825
2024-08-22_04,66,38000,38000,0.3351,0.3363633155822754,0.0012633155822753817
2024-08-22_04,67,57000,38000,0.3846,0.3832909166812897,-0.0013090833187103246
2024-08-22_04,68,76000,38000,0.4586,0.23941057920455933,-0.21918942079544068
2024-08-22_04,69,-76000,57000,0.2959,0.30282729864120483,0.006927298641204838
2024-08-22_04,70,-57000,57000,0.4095,0.38323795795440674,-0.026262042045593237
2024-08-22_04,71,-38000,57000,0.365,0.3651342988014221,0.00013429880142212802
2024-08-22_04,72,-19000,57000,0.3406,0.3371988534927368,-0.0034011465072631974
2024-08-22_04,73,0,57000,0.352048353,0.33183377981185913,-0.02021457318814085
2024-08-22_04,74,19000,57000,0.345,0.34240037202835083,-0.0025996279716491433
2024-08-22_04,75,38000,57000,0.3723,0.3706020712852478,-0.001697928714752217
2024-08-22_04,76,57000,57000,0.4203,0.38618800044059753,-0.03411199955940247
2024-08-22_04,77,76000,57000,0.5,0.3120605945587158,-0.18793940544128418
2024-08-22_04,78,-57000,76000,0.4849,0.29766160249710083,-0.18723839750289917
2024-08-22_04,79,-38000,76000,0.419,0.39661407470703125,-0.022385925292968734
2024-08-22_04,80,-19000,76000,0.379183853,0.38751861453056335,0.00833476153056334
2024-08-22_04,81,0,76000,0.3805,0.37764784693717957,-0.0028521530628204395
2024-08-22_04,82,19000,76000,0.3922,0.389456570148468,-0.0027434298515319755
2024-08-22_04,83,38000,76000,0.4222,0.3928280174732208,-0.029371982526779195
2024-08-22_04,84,57000,76000,0.4804,0.3027023375034332,-0.17769766249656677
2024-08-22_04,85,-19000,95000,0.4577,0.2562077045440674,-0.2014922954559326
2024-08-22_04,86,0,95000,0.394867372,0.26277968287467957,-0.13208768912532043
2024-08-22_04,87,19000,95000,0.4519,0.2453010380268097,-0.20659896197319033
